hospital,region,longitude,latitude,specialty,bed_type,total_beds,sus_beds
Hospital Cristo Redentor,Cristo Redentor,-51.1599997,-30.0099721,Buco Maxilo Facial,Cirúrgico,7,7
Irmandade da Santa Casa de Misericórdia de Porto Alegre,Centro Histórico,-51.2217197,-30.0301294,Buco Maxilo Facial,Cirúrgico,1,1
Hospital Divina Providência,Glória,-51.188816,-30.0851342,Cardiologia,Cirúrgico,6,0
Hospital Mãe de Deus,Menino Deus,-51.2316227,-30.0591926,Cardiologia,Cirúrgico,46,0
Hospital Moinhos de Vento,Moinhos de Vento,-51.2111042,-30.024954,Cardiologia,Cirúrgico,19,0
Hospital Nossa Senhora da Conceição,Cristo Redentor,-51.1633281,-30.0160754,Cardiologia,Cirúrgico,48,48
Instituto de Cardiologia,Santana,-51.2115909,-30.0491281,Cardiologia,Cirúrgico,158,51
Irmandade da Santa Casa de Misericórdia de Porto Alegre,Centro Histórico,-51.2217197,-30.0301294,Cardiologia,Cirúrgico,53,22
Hospital Santa Ana,Teresópolis,-51.2095088,-30.0866803,Cirurgia Geral,Cirúrgico,1,1
Associação Hospitalar Vila Nova,Vila Nova,-51.2122291,-30.1194333,Cirurgia Geral,Cirúrgico,17,17
HBMPA,Vila Assunção,-51.2536893,-30.0979289,Cirurgia Geral,Cirúrgico,54,0
Blanc Hospital,Santana,-51.2105084,-30.0458046,Cirurgia Geral,Cirúrgico,5,0
Hospital Cristo Redentor,Cristo Redentor,-51.1599997,-30.0099721,Cirurgia Geral,Cirúrgico,15,15
Hospital de Clínicas,Santa Cecília,-51.2092274,-30.0387902,Cirurgia Geral,Cirúrgico,217,164
Hospital Divina Providência,Glória,-51.188816,-30.0851342,Cirurgia Geral,Cirúrgico,6,0
Hospital Ernesto Dornelles,Azenha,-51.2147465,-30.0477777,Cirurgia Geral,Cirúrgico,100,0
Hospital Fêmina,Rio Branco,-51.2093418,-30.0293513,Cirurgia Geral,Cirúrgico,2,2
Hospital Mãe de Deus,Menino Deus,-51.2316227,-30.0591926,Cirurgia Geral,Cirúrgico,16,1
Hospital Materno Infantil Presidente Vargas,Independência,-51.2174568,-30.0295465,Cirurgia Geral,Cirúrgico,1,1
Hospital Moinhos de Vento,Moinhos de Vento,-51.2111042,-30.024954,Cirurgia Geral,Cirúrgico,84,0
Hospital Nossa Senhora da Conceição,Cristo Redentor,-51.1633281,-30.0160754,Cirurgia Geral,Cirúrgico,69,69
Hospital Porto Alegre ABSM,Moinhos de Vento,-51.2108879,-30.0247051,Cirurgia Geral,Cirúrgico,7,0
Hospital Restinga e Extremo-Sul,Restinga,-51.1313177,-30.1426278,Cirurgia Geral,Cirúrgico,17,17
Hospital São Lucas da PUCRS,Jardim Botânico,-51.1759716,-30.0552646,Cirurgia Geral,Cirúrgico,130,42
HPS,Bom Fim,-51.2114172,-30.0362194,Cirurgia Geral,Cirúrgico,21,21
Irmandade da Santa Casa de Misericórdia de Porto Alegre,Centro Histórico,-51.2217197,-30.0301294,Cirurgia Geral,Cirúrgico,49,19
Hospital Mãe de Deus,Menino Deus,-51.2316227,-30.0591926,Endocrinologia,Cirúrgico,1,0
Hospital Nossa Senhora da Conceição,Cristo Redentor,-51.1633281,-30.0160754,Endocrinologia,Cirúrgico,1,1
Hospital Divina Providência,Glória,-51.188816,-30.0851342,Gastroenterologia,Cirúrgico,6,0
Hospital Mãe de Deus,Menino Deus,-51.2316227,-30.0591926,Gastroenterologia,Cirúrgico,4,0
Hospital Divina Providência,Glória,-51.188816,-30.0851342,Ginecologia,Cirúrgico,2,0
Hospital Fêmina,Rio Branco,-51.2093418,-30.0293513,Ginecologia,Cirúrgico,17,17
Hospital Materno Infantil Presidente Vargas,Independência,-51.2174568,-30.0295465,Ginecologia,Cirúrgico,8,8
Hospital Moinhos de Vento,Moinhos de Vento,-51.2111042,-30.024954,Ginecologia,Cirúrgico,4,0
Hospital Nossa Senhora da Conceição,Cristo Redentor,-51.1633281,-30.0160754,Ginecologia,Cirúrgico,14,14
Irmandade da Santa Casa de Misericórdia de Porto Alegre,Centro Histórico,-51.2217197,-30.0301294,Ginecologia,Cirúrgico,1,1
Hospital Divina Providência,Glória,-51.188816,-30.0851342,Nefrologiaurologia,Cirúrgico,2,0
Hospital Mãe de Deus,Menino Deus,-51.2316227,-30.0591926,Nefrologiaurologia,Cirúrgico,13,0
Hospital Moinhos de Vento,Moinhos de Vento,-51.2111042,-30.024954,Nefrologiaurologia,Cirúrgico,4,0
Hospital Nossa Senhora da Conceição,Cristo Redentor,-51.1633281,-30.0160754,Nefrologiaurologia,Cirúrgico,26,26
Irmandade da Santa Casa de Misericórdia de Porto Alegre,Centro Histórico,-51.2217197,-30.0301294,Nefrologiaurologia,Cirúrgico,8,8
Hospital Cristo Redentor,Cristo Redentor,-51.1599997,-30.0099721,Neurocirurgia,Cirúrgico,64,64
Hospital Divina Providência,Glória,-51.188816,-30.0851342,Neurocirurgia,Cirúrgico,4,0
Hospital Mãe de Deus,Menino Deus,-51.2316227,-30.0591926,Neurocirurgia,Cirúrgico,9,0
Hospital Moinhos de Vento,Moinhos de Vento,-51.2111042,-30.024954,Neurocirurgia,Cirúrgico,19,0
Hospital Nossa Senhora da Conceição,Cristo Redentor,-51.1633281,-30.0160754,Neurocirurgia,Cirúrgico,1,1
HPS,Bom Fim,-51.2114172,-30.0362194,Neurocirurgia,Cirúrgico,15,15
Irmandade da Santa Casa de Misericórdia de Porto Alegre,Centro Histórico,-51.2217197,-30.0301294,Neurocirurgia,Cirúrgico,32,4
Hospital Banco de Olhos,Vila Ipiranga,-51.1566647,-30.0223563,Oftalmologia,Cirúrgico,20,12
Hospital Divina Providência,Glória,-51.188816,-30.0851342,Oftalmologia,Cirúrgico,1,0
Hospital Nossa Senhora da Conceição,Cristo Redentor,-51.1633281,-30.0160754,Oftalmologia,Cirúrgico,1,1
Hospital Mãe de Deus,Menino Deus,-51.2316227,-30.0591926,Oncologia,Cirúrgico,5,0
Hospital Nossa Senhora da Conceição,Cristo Redentor,-51.1633281,-30.0160754,Oncologia,Cirúrgico,10,10
Irmandade da Santa Casa de Misericórdia de Porto Alegre,Centro Histórico,-51.2217197,-30.0301294,Oncologia,Cirúrgico,79,30
Hospital Cristo Redentor,Cristo Redentor,-51.1599997,-30.0099721,Ortopediatraumatologia,Cirúrgico,85,85
Hospital Divina Providência,Glória,-51.188816,-30.0851342,Ortopediatraumatologia,Cirúrgico,8,0
Hospital Independência,Agronomia,-51.1503044,-30.0613951,Ortopediatraumatologia,Cirúrgico,119,119
Hospital Mãe de Deus,Menino Deus,-51.2316227,-30.0591926,Ortopediatraumatologia,Cirúrgico,19,0
Hospital Moinhos de Vento,Moinhos de Vento,-51.2111042,-30.024954,Ortopediatraumatologia,Cirúrgico,25,0
Hospital Nossa Senhora da Conceição,Cristo Redentor,-51.1633281,-30.0160754,Ortopediatraumatologia,Cirúrgico,1,1
HPS,Bom Fim,-51.2114172,-30.0362194,Ortopediatraumatologia,Cirúrgico,22,22
Irmandade da Santa Casa de Misericórdia de Porto Alegre,Centro Histórico,-51.2217197,-30.0301294,Ortopediatraumatologia,Cirúrgico,10,8
Hospital Divina Providência,Glória,-51.188816,-30.0851342,Otorrinolaringologia,Cirúrgico,1,0
Hospital Mãe de Deus,Menino Deus,-51.2316227,-30.0591926,Otorrinolaringologia,Cirúrgico,2,0
Hospital Nossa Senhora da Conceição,Cristo Redentor,-51.1633281,-30.0160754,Otorrinolaringologia,Cirúrgico,1,1
Irmandade da Santa Casa de Misericórdia de Porto Alegre,Centro Histórico,-51.2217197,-30.0301294,Otorrinolaringologia,Cirúrgico,2,2
Hospital Cristo Redentor,Cristo Redentor,-51.1599997,-30.0099721,Plastica,Cirúrgico,17,17
Hospital Divina Providência,Glória,-51.188816,-30.0851342,Plastica,Cirúrgico,1,0
Hospital Fêmina,Rio Branco,-51.2093418,-30.0293513,Plastica,Cirúrgico,1,1
Hospital Mãe de Deus,Menino Deus,-51.2316227,-30.0591926,Plastica,Cirúrgico,1,0
Hospital Moinhos de Vento,Moinhos de Vento,-51.2111042,-30.024954,Plastica,Cirúrgico,2,0
Hospital Nossa Senhora da Conceição,Cristo Redentor,-51.1633281,-30.0160754,Plastica,Cirúrgico,1,1
Irmandade da Santa Casa de Misericórdia de Porto Alegre,Centro Histórico,-51.2217197,-30.0301294,Plastica,Cirúrgico,2,1
Hospital Divina Providência,Glória,-51.188816,-30.0851342,Torácica,Cirúrgico,1,0
Hospital Mãe de Deus,Menino Deus,-51.2316227,-30.0591926,Torácica,Cirúrgico,2,0
Hospital Moinhos de Vento,Moinhos de Vento,-51.2111042,-30.024954,Torácica,Cirúrgico,2,0
Hospital Nossa Senhora da Conceição,Cristo Redentor,-51.1633281,-30.0160754,Torácica,Cirúrgico,19,19
Irmandade da Santa Casa de Misericórdia de Porto Alegre,Centro Histórico,-51.2217197,-30.0301294,Torácica,Cirúrgico,37,14
Hospital Divina Providência,Glória,-51.188816,-30.0851342,Transplante,Cirúrgico,1,0
Hospital Moinhos de Vento,Moinhos de Vento,-51.2111042,-30.024954,Transplante,Cirúrgico,2,0
Irmandade da Santa Casa de Misericórdia de Porto Alegre,Centro Histórico,-51.2217197,-30.0301294,Transplante,Cirúrgico,56,45
Associação Hospitalar Vila Nova,Vila Nova,-51.2122291,-30.1194333,AIDS,Clínico,40,40
Hospital Nossa Senhora da Conceição,Cristo Redentor,-51.1633281,-30.0160754,AIDS,Clínico,26,26
Hospital Divina Providência,Glória,-51.188816,-30.0851342,Cardiologia,Clínico,10,0
Hospital Moinhos de Vento,Moinhos de Vento,-51.2111042,-30.024954,Cardiologia,Clínico,37,0
Hospital Nossa Senhora da Conceição,Cristo Redentor,-51.1633281,-30.0160754,Cardiologia,Clínico,32,32
Instituto de Cardiologia,Santana,-51.2115909,-30.0491281,Cardiologia,Clínico,102,45
Irmandade da Santa Casa de Misericórdia de Porto Alegre,Centro Histórico,-51.2217197,-30.0301294,Cardiologia,Clínico,21,0
Hospital Santa Ana,Teresópolis,-51.2095088,-30.0866803,Clínica Geral,Clínico,68,68
Associação Hospitalar Vila Nova,Vila Nova,-51.2122291,-30.1194333,Clínica Geral,Clínico,442,442
HBMPA,Vila Assunção,-51.2536893,-30.0979289,Clínica Geral,Clínico,28,0
Hospital Cristo Redentor,Cristo Redentor,-51.1599997,-30.0099721,Clínica Geral,Clínico,9,9
Hospital de Clínicas,Santa Cecília,-51.2092274,-30.0387902,Clínica Geral,Clínico,263,221
Hospital Divina Providência,Glória,-51.188816,-30.0851342,Clínica Geral,Clínico,41,1
Hospital Ernesto Dornelles,Azenha,-51.2147465,-30.0477777,Clínica Geral,Clínico,163,0
Hospital Humaniza,Independência,-51.2124233,-30.0248614,Clínica Geral,Clínico,50,0
Hospital Independência,Agronomia,-51.1503044,-30.0613951,Clínica Geral,Clínico,5,5
Hospital Mãe de Deus,Menino Deus,-51.2316227,-30.0591926,Clínica Geral,Clínico,54,0
Hospital Materno Infantil Presidente Vargas,Independência,-51.2174568,-30.0295465,Clínica Geral,Clínico,1,1
Hospital Moinhos de Vento,Moinhos de Vento,-51.2111042,-30.024954,Clínica Geral,Clínico,36,0
Hospital Nossa Senhora da Conceição,Cristo Redentor,-51.1633281,-30.0160754,Clínica Geral,Clínico,222,222
Hospital Porto Alegre ABSM,Moinhos de Vento,-51.2108879,-30.0247051,Clínica Geral,Clínico,10,6
Hospital Restinga e Extremo-Sul,Restinga,-51.1313177,-30.1426278,Clínica Geral,Clínico,45,45
Hospital São Lucas da PUCRS,Jardim Botânico,-51.1759716,-30.0552646,Clínica Geral,Clínico,179,116
HPS,Bom Fim,-51.2114172,-30.0362194,Clínica Geral,Clínico,10,10
Irmandade da Santa Casa de Misericórdia de Porto Alegre,Centro Histórico,-51.2217197,-30.0301294,Clínica Geral,Clínico,159,50
Hospital Divina Providência,Glória,-51.188816,-30.0851342,Dermatologia,Clínico,1,0
Hospital Mãe de Deus,Menino Deus,-51.2316227,-30.0591926,Geriatria,Clínico,2,0
Hospital Mãe de Deus,Menino Deus,-51.2316227,-30.0591926,Hematologia,Clínico,11,0
Hospital Moinhos de Vento,Moinhos de Vento,-51.2111042,-30.024954,Hematologia,Clínico,8,0
Hospital Nossa Senhora da Conceição,Cristo Redentor,-51.1633281,-30.0160754,Hematologia,Clínico,20,20
Hospital Divina Providência,Glória,-51.188816,-30.0851342,Nefrourologia,Clínico,6,0
Hospital Moinhos de Vento,Moinhos de Vento,-51.2111042,-30.024954,Nefrourologia,Clínico,4,0
Hospital Moinhos de Vento,Moinhos de Vento,-51.2111042,-30.024954,Neonatologia,Clínico,10,0
Hospital Divina Providência,Glória,-51.188816,-30.0851342,Neurologia,Clínico,8,0
Hospital Mãe de Deus,Menino Deus,-51.2316227,-30.0591926,Neurologia,Clínico,20,0
Hospital Moinhos de Vento,Moinhos de Vento,-51.2111042,-30.024954,Neurologia,Clínico,10,0
Hospital Nossa Senhora da Conceição,Cristo Redentor,-51.1633281,-30.0160754,Neurologia,Clínico,19,19
Irmandade da Santa Casa de Misericórdia de Porto Alegre,Centro Histórico,-51.2217197,-30.0301294,Neurologia,Clínico,32,16
Hospital Divina Providência,Glória,-51.188816,-30.0851342,Oncologia,Clínico,5,0
Hospital Fêmina,Rio Branco,-51.2093418,-30.0293513,Oncologia,Clínico,44,44
Hospital Mãe de Deus,Menino Deus,-51.2316227,-30.0591926,Oncologia,Clínico,18,0
Hospital Moinhos de Vento,Moinhos de Vento,-51.2111042,-30.024954,Oncologia,Clínico,28,0
Hospital Nossa Senhora da Conceição,Cristo Redentor,-51.1633281,-30.0160754,Oncologia,Clínico,22,22
Irmandade da Santa Casa de Misericórdia de Porto Alegre,Centro Histórico,-51.2217197,-30.0301294,Oncologia,Clínico,97,23
Hospital Divina Providência,Glória,-51.188816,-30.0851342,Pneumologia,Clínico,5,0
Hospital Mãe de Deus,Menino Deus,-51.2316227,-30.0591926,Pneumologia,Clínico,1,0
Hospital Nossa Senhora da Conceição,Cristo Redentor,-51.1633281,-30.0160754,Pneumologia,Clínico,28,28
Irmandade da Santa Casa de Misericórdia de Porto Alegre,Centro Histórico,-51.2217197,-30.0301294,Pneumologia,Clínico,36,0
Hospital Santa Ana,Teresópolis,-51.2095088,-30.0866803,Saúde Mental,Clínico,60,60
Hospital de Clínicas,Santa Cecília,-51.2092274,-30.0387902,Saúde Mental,Clínico,46,46
HBMPA,Vila Assunção,-51.2536893,-30.0979289,Obstetrícia Cirúrgica,Obstétrico,2,0
Hospital de Clínicas,Santa Cecília,-51.2092274,-30.0387902,Obstetrícia Cirúrgica,Obstétrico,44,42
Hospital Divina Providência,Glória,-51.188816,-30.0851342,Obstetrícia Cirúrgica,Obstétrico,26,0
Hospital Fêmina,Rio Branco,-51.2093418,-30.0293513,Obstetrícia Cirúrgica,Obstétrico,14,14
Hospital Militar de Área de Porto Alegre,Auxiliadora,-51.195396,-30.0185252,Obstetrícia Cirúrgica,Obstétrico,5,0
Hospital Mãe de Deus,Menino Deus,-51.2316227,-30.0591926,Obstetrícia Cirúrgica,Obstétrico,18,0
Hospital Materno Infantil Presidente Vargas,Independência,-51.2174568,-30.0295465,Obstetrícia Cirúrgica,Obstétrico,26,26
Hospital Moinhos de Vento,Moinhos de Vento,-51.2111042,-30.024954,Obstetrícia Cirúrgica,Obstétrico,30,0
Hospital Nossa Senhora da Conceição,Cristo Redentor,-51.1633281,-30.0160754,Obstetrícia Cirúrgica,Obstétrico,21,21
Instituto de Cardiologia,Santana,-51.2115909,-30.0491281,Obstetrícia Cirúrgica,Obstétrico,2,1
Irmandade da Santa Casa de Misericórdia de Porto Alegre,Centro Histórico,-51.2217197,-30.0301294,Obstetrícia Cirúrgica,Obstétrico,41,21
HBMPA,Vila Assunção,-51.2536893,-30.0979289,Obstetrícia Clínica,Obstétrico,1,0
Hospital de Clínicas,Santa Cecília,-51.2092274,-30.0387902,Obstetrícia Clínica,Obstétrico,6,6
Hospital Divina Providência,Glória,-51.188816,-30.0851342,Obstetrícia Clínica,Obstétrico,5,0
Hospital Fêmina,Rio Branco,-51.2093418,-30.0293513,Obstetrícia Clínica,Obstétrico,36,36
Hospital Materno Infantil Presidente Vargas,Independência,-51.2174568,-30.0295465,Obstetrícia Clínica,Obstétrico,16,16
Hospital Moinhos de Vento,Moinhos de Vento,-51.2111042,-30.024954,Obstetrícia Clínica,Obstétrico,6,0
Hospital Nossa Senhora da Conceição,Cristo Redentor,-51.1633281,-30.0160754,Obstetrícia Clínica,Obstétrico,41,41
Irmandade da Santa Casa de Misericórdia de Porto Alegre,Centro Histórico,-51.2217197,-30.0301294,Obstetrícia Clínica,Obstétrico,6,6
Associação Hospitalar Vila Nova,Vila Nova,-51.2122291,-30.1194333,Pediatria Clínica,Pediátrico,20,20
Hospital Cristo Redentor,Cristo Redentor,-51.1599997,-30.0099721,Pediatria Clínica,Pediátrico,2,2
Hospital de Clínicas,Santa Cecília,-51.2092274,-30.0387902,Pediatria Clínica,Pediátrico,90,81
Hospital Fêmina,Rio Branco,-51.2093418,-30.0293513,Pediatria Clínica,Pediátrico,3,3
Hospital Materno Infantil Presidente Vargas,Independência,-51.2174568,-30.0295465,Pediatria Clínica,Pediátrico,50,50
Hospital Moinhos de Vento,Moinhos de Vento,-51.2111042,-30.024954,Pediatria Clínica,Pediátrico,32,0
Hospital Nossa Senhora da Conceição,Cristo Redentor,-51.1633281,-30.0160754,Pediatria Clínica,Pediátrico,113,113
Hospital Restinga e Extremo-Sul,Restinga,-51.1313177,-30.1426278,Pediatria Clínica,Pediátrico,61,61
HPS,Bom Fim,-51.2114172,-30.0362194,Pediatria Clínica,Pediátrico,7,7
Instituto de Cardiologia,Santana,-51.2115909,-30.0491281,Pediatria Clínica,Pediátrico,16,12
Irmandade da Santa Casa de Misericórdia de Porto Alegre,Centro Histórico,-51.2217197,-30.0301294,Pediatria Clínica,Pediátrico,52,30
Hospital Cristo Redentor,Cristo Redentor,-51.1599997,-30.0099721,Pediatria Cirúrigica,Pediátrico,4,4
Hospital de Clínicas,Santa Cecília,-51.2092274,-30.0387902,Pediatria Cirúrigica,Pediátrico,14,6
Hospital Materno Infantil Presidente Vargas,Independência,-51.2174568,-30.0295465,Pediatria Cirúrigica,Pediátrico,3,3
Hospital Moinhos de Vento,Moinhos de Vento,-51.2111042,-30.024954,Pediatria Cirúrigica,Pediátrico,10,0
Hospital Nossa Senhora da Conceição,Cristo Redentor,-51.1633281,-30.0160754,Pediatria Cirúrigica,Pediátrico,1,1
Irmandade da Santa Casa de Misericórdia de Porto Alegre,Centro Histórico,-51.2217197,-30.0301294,Pediatria Cirúrigica,Pediátrico,68,30
Hospital Santa Ana,Teresópolis,-51.2095088,-30.0866803,Crônicos,Outras Especialidades,56,56
Hospital de Clínicas,Santa Cecília,-51.2092274,-30.0387902,Crônicos,Outras Especialidades,4,4
Associação Hospitalar Vila Nova,Vila Nova,-51.2122291,-30.1194333,Psiquiatria,Outras Especialidades,78,78
HBMPA,Vila Assunção,-51.2536893,-30.0979289,Psiquiatria,Outras Especialidades,18,0
HEPA,Teresópolis,-51.2089115,-30.0871043,Psiquiatria,Outras Especialidades,264,159
Hospital de Clínicas,Santa Cecília,-51.2092274,-30.0387902,Psiquiatria,Outras Especialidades,15,0
Hospital Materno Infantil Presidente Vargas,Independência,-51.2174568,-30.0295465,Psiquiatria,Outras Especialidades,24,24
Hospital Nossa Senhora da Conceição,Cristo Redentor,-51.1633281,-30.0160754,Psiquiatria,Outras Especialidades,22,22
Hospital Psiquiátrico São Pedro,Partenon,-51.1926463,-30.0608419,Psiquiatria,Outras Especialidades,140,140
Hospital São Lucas da PUCRS,Jardim Botânico,-51.1759716,-30.0552646,Psiquiatria,Outras Especialidades,12,0
HPS,Bom Fim,-51.2114172,-30.0362194,Psiquiatria,Outras Especialidades,1,1
Hospital Sanatório Partenon,Partenon,-51.181423,-30.0632822,Pneumologia Sanitária,Outras Especialidades,65,65
Day Hospital São Pietro,Higienópolis,-51.1892465,-30.0192161,Cirúrgico/Diagnóstico/Terapêutico,Hospital Dia,8,0
Hospital Cristo Redentor,Cristo Redentor,-51.1599997,-30.0099721,Cirúrgico/Diagnóstico/Terapêutico,Hospital Dia,5,5
Hospital de Clínicas,Santa Cecília,-51.2092274,-30.0387902,Cirúrgico/Diagnóstico/Terapêutico,Hospital Dia,5,5
Hospital Fêmina,Rio Branco,-51.2093418,-30.0293513,Cirúrgico/Diagnóstico/Terapêutico,Hospital Dia,1,1
Hospital Mãe de Deus - Carlos Gomes,Petrópolis,-51.1806652,-30.0326248,Cirúrgico/Diagnóstico/Terapêutico,Hospital Dia,14,0
Hospital Nossa Senhora da Conceição,Cristo Redentor,-51.1633281,-30.0160754,Cirúrgico/Diagnóstico/Terapêutico,Hospital Dia,3,3
Hospital Restinga e Extremo-Sul,Restinga,-51.1313177,-30.1426278,Cirúrgico/Diagnóstico/Terapêutico,Hospital Dia,12,12
Hospital São Lucas da PUCRS,Jardim Botânico,-51.1759716,-30.0552646,Cirúrgico/Diagnóstico/Terapêutico,Hospital Dia,5,5
Irmandade da Santa Casa de Misericórdia de Porto Alegre,Centro Histórico,-51.2217197,-30.0301294,Cirúrgico/Diagnóstico/Terapêutico,Hospital Dia,42,40
Hospital de Clínicas,Santa Cecília,-51.2092274,-30.0387902,AIDS,Hospital Dia,5,5
Hospital Fêmina,Rio Branco,-51.2093418,-30.0293513,AIDS,Hospital Dia,2,2
Hospital Nossa Senhora da Conceição,Cristo Redentor,-51.1633281,-30.0160754,AIDS,Hospital Dia,12,12
Hospital Sanatório Partenon,Partenon,-51.181423,-30.0632822,AIDS,Hospital Dia,10,10
Irmandade da Santa Casa de Misericórdia de Porto Alegre,Centro Histórico,-51.2217197,-30.0301294,AIDS,Hospital Dia,1,1
Hospital de Clínicas,Santa Cecília,-51.2092274,-30.0387902,Intercorrência Pós-Transplante,Hospital Dia,7,7
Irmandade da Santa Casa de Misericórdia de Porto Alegre,Centro Histórico,-51.2217197,-30.0301294,Intercorrência Pós-Transplante,Hospital Dia,7,7
Irmandade da Santa Casa de Misericórdia de Porto Alegre,Centro Histórico,-51.2217197,-30.0301294,Geriatria,Hospital Dia,1,1
HEPA,Teresópolis,-51.2089115,-30.0871043,Saúde Mental,Hospital Dia,15,15
HBMPA,Vila Assunção,-51.2536893,-30.0979289,UTI Adulto - Tipo I,Complementar,4,0
Hospital Humaniza,Independência,-51.2124233,-30.0248614,UTI Adulto - Tipo I,Complementar,14,0
Hospital Sanatório Partenon,Partenon,-51.181423,-30.0632822,UTI Adulto - Tipo I,Complementar,6,0
Hospital Santa Ana,Teresópolis,-51.2095088,-30.0866803,UTI Adulto - Tipo II,Complementar,10,10
Associação Hospitalar Vila Nova,Vila Nova,-51.2122291,-30.1194333,UTI Adulto - Tipo II,Complementar,40,40
Hospital de Clínicas,Santa Cecília,-51.2092274,-30.0387902,UTI Adulto - Tipo II,Complementar,20,20
Hospital Fêmina,Rio Branco,-51.2093418,-30.0293513,UTI Adulto - Tipo II,Complementar,6,6
Hospital Independência,Agronomia,-51.1503044,-30.0613951,UTI Adulto - Tipo II,Complementar,10,10
Hospital Porto Alegre ABSM,Moinhos de Vento,-51.2108879,-30.0247051,UTI Adulto - Tipo II,Complementar,8,0
Hospital Restinga e Extremo-Sul,Restinga,-51.1313177,-30.1426278,UTI Adulto - Tipo II,Complementar,10,10
HPS,Bom Fim,-51.2114172,-30.0362194,UTI Adulto - Tipo II,Complementar,18,18
Blanc Hospital,Santana,-51.2105084,-30.0458046,UTI Adulto - Tipo III,Complementar,2,0
Hospital Cristo Redentor,Cristo Redentor,-51.1599997,-30.0099721,UTI Adulto - Tipo III,Complementar,29,29
Hospital de Clínicas,Santa Cecília,-51.2092274,-30.0387902,UTI Adulto - Tipo III,Complementar,70,69
Hospital Divina Providência,Glória,-51.188816,-30.0851342,UTI Adulto - Tipo III,Complementar,26,0
Hospital Ernesto Dornelles,Azenha,-51.2147465,-30.0477777,UTI Adulto - Tipo III,Complementar,40,0
Hospital Militar de Área de Porto Alegre,Auxiliadora,-51.195396,-30.0185252,UTI Adulto - Tipo III,Complementar,10,0
Hospital Mãe de Deus,Menino Deus,-51.2316227,-30.0591926,UTI Adulto - Tipo III,Complementar,60,0
Hospital Moinhos de Vento,Moinhos de Vento,-51.2111042,-30.024954,UTI Adulto - Tipo III,Complementar,76,1
Hospital Nossa Senhora da Conceição,Cristo Redentor,-51.1633281,-30.0160754,UTI Adulto - Tipo III,Complementar,59,59
Hospital São Lucas da PUCRS,Jardim Botânico,-51.1759716,-30.0552646,UTI Adulto - Tipo III,Complementar,69,35
Instituto de Cardiologia,Santana,-51.2115909,-30.0491281,UTI Adulto - Tipo III,Complementar,51,36
Irmandade da Santa Casa de Misericórdia de Porto Alegre,Centro Histórico,-51.2217197,-30.0301294,UTI Adulto - Tipo III,Complementar,92,49
Hospital Materno Infantil Presidente Vargas,Independência,-51.2174568,-30.0295465,UTI Pediátrica - Tipo II,Complementar,11,10
Hospital Nossa Senhora da Conceição,Cristo Redentor,-51.1633281,-30.0160754,UTI Pediátrica - Tipo II,Complementar,19,19
Hospital de Clínicas,Santa Cecília,-51.2092274,-30.0387902,UTI Pediátrica - Tipo III,Complementar,13,13
Hospital Moinhos de Vento,Moinhos de Vento,-51.2111042,-30.024954,UTI Pediátrica - Tipo III,Complementar,10,1
HPS,Bom Fim,-51.2114172,-30.0362194,UTI Pediátrica - Tipo III,Complementar,8,8
Instituto de Cardiologia,Santana,-51.2115909,-30.0491281,UTI Pediátrica - Tipo III,Complementar,14,9
Irmandade da Santa Casa de Misericórdia de Porto Alegre,Centro Histórico,-51.2217197,-30.0301294,UTI Pediátrica - Tipo III,Complementar,40,24
Hospital Mãe de Deus,Menino Deus,-51.2316227,-30.0591926,UTI Neonatal - Tipo I,Complementar,10,0
Hospital Divina Providência,Glória,-51.188816,-30.0851342,UTI Neonatal - Tipo II,Complementar,8,0
Hospital Materno Infantil Presidente Vargas,Independência,-51.2174568,-30.0295465,UTI Neonatal - Tipo II,Complementar,20,10
Hospital Nossa Senhora da Conceição,Cristo Redentor,-51.1633281,-30.0160754,UTI Neonatal - Tipo II,Complementar,30,30
Hospital de Clínicas,Santa Cecília,-51.2092274,-30.0387902,UTI Neonatal - Tipo III,Complementar,20,20
Hospital Fêmina,Rio Branco,-51.2093418,-30.0293513,UTI Neonatal - Tipo III,Complementar,10,10
Hospital Moinhos de Vento,Moinhos de Vento,-51.2111042,-30.024954,UTI Neonatal - Tipo III,Complementar,27,0
Irmandade da Santa Casa de Misericórdia de Porto Alegre,Centro Histórico,-51.2217197,-30.0301294,UTI Neonatal - Tipo III,Complementar,20,15
HPS,Bom Fim,-51.2114172,-30.0362194,UTI de Queimados,Complementar,4,4
Hospital de Clínicas,Santa Cecília,-51.2092274,-30.0387902,UTI Coronariana Tipo III - UCO Tipo III,Complementar,8,8
Hospital de Clínicas,Santa Cecília,-51.2092274,-30.0387902,Unidade de Cuidados Intermediários Neonatal Convencional,Complementar,20,20
Hospital Divina Providência,Glória,-51.188816,-30.0851342,Unidade de Cuidados Intermediários Neonatal Convencional,Complementar,6,0
Hospital Fêmina,Rio Branco,-51.2093418,-30.0293513,Unidade de Cuidados Intermediários Neonatal Convencional,Complementar,20,20
Hospital Materno Infantil Presidente Vargas,Independência,-51.2174568,-30.0295465,Unidade de Cuidados Intermediários Neonatal Convencional,Complementar,20,10
Hospital Nossa Senhora da Conceição,Cristo Redentor,-51.1633281,-30.0160754,Unidade de Cuidados Intermediários Neonatal Convencional,Complementar,20,20
Irmandade da Santa Casa de Misericórdia de Porto Alegre,Centro Histórico,-51.2217197,-30.0301294,Unidade de Cuidados Intermediários Neonatal Convencional,Complementar,16,10
Hospital de Clínicas,Santa Cecília,-51.2092274,-30.0387902,Unidade de Cuidados Intermediários Neonatal Canguru,Complementar,10,10
Hospital Fêmina,Rio Branco,-51.2093418,-30.0293513,Unidade de Cuidados Intermediários Neonatal Canguru,Complementar,10,10
Hospital Materno Infantil Presidente Vargas,Independência,-51.2174568,-30.0295465,Unidade de Cuidados Intermediários Neonatal Canguru,Complementar,5,5
Hospital Nossa Senhora da Conceição,Cristo Redentor,-51.1633281,-30.0160754,Unidade de Cuidados Intermediários Neonatal Canguru,Complementar,10,10
Irmandade da Santa Casa de Misericórdia de Porto Alegre,Centro Histórico,-51.2217197,-30.0301294,Unidade de Cuidados Intermediários Neonatal Canguru,Complementar,5,5
Hospital Ernesto Dornelles,Azenha,-51.2147465,-30.0477777,Unidade de Cuidados Intermediários Adulto,Complementar,10,0
Hospital Militar de Área de Porto Alegre,Auxiliadora,-51.195396,-30.0185252,Unidade de Cuidados Intermediários Adulto,Complementar,62,0
Associação Hospitalar Vila Nova,Vila Nova,-51.2122291,-30.1194333,Suporte Ventilatório Pulmonar,Complementar,2,0
Hospital de Clínicas,Santa Cecília,-51.2092274,-30.0387902,Suporte Ventilatório Pulmonar,Complementar,8,0
Hospital Materno Infantil Presidente Vargas,Independência,-51.2174568,-30.0295465,Suporte Ventilatório Pulmonar,Complementar,3,0
