scenario;levy;seed;node_type;population;requested;fulfilled;unmet;fulfillment_rate;trips;travelers;travelers_per_capita;traveler_distance;distance_per_requested_visit;mean_distance_per_traveler;occupancy_person_hours;occupancy_per_requested_visit;peak_hourly_occupancy;reroute_events;rerouted_requested;rerouted_fulfilled;rerouted_unmet;reroute_traveler_distance;mean_reroute_distance_per_traveler;receiving_destinations;peak_receiving_load
13_levy_off_flood_both_reroute;False;0;marketplace;131925;1055400.0;1055400.0;0.0;1.0;321280.0;1055400.0;8.0;93756098.20585999;88.83465814464657;88.83465814464657;1055400.0;1.0;2075.0;11606.0;35682.0;35682.0;0.0;10956215.78720614;307.05161670327163;55;63.0
13_levy_off_flood_both_reroute;False;0;pharmacy;131925;263816.0;263816.0;0.0;1.0;206424.0;263816.0;1.9997422778093614;21568392.162021283;81.75543622077996;81.75543622077996;263816.0;1.0;685.0;7668.0;9641.0;9641.0;0.0;2853777.620525265;296.0043170340489;50;16.0
13_levy_off_flood_both_reroute;False;0;restaurant;131925;1055400.0;1055400.0;0.0;1.0;222632.0;1055400.0;8.0;88520114.9124062;83.87352180444022;83.87352180444022;1055400.0;1.0;5367.0;8657.0;38122.0;38122.0;0.0;11047362.311512677;289.789683424602;53;92.0
13_levy_on_flood_both_reroute;True;0;marketplace;131925;1055400.0;1055400.0;0.0;1.0;321280.0;1055400.0;8.0;89035835.69109358;84.36217139576803;84.36217139576803;1055400.0;1.0;2075.0;11606.0;35682.0;35682.0;0.0;10956215.78720614;307.05161670327163;55;63.0
13_levy_on_flood_both_reroute;True;0;pharmacy;131925;263816.0;263816.0;0.0;1.0;206424.0;263816.0;1.9997422778093614;20887738.591963656;79.17540479714519;79.17540479714519;263816.0;1.0;685.0;7668.0;9641.0;9641.0;0.0;2853777.620525265;296.0043170340489;50;16.0
13_levy_on_flood_both_reroute;True;0;restaurant;131925;1055400.0;1055400.0;0.0;1.0;222632.0;1055400.0;8.0;84022990.18151157;79.61245990289139;79.61245990289139;1055400.0;1.0;5367.0;8657.0;38122.0;38122.0;0.0;11047362.311512677;289.789683424602;53;92.0
13_levy_on_flood_both_reroute;True;1;marketplace;131925;1055400.0;1055400.0;0.0;1.0;321280.0;1055400.0;8.0;89025489.37732086;84.35236818014104;84.35236818014104;1055400.0;1.0;2075.0;11606.0;35682.0;35682.0;0.0;10956215.78720614;307.05161670327163;55;63.0
13_levy_on_flood_both_reroute;True;1;pharmacy;131925;263816.0;263816.0;0.0;1.0;206424.0;263816.0;1.9997422778093614;20881756.281674378;79.15272872636375;79.15272872636375;263816.0;1.0;685.0;7668.0;9641.0;9641.0;0.0;2853777.620525265;296.0043170340489;50;16.0
13_levy_on_flood_both_reroute;True;1;restaurant;131925;1055400.0;1055400.0;0.0;1.0;222632.0;1055400.0;8.0;84007721.88794623;79.59799307177016;79.59799307177016;1055400.0;1.0;5367.0;8657.0;38122.0;38122.0;0.0;11047362.311512677;289.789683424602;53;92.0
13_levy_on_flood_both_reroute;True;2;marketplace;131925;1055400.0;1055400.0;0.0;1.0;321280.0;1055400.0;8.0;89021454.71908681;84.34854530896988;84.34854530896988;1055400.0;1.0;2075.0;11606.0;35682.0;35682.0;0.0;10956215.78720614;307.05161670327163;55;63.0
13_levy_on_flood_both_reroute;True;2;pharmacy;131925;263816.0;263816.0;0.0;1.0;206424.0;263816.0;1.9997422778093614;20882702.493887685;79.15631536331263;79.15631536331263;263816.0;1.0;685.0;7668.0;9641.0;9641.0;0.0;2853777.620525265;296.0043170340489;50;16.0
13_levy_on_flood_both_reroute;True;2;restaurant;131925;1055400.0;1055400.0;0.0;1.0;222632.0;1055400.0;8.0;84008070.45074357;79.5983233378279;79.5983233378279;1055400.0;1.0;5367.0;8657.0;38122.0;38122.0;0.0;11047362.311512677;289.789683424602;53;92.0
13_levy_on_flood_both_reroute;True;3;marketplace;131925;1055400.0;1055400.0;0.0;1.0;321280.0;1055400.0;8.0;89159832.86273219;84.47965971454632;84.47965971454632;1055400.0;1.0;2075.0;11606.0;35682.0;35682.0;0.0;10956215.78720614;307.05161670327163;55;63.0
13_levy_on_flood_both_reroute;True;3;pharmacy;131925;263816.0;263816.0;0.0;1.0;206424.0;263816.0;1.9997422778093614;20852108.148051314;79.0403468631596;79.0403468631596;263816.0;1.0;685.0;7668.0;9641.0;9641.0;0.0;2853777.620525265;296.0043170340489;50;16.0
13_levy_on_flood_both_reroute;True;3;restaurant;131925;1055400.0;1055400.0;0.0;1.0;222632.0;1055400.0;8.0;83968450.36794369;79.56078299028206;79.56078299028206;1055400.0;1.0;5367.0;8657.0;38122.0;38122.0;0.0;11047362.311512677;289.789683424602;53;92.0
13_levy_on_flood_both_reroute;True;4;marketplace;131925;1055400.0;1055400.0;0.0;1.0;321280.0;1055400.0;8.0;89022488.71928644;84.34952503248668;84.34952503248668;1055400.0;1.0;2075.0;11606.0;35682.0;35682.0;0.0;10956215.78720614;307.05161670327163;55;63.0
13_levy_on_flood_both_reroute;True;4;pharmacy;131925;263816.0;263816.0;0.0;1.0;206424.0;263816.0;1.9997422778093614;20882835.69996781;79.15682028371216;79.15682028371216;263816.0;1.0;685.0;7668.0;9641.0;9641.0;0.0;2853777.620525265;296.0043170340489;50;16.0
13_levy_on_flood_both_reroute;True;4;restaurant;131925;1055400.0;1055400.0;0.0;1.0;222632.0;1055400.0;8.0;84000176.33125003;79.59084359602997;79.59084359602997;1055400.0;1.0;5367.0;8657.0;38122.0;38122.0;0.0;11047362.311512677;289.789683424602;53;92.0
13_levy_on_flood_both_reroute;True;5;marketplace;131925;1055400.0;1055400.0;0.0;1.0;321280.0;1055400.0;8.0;89154217.59529208;84.47433920342247;84.47433920342247;1055400.0;1.0;2075.0;11606.0;35682.0;35682.0;0.0;10956215.78720614;307.05161670327163;55;63.0
13_levy_on_flood_both_reroute;True;5;pharmacy;131925;263816.0;263816.0;0.0;1.0;206424.0;263816.0;1.9997422778093614;20851098.26156324;79.03651886755634;79.03651886755634;263816.0;1.0;685.0;7668.0;9641.0;9641.0;0.0;2853777.620525265;296.0043170340489;50;16.0
13_levy_on_flood_both_reroute;True;5;restaurant;131925;1055400.0;1055400.0;0.0;1.0;222632.0;1055400.0;8.0;83956184.97941352;79.54916143586652;79.54916143586652;1055400.0;1.0;5367.0;8657.0;38122.0;38122.0;0.0;11047362.311512677;289.789683424602;53;92.0
13_levy_on_flood_both_reroute;True;6;marketplace;131925;1055400.0;1055400.0;0.0;1.0;321280.0;1055400.0;8.0;89026477.16170399;84.3533041137995;84.3533041137995;1055400.0;1.0;2075.0;11606.0;35682.0;35682.0;0.0;10956215.78720614;307.05161670327163;55;63.0
13_levy_on_flood_both_reroute;True;6;pharmacy;131925;263816.0;263816.0;0.0;1.0;206424.0;263816.0;1.9997422778093614;20870280.663043633;79.1092301567897;79.1092301567897;263816.0;1.0;685.0;7668.0;9641.0;9641.0;0.0;2853777.620525265;296.0043170340489;50;16.0
13_levy_on_flood_both_reroute;True;6;restaurant;131925;1055400.0;1055400.0;0.0;1.0;222632.0;1055400.0;8.0;83963495.17164351;79.5560879018794;79.5560879018794;1055400.0;1.0;5367.0;8657.0;38122.0;38122.0;0.0;11047362.311512677;289.789683424602;53;92.0
13_levy_on_flood_both_reroute;True;7;marketplace;131925;1055400.0;1055400.0;0.0;1.0;321280.0;1055400.0;8.0;89022935.90521869;84.34994874475905;84.34994874475905;1055400.0;1.0;2075.0;11606.0;35682.0;35682.0;0.0;10956215.78720614;307.05161670327163;55;63.0
13_levy_on_flood_both_reroute;True;7;pharmacy;131925;263816.0;263816.0;0.0;1.0;206424.0;263816.0;1.9997422778093614;20885301.209494065;79.16616584852346;79.16616584852346;263816.0;1.0;685.0;7668.0;9641.0;9641.0;0.0;2853777.620525265;296.0043170340489;50;16.0
13_levy_on_flood_both_reroute;True;7;restaurant;131925;1055400.0;1055400.0;0.0;1.0;222632.0;1055400.0;8.0;84009374.198978;79.59955864978018;79.59955864978018;1055400.0;1.0;5367.0;8657.0;38122.0;38122.0;0.0;11047362.311512677;289.789683424602;53;92.0
13_levy_on_flood_both_reroute;True;8;marketplace;131925;1055400.0;1055400.0;0.0;1.0;321280.0;1055400.0;8.0;89157135.94955957;84.47710436759482;84.47710436759482;1055400.0;1.0;2075.0;11606.0;35682.0;35682.0;0.0;10956215.78720614;307.05161670327163;55;63.0
13_levy_on_flood_both_reroute;True;8;pharmacy;131925;263816.0;263816.0;0.0;1.0;206424.0;263816.0;1.9997422778093614;20851708.07016246;79.03883035965393;79.03883035965393;263816.0;1.0;685.0;7668.0;9641.0;9641.0;0.0;2853777.620525265;296.0043170340489;50;16.0
13_levy_on_flood_both_reroute;True;8;restaurant;131925;1055400.0;1055400.0;0.0;1.0;222632.0;1055400.0;8.0;83975306.31601383;79.56727905629508;79.56727905629508;1055400.0;1.0;5367.0;8657.0;38122.0;38122.0;0.0;11047362.311512677;289.789683424602;53;92.0
13_levy_on_flood_both_reroute;True;9;marketplace;131925;1055400.0;1055400.0;0.0;1.0;321280.0;1055400.0;8.0;89158340.43382709;84.47824562613899;84.47824562613899;1055400.0;1.0;2075.0;11606.0;35682.0;35682.0;0.0;10956215.78720614;307.05161670327163;55;63.0
13_levy_on_flood_both_reroute;True;9;pharmacy;131925;263816.0;263816.0;0.0;1.0;206424.0;263816.0;1.9997422778093614;20853248.24268988;79.0446684154482;79.0446684154482;263816.0;1.0;685.0;7668.0;9641.0;9641.0;0.0;2853777.620525265;296.0043170340489;50;16.0
13_levy_on_flood_both_reroute;True;9;restaurant;131925;1055400.0;1055400.0;0.0;1.0;222632.0;1055400.0;8.0;83976612.0856558;79.56851628354727;79.56851628354727;1055400.0;1.0;5367.0;8657.0;38122.0;38122.0;0.0;11047362.311512677;289.789683424602;53;92.0
13_levy_on_flood_both_reroute;True;10;marketplace;131925;1055400.0;1055400.0;0.0;1.0;321280.0;1055400.0;8.0;89154549.10360049;84.47465331021459;84.47465331021459;1055400.0;1.0;2075.0;11606.0;35682.0;35682.0;0.0;10956215.78720614;307.05161670327163;55;63.0
13_levy_on_flood_both_reroute;True;10;pharmacy;131925;263816.0;263816.0;0.0;1.0;206424.0;263816.0;1.9997422778093614;20852480.3943012;79.0417578702626;79.0417578702626;263816.0;1.0;685.0;7668.0;9641.0;9641.0;0.0;2853777.620525265;296.0043170340489;50;16.0
13_levy_on_flood_both_reroute;True;10;restaurant;131925;1055400.0;1055400.0;0.0;1.0;222632.0;1055400.0;8.0;83959961.86031556;79.55274006093951;79.55274006093951;1055400.0;1.0;5367.0;8657.0;38122.0;38122.0;0.0;11047362.311512677;289.789683424602;53;92.0
13_levy_on_flood_both_reroute;True;11;marketplace;131925;1055400.0;1055400.0;0.0;1.0;321280.0;1055400.0;8.0;89149089.76456986;84.46948054251456;84.46948054251456;1055400.0;1.0;2075.0;11606.0;35682.0;35682.0;0.0;10956215.78720614;307.05161670327163;55;63.0
13_levy_on_flood_both_reroute;True;11;pharmacy;131925;263816.0;263816.0;0.0;1.0;206424.0;263816.0;1.9997422778093614;20852372.338752475;79.04134828347209;79.04134828347209;263816.0;1.0;685.0;7668.0;9641.0;9641.0;0.0;2853777.620525265;296.0043170340489;50;16.0
13_levy_on_flood_both_reroute;True;11;restaurant;131925;1055400.0;1055400.0;0.0;1.0;222632.0;1055400.0;8.0;83967106.54248442;79.55950970483647;79.55950970483647;1055400.0;1.0;5367.0;8657.0;38122.0;38122.0;0.0;11047362.311512677;289.789683424602;53;92.0
13_levy_on_flood_both_reroute;True;12;marketplace;131925;1055400.0;1055400.0;0.0;1.0;321280.0;1055400.0;8.0;89155699.15105334;84.47574298943844;84.47574298943844;1055400.0;1.0;2075.0;11606.0;35682.0;35682.0;0.0;10956215.78720614;307.05161670327163;55;63.0
13_levy_on_flood_both_reroute;True;12;pharmacy;131925;263816.0;263816.0;0.0;1.0;206424.0;263816.0;1.9997422778093614;20849988.236937642;79.03231129627332;79.03231129627332;263816.0;1.0;685.0;7668.0;9641.0;9641.0;0.0;2853777.620525265;296.0043170340489;50;16.0
13_levy_on_flood_both_reroute;True;12;restaurant;131925;1055400.0;1055400.0;0.0;1.0;222632.0;1055400.0;8.0;83963643.28294314;79.55622823852866;79.55622823852866;1055400.0;1.0;5367.0;8657.0;38122.0;38122.0;0.0;11047362.311512677;289.789683424602;53;92.0
13_levy_on_flood_both_reroute;True;13;marketplace;131925;1055400.0;1055400.0;0.0;1.0;321280.0;1055400.0;8.0;88992788.87120195;84.32138418722944;84.32138418722944;1055400.0;1.0;2075.0;11606.0;35682.0;35682.0;0.0;10956215.78720614;307.05161670327163;55;63.0
13_levy_on_flood_both_reroute;True;13;pharmacy;131925;263816.0;263816.0;0.0;1.0;206424.0;263816.0;1.9997422778093614;20908061.11993012;79.25243775938577;79.25243775938577;263816.0;1.0;685.0;7668.0;9641.0;9641.0;0.0;2853777.620525265;296.0043170340489;50;16.0
13_levy_on_flood_both_reroute;True;13;restaurant;131925;1055400.0;1055400.0;0.0;1.0;222632.0;1055400.0;8.0;83983880.7180663;79.57540337129647;79.57540337129647;1055400.0;1.0;5367.0;8657.0;38122.0;38122.0;0.0;11047362.311512677;289.789683424602;53;92.0
13_levy_on_flood_both_reroute;True;14;marketplace;131925;1055400.0;1055400.0;0.0;1.0;321280.0;1055400.0;8.0;89159316.5997273;84.4791705511913;84.4791705511913;1055400.0;1.0;2075.0;11606.0;35682.0;35682.0;0.0;10956215.78720614;307.05161670327163;55;63.0
13_levy_on_flood_both_reroute;True;14;pharmacy;131925;263816.0;263816.0;0.0;1.0;206424.0;263816.0;1.9997422778093614;20850796.420027472;79.03537473097717;79.03537473097717;263816.0;1.0;685.0;7668.0;9641.0;9641.0;0.0;2853777.620525265;296.0043170340489;50;16.0
13_levy_on_flood_both_reroute;True;14;restaurant;131925;1055400.0;1055400.0;0.0;1.0;222632.0;1055400.0;8.0;83966230.07329026;79.55867924321609;79.55867924321609;1055400.0;1.0;5367.0;8657.0;38122.0;38122.0;0.0;11047362.311512677;289.789683424602;53;92.0
13_levy_on_flood_both_reroute;True;15;marketplace;131925;1055400.0;1055400.0;0.0;1.0;321280.0;1055400.0;8.0;89043642.4765767;84.36956838788772;84.36956838788772;1055400.0;1.0;2075.0;11606.0;35682.0;35682.0;0.0;10956215.78720614;307.05161670327163;55;63.0
13_levy_on_flood_both_reroute;True;15;pharmacy;131925;263816.0;263816.0;0.0;1.0;206424.0;263816.0;1.9997422778093614;20883432.24246335;79.15908149036962;79.15908149036962;263816.0;1.0;685.0;7668.0;9641.0;9641.0;0.0;2853777.620525265;296.0043170340489;50;16.0
13_levy_on_flood_both_reroute;True;15;restaurant;131925;1055400.0;1055400.0;0.0;1.0;222632.0;1055400.0;8.0;83997569.11980145;79.58837324218443;79.58837324218443;1055400.0;1.0;5367.0;8657.0;38122.0;38122.0;0.0;11047362.311512677;289.789683424602;53;92.0
13_levy_on_flood_both_reroute;True;16;marketplace;131925;1055400.0;1055400.0;0.0;1.0;321280.0;1055400.0;8.0;89151433.97511853;84.47170170088927;84.47170170088927;1055400.0;1.0;2075.0;11606.0;35682.0;35682.0;0.0;10956215.78720614;307.05161670327163;55;63.0
13_levy_on_flood_both_reroute;True;16;pharmacy;131925;263816.0;263816.0;0.0;1.0;206424.0;263816.0;1.9997422778093614;20853049.002749175;79.04391319233547;79.04391319233547;263816.0;1.0;685.0;7668.0;9641.0;9641.0;0.0;2853777.620525265;296.0043170340489;50;16.0
13_levy_on_flood_both_reroute;True;16;restaurant;131925;1055400.0;1055400.0;0.0;1.0;222632.0;1055400.0;8.0;83975972.69183148;79.56791045274917;79.56791045274917;1055400.0;1.0;5367.0;8657.0;38122.0;38122.0;0.0;11047362.311512677;289.789683424602;53;92.0
13_levy_on_flood_both_reroute;True;17;marketplace;131925;1055400.0;1055400.0;0.0;1.0;321280.0;1055400.0;8.0;89150848.10599184;84.47114658517324;84.47114658517324;1055400.0;1.0;2075.0;11606.0;35682.0;35682.0;0.0;10956215.78720614;307.05161670327163;55;63.0
13_levy_on_flood_both_reroute;True;17;pharmacy;131925;263816.0;263816.0;0.0;1.0;206424.0;263816.0;1.9997422778093614;20852428.885025267;79.04156262328769;79.04156262328769;263816.0;1.0;685.0;7668.0;9641.0;9641.0;0.0;2853777.620525265;296.0043170340489;50;16.0
13_levy_on_flood_both_reroute;True;17;restaurant;131925;1055400.0;1055400.0;0.0;1.0;222632.0;1055400.0;8.0;83973421.69553843;79.56549336321625;79.56549336321625;1055400.0;1.0;5367.0;8657.0;38122.0;38122.0;0.0;11047362.311512677;289.789683424602;53;92.0
13_levy_on_flood_both_reroute;True;18;marketplace;131925;1055400.0;1055400.0;0.0;1.0;321280.0;1055400.0;8.0;89040256.72221519;84.36636035836194;84.36636035836194;1055400.0;1.0;2075.0;11606.0;35682.0;35682.0;0.0;10956215.78720614;307.05161670327163;55;63.0
13_levy_on_flood_both_reroute;True;18;pharmacy;131925;263816.0;263816.0;0.0;1.0;206424.0;263816.0;1.9997422778093614;20885584.023753703;79.16723786181923;79.16723786181923;263816.0;1.0;685.0;7668.0;9641.0;9641.0;0.0;2853777.620525265;296.0043170340489;50;16.0
13_levy_on_flood_both_reroute;True;18;restaurant;131925;1055400.0;1055400.0;0.0;1.0;222632.0;1055400.0;8.0;84022967.4295454;79.6124383452202;79.6124383452202;1055400.0;1.0;5367.0;8657.0;38122.0;38122.0;0.0;11047362.311512677;289.789683424602;53;92.0
13_levy_on_flood_both_reroute;True;19;marketplace;131925;1055400.0;1055400.0;0.0;1.0;321280.0;1055400.0;8.0;89154365.88817774;84.47447971212596;84.47447971212596;1055400.0;1.0;2075.0;11606.0;35682.0;35682.0;0.0;10956215.78720614;307.05161670327163;55;63.0
13_levy_on_flood_both_reroute;True;19;pharmacy;131925;263816.0;263816.0;0.0;1.0;206424.0;263816.0;1.9997422778093614;20852049.029929873;79.04012277469855;79.04012277469855;263816.0;1.0;685.0;7668.0;9641.0;9641.0;0.0;2853777.620525265;296.0043170340489;50;16.0
13_levy_on_flood_both_reroute;True;19;restaurant;131925;1055400.0;1055400.0;0.0;1.0;222632.0;1055400.0;8.0;83963865.41865872;79.55643871390821;79.55643871390821;1055400.0;1.0;5367.0;8657.0;38122.0;38122.0;0.0;11047362.311512677;289.789683424602;53;92.0
13_levy_on_flood_both_reroute;True;20;marketplace;131925;1055400.0;1055400.0;0.0;1.0;321280.0;1055400.0;8.0;89035212.20896842;84.36158064143302;84.36158064143302;1055400.0;1.0;2075.0;11606.0;35682.0;35682.0;0.0;10956215.78720614;307.05161670327163;55;63.0
13_levy_on_flood_both_reroute;True;20;pharmacy;131925;263816.0;263816.0;0.0;1.0;206424.0;263816.0;1.9997422778093614;20889584.722136583;79.18240259171765;79.18240259171765;263816.0;1.0;685.0;7668.0;9641.0;9641.0;0.0;2853777.620525265;296.0043170340489;50;16.0
13_levy_on_flood_both_reroute;True;20;restaurant;131925;1055400.0;1055400.0;0.0;1.0;222632.0;1055400.0;8.0;84005361.69343819;79.59575676846521;79.59575676846521;1055400.0;1.0;5367.0;8657.0;38122.0;38122.0;0.0;11047362.311512677;289.789683424602;53;92.0
13_levy_on_flood_both_reroute;True;21;marketplace;131925;1055400.0;1055400.0;0.0;1.0;321280.0;1055400.0;8.0;89118983.10419463;84.44095423933544;84.44095423933544;1055400.0;1.0;2075.0;11606.0;35682.0;35682.0;0.0;10956215.78720614;307.05161670327163;55;63.0
13_levy_on_flood_both_reroute;True;21;pharmacy;131925;263816.0;263816.0;0.0;1.0;206424.0;263816.0;1.9997422778093614;20880503.703979842;79.14798080472694;79.14798080472694;263816.0;1.0;685.0;7668.0;9641.0;9641.0;0.0;2853777.620525265;296.0043170340489;50;16.0
13_levy_on_flood_both_reroute;True;21;restaurant;131925;1055400.0;1055400.0;0.0;1.0;222632.0;1055400.0;8.0;83879237.25512527;79.4762528473804;79.4762528473804;1055400.0;1.0;5367.0;8657.0;38122.0;38122.0;0.0;11047362.311512677;289.789683424602;53;92.0
13_levy_on_flood_both_reroute;True;22;marketplace;131925;1055400.0;1055400.0;0.0;1.0;321280.0;1055400.0;8.0;89026498.13579679;84.35332398692134;84.35332398692134;1055400.0;1.0;2075.0;11606.0;35682.0;35682.0;0.0;10956215.78720614;307.05161670327163;55;63.0
13_levy_on_flood_both_reroute;True;22;pharmacy;131925;263816.0;263816.0;0.0;1.0;206424.0;263816.0;1.9997422778093614;20881903.32288201;79.15328608910002;79.15328608910002;263816.0;1.0;685.0;7668.0;9641.0;9641.0;0.0;2853777.620525265;296.0043170340489;50;16.0
13_levy_on_flood_both_reroute;True;22;restaurant;131925;1055400.0;1055400.0;0.0;1.0;222632.0;1055400.0;8.0;84006318.48730733;79.59666333836206;79.59666333836206;1055400.0;1.0;5367.0;8657.0;38122.0;38122.0;0.0;11047362.311512677;289.789683424602;53;92.0
13_levy_on_flood_both_reroute;True;23;marketplace;131925;1055400.0;1055400.0;0.0;1.0;321280.0;1055400.0;8.0;89028838.19177863;84.35554120881052;84.35554120881052;1055400.0;1.0;2075.0;11606.0;35682.0;35682.0;0.0;10956215.78720614;307.05161670327163;55;63.0
13_levy_on_flood_both_reroute;True;23;pharmacy;131925;263816.0;263816.0;0.0;1.0;206424.0;263816.0;1.9997422778093614;20882487.710246783;79.15550122148309;79.15550122148309;263816.0;1.0;685.0;7668.0;9641.0;9641.0;0.0;2853777.620525265;296.0043170340489;50;16.0
13_levy_on_flood_both_reroute;True;23;restaurant;131925;1055400.0;1055400.0;0.0;1.0;222632.0;1055400.0;8.0;84005722.20576473;79.59609835679811;79.59609835679811;1055400.0;1.0;5367.0;8657.0;38122.0;38122.0;0.0;11047362.311512677;289.789683424602;53;92.0
13_levy_on_flood_both_reroute;True;24;marketplace;131925;1055400.0;1055400.0;0.0;1.0;321280.0;1055400.0;8.0;89164986.62844087;84.4845429490628;84.4845429490628;1055400.0;1.0;2075.0;11606.0;35682.0;35682.0;0.0;10956215.78720614;307.05161670327163;55;63.0
13_levy_on_flood_both_reroute;True;24;pharmacy;131925;263816.0;263816.0;0.0;1.0;206424.0;263816.0;1.9997422778093614;20852999.438739788;79.04372531893361;79.04372531893361;263816.0;1.0;685.0;7668.0;9641.0;9641.0;0.0;2853777.620525265;296.0043170340489;50;16.0
13_levy_on_flood_both_reroute;True;24;restaurant;131925;1055400.0;1055400.0;0.0;1.0;222632.0;1055400.0;8.0;83969481.09113252;79.56175960880473;79.56175960880473;1055400.0;1.0;5367.0;8657.0;38122.0;38122.0;0.0;11047362.311512677;289.789683424602;53;92.0
13_levy_on_flood_both_reroute;True;25;marketplace;131925;1055400.0;1055400.0;0.0;1.0;321280.0;1055400.0;8.0;89034889.5959528;84.36127496300246;84.36127496300246;1055400.0;1.0;2075.0;11606.0;35682.0;35682.0;0.0;10956215.78720614;307.05161670327163;55;63.0
13_levy_on_flood_both_reroute;True;25;pharmacy;131925;263816.0;263816.0;0.0;1.0;206424.0;263816.0;1.9997422778093614;20887047.726713408;79.17278605813677;79.17278605813677;263816.0;1.0;685.0;7668.0;9641.0;9641.0;0.0;2853777.620525265;296.0043170340489;50;16.0
13_levy_on_flood_both_reroute;True;25;restaurant;131925;1055400.0;1055400.0;0.0;1.0;222632.0;1055400.0;8.0;84011371.77975368;79.60145137365329;79.60145137365329;1055400.0;1.0;5367.0;8657.0;38122.0;38122.0;0.0;11047362.311512677;289.789683424602;53;92.0
13_levy_on_flood_both_reroute;True;26;marketplace;131925;1055400.0;1055400.0;0.0;1.0;321280.0;1055400.0;8.0;89018514.55069624;84.34575947574022;84.34575947574022;1055400.0;1.0;2075.0;11606.0;35682.0;35682.0;0.0;10956215.78720614;307.05161670327163;55;63.0
13_levy_on_flood_both_reroute;True;26;pharmacy;131925;263816.0;263816.0;0.0;1.0;206424.0;263816.0;1.9997422778093614;20881791.893719535;79.15286371455687;79.15286371455687;263816.0;1.0;685.0;7668.0;9641.0;9641.0;0.0;2853777.620525265;296.0043170340489;50;16.0
13_levy_on_flood_both_reroute;True;26;restaurant;131925;1055400.0;1055400.0;0.0;1.0;222632.0;1055400.0;8.0;84006999.01750335;79.59730814620367;79.59730814620367;1055400.0;1.0;5367.0;8657.0;38122.0;38122.0;0.0;11047362.311512677;289.789683424602;53;92.0
13_levy_on_flood_both_reroute;True;27;marketplace;131925;1055400.0;1055400.0;0.0;1.0;321280.0;1055400.0;8.0;89157000.24488236;84.47697578632022;84.47697578632022;1055400.0;1.0;2075.0;11606.0;35682.0;35682.0;0.0;10956215.78720614;307.05161670327163;55;63.0
13_levy_on_flood_both_reroute;True;27;pharmacy;131925;263816.0;263816.0;0.0;1.0;206424.0;263816.0;1.9997422778093614;20850203.044800345;79.03312552991609;79.03312552991609;263816.0;1.0;685.0;7668.0;9641.0;9641.0;0.0;2853777.620525265;296.0043170340489;50;16.0
13_levy_on_flood_both_reroute;True;27;restaurant;131925;1055400.0;1055400.0;0.0;1.0;222632.0;1055400.0;8.0;83967176.95048186;79.5595764169811;79.5595764169811;1055400.0;1.0;5367.0;8657.0;38122.0;38122.0;0.0;11047362.311512677;289.789683424602;53;92.0
13_levy_on_flood_both_reroute;True;28;marketplace;131925;1055400.0;1055400.0;0.0;1.0;321280.0;1055400.0;8.0;89152096.93047918;84.47232985643281;84.47232985643281;1055400.0;1.0;2075.0;11606.0;35682.0;35682.0;0.0;10956215.78720614;307.05161670327163;55;63.0
13_levy_on_flood_both_reroute;True;28;pharmacy;131925;263816.0;263816.0;0.0;1.0;206424.0;263816.0;1.9997422778093614;20850482.010047525;79.03418295345061;79.03418295345061;263816.0;1.0;685.0;7668.0;9641.0;9641.0;0.0;2853777.620525265;296.0043170340489;50;16.0
13_levy_on_flood_both_reroute;True;28;restaurant;131925;1055400.0;1055400.0;0.0;1.0;222632.0;1055400.0;8.0;83966473.36996914;79.5589097687788;79.5589097687788;1055400.0;1.0;5367.0;8657.0;38122.0;38122.0;0.0;11047362.311512677;289.789683424602;53;92.0
13_levy_on_flood_both_reroute;True;29;marketplace;131925;1055400.0;1055400.0;0.0;1.0;321280.0;1055400.0;8.0;89029581.30853158;84.35624531791888;84.35624531791888;1055400.0;1.0;2075.0;11606.0;35682.0;35682.0;0.0;10956215.78720614;307.05161670327163;55;63.0
13_levy_on_flood_both_reroute;True;29;pharmacy;131925;263816.0;263816.0;0.0;1.0;206424.0;263816.0;1.9997422778093614;20888645.38561106;79.1788420172054;79.1788420172054;263816.0;1.0;685.0;7668.0;9641.0;9641.0;0.0;2853777.620525265;296.0043170340489;50;16.0
13_levy_on_flood_both_reroute;True;29;restaurant;131925;1055400.0;1055400.0;0.0;1.0;222632.0;1055400.0;8.0;84014981.18291326;79.60487131221646;79.60487131221646;1055400.0;1.0;5367.0;8657.0;38122.0;38122.0;0.0;11047362.311512677;289.789683424602;53;92.0
