code,table_group,scenario,description,experiment,regions,cycles,required_repetitions,completed_repetitions,missing_repetitions,mean_max_blob_count,mean_runtime_seconds,runtime_seconds_per_cycle,mean_peak_working_set_mib,commit_sha
R01,routine,stage4_13_levy_off_flood_none,Popular Times only,popular_times_v2/production/13_levy_off_flood_none,13,56,5,0,"0,1,2,3,4",,,,,
R02,routine,stage4_13_levy_on_flood_none,Popular Times + probabilistic Lévy,popular_times_v2/production/13_levy_on_flood_none,13,56,5,0,"0,1,2,3,4",,,,,
R03,routine,stage6_13_levy_v2_flood_none,Popular Times + attendance Lévy V2,popular_times_v2/stage6/13_levy_v2_flood_none,13,56,5,0,"0,1,2,3,4",,,,,
R04,routine,stage4_94_levy_off_flood_none,Popular Times only,popular_times_v2/production/94_levy_off_flood_none,94,56,5,0,"0,1,2,3,4",,,,,
R05,routine,stage4_94_levy_on_flood_none,Popular Times + probabilistic Lévy,popular_times_v2/production/94_levy_on_flood_none,94,56,5,0,"0,1,2,3,4",,,,,
R06,routine,stage6_94_levy_v2_flood_none,Popular Times + attendance Lévy V2,popular_times_v2/stage6/94_levy_v2_flood_none,94,56,5,0,"0,1,2,3,4",,,,,
A01,adaptation,stage4_13_levy_on_flood_pois,POI flood; demand suppression,popular_times_v2/production/13_levy_on_flood_pois,13,56,5,0,"0,1,2,3,4",,,,,
A02,adaptation,stage4_13_levy_on_flood_homes,Home flood; demand suppression,popular_times_v2/production/13_levy_on_flood_homes,13,56,5,0,"0,1,2,3,4",,,,,
A03,adaptation,stage4_13_levy_on_flood_both,Home + POI flood; demand suppression,popular_times_v2/production/13_levy_on_flood_both,13,56,5,0,"0,1,2,3,4",,,,,
A04,adaptation,stage5_13_levy_off_flood_both_reroute,Home + POI flood; nearest-POI adaptation,popular_times_v2/stage5/13_levy_off_flood_both_reroute,13,56,5,0,"0,1,2,3,4",,,,,
A05,adaptation,stage5_13_levy_on_flood_both_reroute,Home + POI flood; Lévy + nearest-POI adaptation,popular_times_v2/stage5/13_levy_on_flood_both_reroute,13,56,5,0,"0,1,2,3,4",,,,,
A06,adaptation,stage4_94_levy_on_flood_pois,POI flood; demand suppression,popular_times_v2/production/94_levy_on_flood_pois,94,56,5,0,"0,1,2,3,4",,,,,
A07,adaptation,stage4_94_levy_on_flood_homes,Home flood; demand suppression,popular_times_v2/production/94_levy_on_flood_homes,94,56,5,0,"0,1,2,3,4",,,,,
A08,adaptation,stage4_94_levy_on_flood_both,Home + POI flood; demand suppression,popular_times_v2/production/94_levy_on_flood_both,94,56,5,0,"0,1,2,3,4",,,,,
A09,adaptation,stage5_94_levy_off_flood_both_reroute,Home + POI flood; nearest-POI adaptation,popular_times_v2/stage5/94_levy_off_flood_both_reroute,94,56,5,0,"0,1,2,3,4",,,,,
A10,adaptation,stage5_94_levy_on_flood_both_reroute,Home + POI flood; Lévy + nearest-POI adaptation,popular_times_v2/stage5/94_levy_on_flood_both_reroute,94,56,5,0,"0,1,2,3,4",,,,,
F01,disruption,stage6_13_levy_v2_flood_destinations,Flooded activity and commute destinations,popular_times_v2/stage6/13_levy_v2_flood_destinations,13,56,5,0,"0,1,2,3,4",,,,,
F02,disruption,stage6_13_levy_v2_flood_homes,Flooded homes,popular_times_v2/stage6/13_levy_v2_flood_homes,13,56,5,0,"0,1,2,3,4",,,,,
F03,disruption,stage6_13_levy_v2_flood_all,Flooded homes and destinations,popular_times_v2/stage6/13_levy_v2_flood_all,13,56,5,0,"0,1,2,3,4",,,,,
F04,disruption,stage6_13_levy_v2_flood_all_pt_reroute,All-node flood + nearest-POI adaptation,popular_times_v2/stage6/13_levy_v2_flood_all_pt_reroute,13,56,5,0,"0,1,2,3,4",,,,,
F05,disruption,stage6_94_levy_v2_flood_destinations,Flooded activity and commute destinations,popular_times_v2/stage6/94_levy_v2_flood_destinations,94,56,5,0,"0,1,2,3,4",,,,,
F06,disruption,stage6_94_levy_v2_flood_homes,Flooded homes,popular_times_v2/stage6/94_levy_v2_flood_homes,94,56,5,0,"0,1,2,3,4",,,,,
F07,disruption,stage6_94_levy_v2_flood_all,Flooded homes and destinations,popular_times_v2/stage6/94_levy_v2_flood_all,94,56,5,0,"0,1,2,3,4",,,,,
F08,disruption,stage6_94_levy_v2_flood_all_pt_reroute,All-node flood + nearest-POI adaptation,popular_times_v2/stage6/94_levy_v2_flood_all_pt_reroute,94,56,5,0,"0,1,2,3,4",,,,,
S01,shelter,v3_reference,Reference,shelter_tests/census_5m30_shelters_v3_daily_1%_test,94,14,5,0,"0,1,2,3,4",,,,,
S02,shelter,v3_reference_reallocate,Reference with reallocation,shelter_tests/census_5m30_shelters_v3_daily_1%_reallocate_test,94,14,5,0,"0,1,2,3,4",,,,,
S03,shelter,capacity_0.5x,Capacity 0.5x,shelter_tests/census_5m30_shelters_v3_daily_1%_reallocate_test,94,14,5,0,"0,1,2,3,4",,,,,
S04,shelter,capacity_2x,Capacity 2x,shelter_tests/census_5m30_shelters_v3_daily_1%_reallocate_test,94,14,5,0,"0,1,2,3,4",,,,,
S05,shelter,capacity_5x,Capacity 5x,shelter_tests/census_5m30_shelters_v3_daily_1%_reallocate_test,94,14,5,0,"0,1,2,3,4",,,,,
S06,shelter,capacity_15x,Capacity 15x,shelter_tests/census_5m30_shelters_v3_daily_1%_reallocate_test,94,14,5,0,"0,1,2,3,4",,,,,
S07,shelter,response_0.005,Daily response 0.5%,shelter_tests/census_5m30_shelters_v3_daily_1%_reallocate_test,94,14,5,0,"0,1,2,3,4",,,,,
S08,shelter,response_0.02,Daily response 2%,shelter_tests/census_5m30_shelters_v3_daily_1%_reallocate_test,94,14,5,0,"0,1,2,3,4",,,,,
S09,shelter,response_0.05,Daily response 5%,shelter_tests/census_5m30_shelters_v3_daily_1%_reallocate_test,94,14,5,0,"0,1,2,3,4",,,,,
S10,shelter,demand_0.25x,Exposure demand 0.25x,shelter_tests/census_5m30_shelters_v3_daily_1%_reallocate_test,94,14,5,0,"0,1,2,3,4",,,,,
S11,shelter,demand_0.5x,Exposure demand 0.5x,shelter_tests/census_5m30_shelters_v3_daily_1%_reallocate_test,94,14,5,0,"0,1,2,3,4",,,,,
S12,shelter,failure_largest_with_reallocation,Largest-shelter failure,shelter_tests/census_5m30_shelters_v3_daily_1%_reallocate_test,94,14,5,0,"0,1,2,3,4",,,,,
S13,shelter,failure_top_10_percent_capacity_with_reallocation,Top-10% capacity failures,shelter_tests/census_5m30_shelters_v3_daily_1%_reallocate_test,94,14,5,0,"0,1,2,3,4",,,,,
D01,dialysis,K01_ReducedModerate,Reduced moderate (K01),dialysis_core/K01_ReducedModerate,13,10,5,0,"0,1,2,3,4",,,,,
D02,dialysis,K02_MoinhosNoRecovery,Moinhos persistent outage (K02),dialysis_core/K02_MoinhosNoRecovery,13,10,5,0,"0,1,2,3,4",,,,,
D03,dialysis,K03_MoinhosFastRecovery,Moinhos rapid recovery (K03),dialysis_core/K03_MoinhosFastRecovery,13,10,5,0,"0,1,2,3,4",,,,,
D04,dialysis,K04_HistoricalClinicFlood,Historical clinic flood (K04),dialysis_core/K04_HistoricalClinicFlood,13,10,5,0,"0,1,2,3,4",,,,,
D05,dialysis,K05_SyntheticETAFlood,Synthetic water-source flood (K05),dialysis_core/K05_SyntheticETAFlood,13,10,5,0,"0,1,2,3,4",,,,,
D06,dialysis,K06_CombinedMoinhosMenino,Combined reduced disruption (K06),dialysis_core/K06_CombinedMoinhosMenino,13,10,5,0,"0,1,2,3,4",,,,,
D07,dialysis,K07_ReducedAboveCapacity,Reduced above capacity (K07),dialysis_core/K07_ReducedAboveCapacity,13,10,5,0,"0,1,2,3,4",,,,,
D08,dialysis,K08_HighCapacityClinicFailure,One high-capacity failure (K08),dialysis_core/K08_HighCapacityClinicFailure,13,10,5,0,"0,1,2,3,4",,,,,
D09,dialysis,K09_MatchedLowCapacityFailures,Matched small failures (K09),dialysis_core/K09_MatchedLowCapacityFailures,13,10,5,0,"0,1,2,3,4",,,,,
D10,dialysis,K10_CompleteModerate,Complete-network moderate (K10),dialysis_core/K10_CompleteModerate,94,10,5,0,"0,1,2,3,4",,,,,
D11,dialysis,K11_CompleteCombined,Complete-network combined (K11),dialysis_core/K11_CompleteCombined,94,10,5,0,"0,1,2,3,4",,,,,
