code,table_group,scenario,experiment,repetition,status,detail,runtime_seconds,runtime_seconds_per_cycle,peak_working_set_mib,max_blob_count,commit_sha
R01,routine,stage4_13_levy_off_flood_none,popular_times_v2/production/13_levy_off_flood_none,0,pending,run_metadata.json is missing,,,,,
R01,routine,stage4_13_levy_off_flood_none,popular_times_v2/production/13_levy_off_flood_none,1,pending,run_metadata.json is missing,,,,,
R01,routine,stage4_13_levy_off_flood_none,popular_times_v2/production/13_levy_off_flood_none,2,pending,run_metadata.json is missing,,,,,
R01,routine,stage4_13_levy_off_flood_none,popular_times_v2/production/13_levy_off_flood_none,3,pending,run_metadata.json is missing,,,,,
R01,routine,stage4_13_levy_off_flood_none,popular_times_v2/production/13_levy_off_flood_none,4,pending,run_metadata.json is missing,,,,,
R02,routine,stage4_13_levy_on_flood_none,popular_times_v2/production/13_levy_on_flood_none,0,pending,run_metadata.json is missing,,,,,
R02,routine,stage4_13_levy_on_flood_none,popular_times_v2/production/13_levy_on_flood_none,1,pending,run_metadata.json is missing,,,,,
R02,routine,stage4_13_levy_on_flood_none,popular_times_v2/production/13_levy_on_flood_none,2,pending,run_metadata.json is missing,,,,,
R02,routine,stage4_13_levy_on_flood_none,popular_times_v2/production/13_levy_on_flood_none,3,pending,run_metadata.json is missing,,,,,
R02,routine,stage4_13_levy_on_flood_none,popular_times_v2/production/13_levy_on_flood_none,4,pending,run_metadata.json is missing,,,,,
R03,routine,stage6_13_levy_v2_flood_none,popular_times_v2/stage6/13_levy_v2_flood_none,0,pending,run_metadata.json is missing,,,,,
R03,routine,stage6_13_levy_v2_flood_none,popular_times_v2/stage6/13_levy_v2_flood_none,1,pending,run_metadata.json is missing,,,,,
R03,routine,stage6_13_levy_v2_flood_none,popular_times_v2/stage6/13_levy_v2_flood_none,2,pending,run_metadata.json is missing,,,,,
R03,routine,stage6_13_levy_v2_flood_none,popular_times_v2/stage6/13_levy_v2_flood_none,3,pending,run_metadata.json is missing,,,,,
R03,routine,stage6_13_levy_v2_flood_none,popular_times_v2/stage6/13_levy_v2_flood_none,4,pending,run_metadata.json is missing,,,,,
R04,routine,stage4_94_levy_off_flood_none,popular_times_v2/production/94_levy_off_flood_none,0,pending,run_metadata.json is missing,,,,,
R04,routine,stage4_94_levy_off_flood_none,popular_times_v2/production/94_levy_off_flood_none,1,pending,run_metadata.json is missing,,,,,
R04,routine,stage4_94_levy_off_flood_none,popular_times_v2/production/94_levy_off_flood_none,2,pending,run_metadata.json is missing,,,,,
R04,routine,stage4_94_levy_off_flood_none,popular_times_v2/production/94_levy_off_flood_none,3,pending,run_metadata.json is missing,,,,,
R04,routine,stage4_94_levy_off_flood_none,popular_times_v2/production/94_levy_off_flood_none,4,pending,run_metadata.json is missing,,,,,
R05,routine,stage4_94_levy_on_flood_none,popular_times_v2/production/94_levy_on_flood_none,0,pending,run_metadata.json is missing,,,,,
R05,routine,stage4_94_levy_on_flood_none,popular_times_v2/production/94_levy_on_flood_none,1,pending,run_metadata.json is missing,,,,,
R05,routine,stage4_94_levy_on_flood_none,popular_times_v2/production/94_levy_on_flood_none,2,pending,run_metadata.json is missing,,,,,
R05,routine,stage4_94_levy_on_flood_none,popular_times_v2/production/94_levy_on_flood_none,3,pending,run_metadata.json is missing,,,,,
R05,routine,stage4_94_levy_on_flood_none,popular_times_v2/production/94_levy_on_flood_none,4,pending,run_metadata.json is missing,,,,,
R06,routine,stage6_94_levy_v2_flood_none,popular_times_v2/stage6/94_levy_v2_flood_none,0,pending,run_metadata.json is missing,,,,,
R06,routine,stage6_94_levy_v2_flood_none,popular_times_v2/stage6/94_levy_v2_flood_none,1,pending,run_metadata.json is missing,,,,,
R06,routine,stage6_94_levy_v2_flood_none,popular_times_v2/stage6/94_levy_v2_flood_none,2,pending,run_metadata.json is missing,,,,,
R06,routine,stage6_94_levy_v2_flood_none,popular_times_v2/stage6/94_levy_v2_flood_none,3,pending,run_metadata.json is missing,,,,,
R06,routine,stage6_94_levy_v2_flood_none,popular_times_v2/stage6/94_levy_v2_flood_none,4,pending,run_metadata.json is missing,,,,,
A01,adaptation,stage4_13_levy_on_flood_pois,popular_times_v2/production/13_levy_on_flood_pois,0,pending,run_metadata.json is missing,,,,,
A01,adaptation,stage4_13_levy_on_flood_pois,popular_times_v2/production/13_levy_on_flood_pois,1,pending,run_metadata.json is missing,,,,,
A01,adaptation,stage4_13_levy_on_flood_pois,popular_times_v2/production/13_levy_on_flood_pois,2,pending,run_metadata.json is missing,,,,,
A01,adaptation,stage4_13_levy_on_flood_pois,popular_times_v2/production/13_levy_on_flood_pois,3,pending,run_metadata.json is missing,,,,,
A01,adaptation,stage4_13_levy_on_flood_pois,popular_times_v2/production/13_levy_on_flood_pois,4,pending,run_metadata.json is missing,,,,,
A02,adaptation,stage4_13_levy_on_flood_homes,popular_times_v2/production/13_levy_on_flood_homes,0,pending,run_metadata.json is missing,,,,,
A02,adaptation,stage4_13_levy_on_flood_homes,popular_times_v2/production/13_levy_on_flood_homes,1,pending,run_metadata.json is missing,,,,,
A02,adaptation,stage4_13_levy_on_flood_homes,popular_times_v2/production/13_levy_on_flood_homes,2,pending,run_metadata.json is missing,,,,,
A02,adaptation,stage4_13_levy_on_flood_homes,popular_times_v2/production/13_levy_on_flood_homes,3,pending,run_metadata.json is missing,,,,,
A02,adaptation,stage4_13_levy_on_flood_homes,popular_times_v2/production/13_levy_on_flood_homes,4,pending,run_metadata.json is missing,,,,,
A03,adaptation,stage4_13_levy_on_flood_both,popular_times_v2/production/13_levy_on_flood_both,0,pending,run_metadata.json is missing,,,,,
A03,adaptation,stage4_13_levy_on_flood_both,popular_times_v2/production/13_levy_on_flood_both,1,pending,run_metadata.json is missing,,,,,
A03,adaptation,stage4_13_levy_on_flood_both,popular_times_v2/production/13_levy_on_flood_both,2,pending,run_metadata.json is missing,,,,,
A03,adaptation,stage4_13_levy_on_flood_both,popular_times_v2/production/13_levy_on_flood_both,3,pending,run_metadata.json is missing,,,,,
A03,adaptation,stage4_13_levy_on_flood_both,popular_times_v2/production/13_levy_on_flood_both,4,pending,run_metadata.json is missing,,,,,
A04,adaptation,stage5_13_levy_off_flood_both_reroute,popular_times_v2/stage5/13_levy_off_flood_both_reroute,0,pending,run_metadata.json is missing,,,,,
A04,adaptation,stage5_13_levy_off_flood_both_reroute,popular_times_v2/stage5/13_levy_off_flood_both_reroute,1,pending,run_metadata.json is missing,,,,,
A04,adaptation,stage5_13_levy_off_flood_both_reroute,popular_times_v2/stage5/13_levy_off_flood_both_reroute,2,pending,run_metadata.json is missing,,,,,
A04,adaptation,stage5_13_levy_off_flood_both_reroute,popular_times_v2/stage5/13_levy_off_flood_both_reroute,3,pending,run_metadata.json is missing,,,,,
A04,adaptation,stage5_13_levy_off_flood_both_reroute,popular_times_v2/stage5/13_levy_off_flood_both_reroute,4,pending,run_metadata.json is missing,,,,,
A05,adaptation,stage5_13_levy_on_flood_both_reroute,popular_times_v2/stage5/13_levy_on_flood_both_reroute,0,pending,run_metadata.json is missing,,,,,
A05,adaptation,stage5_13_levy_on_flood_both_reroute,popular_times_v2/stage5/13_levy_on_flood_both_reroute,1,pending,run_metadata.json is missing,,,,,
A05,adaptation,stage5_13_levy_on_flood_both_reroute,popular_times_v2/stage5/13_levy_on_flood_both_reroute,2,pending,run_metadata.json is missing,,,,,
A05,adaptation,stage5_13_levy_on_flood_both_reroute,popular_times_v2/stage5/13_levy_on_flood_both_reroute,3,pending,run_metadata.json is missing,,,,,
A05,adaptation,stage5_13_levy_on_flood_both_reroute,popular_times_v2/stage5/13_levy_on_flood_both_reroute,4,pending,run_metadata.json is missing,,,,,
A06,adaptation,stage4_94_levy_on_flood_pois,popular_times_v2/production/94_levy_on_flood_pois,0,pending,run_metadata.json is missing,,,,,
A06,adaptation,stage4_94_levy_on_flood_pois,popular_times_v2/production/94_levy_on_flood_pois,1,pending,run_metadata.json is missing,,,,,
A06,adaptation,stage4_94_levy_on_flood_pois,popular_times_v2/production/94_levy_on_flood_pois,2,pending,run_metadata.json is missing,,,,,
A06,adaptation,stage4_94_levy_on_flood_pois,popular_times_v2/production/94_levy_on_flood_pois,3,pending,run_metadata.json is missing,,,,,
A06,adaptation,stage4_94_levy_on_flood_pois,popular_times_v2/production/94_levy_on_flood_pois,4,pending,run_metadata.json is missing,,,,,
A07,adaptation,stage4_94_levy_on_flood_homes,popular_times_v2/production/94_levy_on_flood_homes,0,pending,run_metadata.json is missing,,,,,
A07,adaptation,stage4_94_levy_on_flood_homes,popular_times_v2/production/94_levy_on_flood_homes,1,pending,run_metadata.json is missing,,,,,
A07,adaptation,stage4_94_levy_on_flood_homes,popular_times_v2/production/94_levy_on_flood_homes,2,pending,run_metadata.json is missing,,,,,
A07,adaptation,stage4_94_levy_on_flood_homes,popular_times_v2/production/94_levy_on_flood_homes,3,pending,run_metadata.json is missing,,,,,
A07,adaptation,stage4_94_levy_on_flood_homes,popular_times_v2/production/94_levy_on_flood_homes,4,pending,run_metadata.json is missing,,,,,
A08,adaptation,stage4_94_levy_on_flood_both,popular_times_v2/production/94_levy_on_flood_both,0,pending,run_metadata.json is missing,,,,,
A08,adaptation,stage4_94_levy_on_flood_both,popular_times_v2/production/94_levy_on_flood_both,1,pending,run_metadata.json is missing,,,,,
A08,adaptation,stage4_94_levy_on_flood_both,popular_times_v2/production/94_levy_on_flood_both,2,pending,run_metadata.json is missing,,,,,
A08,adaptation,stage4_94_levy_on_flood_both,popular_times_v2/production/94_levy_on_flood_both,3,pending,run_metadata.json is missing,,,,,
A08,adaptation,stage4_94_levy_on_flood_both,popular_times_v2/production/94_levy_on_flood_both,4,pending,run_metadata.json is missing,,,,,
A09,adaptation,stage5_94_levy_off_flood_both_reroute,popular_times_v2/stage5/94_levy_off_flood_both_reroute,0,pending,run_metadata.json is missing,,,,,
A09,adaptation,stage5_94_levy_off_flood_both_reroute,popular_times_v2/stage5/94_levy_off_flood_both_reroute,1,pending,run_metadata.json is missing,,,,,
A09,adaptation,stage5_94_levy_off_flood_both_reroute,popular_times_v2/stage5/94_levy_off_flood_both_reroute,2,pending,run_metadata.json is missing,,,,,
A09,adaptation,stage5_94_levy_off_flood_both_reroute,popular_times_v2/stage5/94_levy_off_flood_both_reroute,3,pending,run_metadata.json is missing,,,,,
A09,adaptation,stage5_94_levy_off_flood_both_reroute,popular_times_v2/stage5/94_levy_off_flood_both_reroute,4,pending,run_metadata.json is missing,,,,,
A10,adaptation,stage5_94_levy_on_flood_both_reroute,popular_times_v2/stage5/94_levy_on_flood_both_reroute,0,pending,run_metadata.json is missing,,,,,
A10,adaptation,stage5_94_levy_on_flood_both_reroute,popular_times_v2/stage5/94_levy_on_flood_both_reroute,1,pending,run_metadata.json is missing,,,,,
A10,adaptation,stage5_94_levy_on_flood_both_reroute,popular_times_v2/stage5/94_levy_on_flood_both_reroute,2,pending,run_metadata.json is missing,,,,,
A10,adaptation,stage5_94_levy_on_flood_both_reroute,popular_times_v2/stage5/94_levy_on_flood_both_reroute,3,pending,run_metadata.json is missing,,,,,
A10,adaptation,stage5_94_levy_on_flood_both_reroute,popular_times_v2/stage5/94_levy_on_flood_both_reroute,4,pending,run_metadata.json is missing,,,,,
F01,disruption,stage6_13_levy_v2_flood_destinations,popular_times_v2/stage6/13_levy_v2_flood_destinations,0,pending,run_metadata.json is missing,,,,,
F01,disruption,stage6_13_levy_v2_flood_destinations,popular_times_v2/stage6/13_levy_v2_flood_destinations,1,pending,run_metadata.json is missing,,,,,
F01,disruption,stage6_13_levy_v2_flood_destinations,popular_times_v2/stage6/13_levy_v2_flood_destinations,2,pending,run_metadata.json is missing,,,,,
F01,disruption,stage6_13_levy_v2_flood_destinations,popular_times_v2/stage6/13_levy_v2_flood_destinations,3,pending,run_metadata.json is missing,,,,,
F01,disruption,stage6_13_levy_v2_flood_destinations,popular_times_v2/stage6/13_levy_v2_flood_destinations,4,pending,run_metadata.json is missing,,,,,
F02,disruption,stage6_13_levy_v2_flood_homes,popular_times_v2/stage6/13_levy_v2_flood_homes,0,pending,run_metadata.json is missing,,,,,
F02,disruption,stage6_13_levy_v2_flood_homes,popular_times_v2/stage6/13_levy_v2_flood_homes,1,pending,run_metadata.json is missing,,,,,
F02,disruption,stage6_13_levy_v2_flood_homes,popular_times_v2/stage6/13_levy_v2_flood_homes,2,pending,run_metadata.json is missing,,,,,
F02,disruption,stage6_13_levy_v2_flood_homes,popular_times_v2/stage6/13_levy_v2_flood_homes,3,pending,run_metadata.json is missing,,,,,
F02,disruption,stage6_13_levy_v2_flood_homes,popular_times_v2/stage6/13_levy_v2_flood_homes,4,pending,run_metadata.json is missing,,,,,
F03,disruption,stage6_13_levy_v2_flood_all,popular_times_v2/stage6/13_levy_v2_flood_all,0,pending,run_metadata.json is missing,,,,,
F03,disruption,stage6_13_levy_v2_flood_all,popular_times_v2/stage6/13_levy_v2_flood_all,1,pending,run_metadata.json is missing,,,,,
F03,disruption,stage6_13_levy_v2_flood_all,popular_times_v2/stage6/13_levy_v2_flood_all,2,pending,run_metadata.json is missing,,,,,
F03,disruption,stage6_13_levy_v2_flood_all,popular_times_v2/stage6/13_levy_v2_flood_all,3,pending,run_metadata.json is missing,,,,,
F03,disruption,stage6_13_levy_v2_flood_all,popular_times_v2/stage6/13_levy_v2_flood_all,4,pending,run_metadata.json is missing,,,,,
F04,disruption,stage6_13_levy_v2_flood_all_pt_reroute,popular_times_v2/stage6/13_levy_v2_flood_all_pt_reroute,0,pending,run_metadata.json is missing,,,,,
F04,disruption,stage6_13_levy_v2_flood_all_pt_reroute,popular_times_v2/stage6/13_levy_v2_flood_all_pt_reroute,1,pending,run_metadata.json is missing,,,,,
F04,disruption,stage6_13_levy_v2_flood_all_pt_reroute,popular_times_v2/stage6/13_levy_v2_flood_all_pt_reroute,2,pending,run_metadata.json is missing,,,,,
F04,disruption,stage6_13_levy_v2_flood_all_pt_reroute,popular_times_v2/stage6/13_levy_v2_flood_all_pt_reroute,3,pending,run_metadata.json is missing,,,,,
F04,disruption,stage6_13_levy_v2_flood_all_pt_reroute,popular_times_v2/stage6/13_levy_v2_flood_all_pt_reroute,4,pending,run_metadata.json is missing,,,,,
F05,disruption,stage6_94_levy_v2_flood_destinations,popular_times_v2/stage6/94_levy_v2_flood_destinations,0,pending,run_metadata.json is missing,,,,,
F05,disruption,stage6_94_levy_v2_flood_destinations,popular_times_v2/stage6/94_levy_v2_flood_destinations,1,pending,run_metadata.json is missing,,,,,
F05,disruption,stage6_94_levy_v2_flood_destinations,popular_times_v2/stage6/94_levy_v2_flood_destinations,2,pending,run_metadata.json is missing,,,,,
F05,disruption,stage6_94_levy_v2_flood_destinations,popular_times_v2/stage6/94_levy_v2_flood_destinations,3,pending,run_metadata.json is missing,,,,,
F05,disruption,stage6_94_levy_v2_flood_destinations,popular_times_v2/stage6/94_levy_v2_flood_destinations,4,pending,run_metadata.json is missing,,,,,
F06,disruption,stage6_94_levy_v2_flood_homes,popular_times_v2/stage6/94_levy_v2_flood_homes,0,pending,run_metadata.json is missing,,,,,
F06,disruption,stage6_94_levy_v2_flood_homes,popular_times_v2/stage6/94_levy_v2_flood_homes,1,pending,run_metadata.json is missing,,,,,
F06,disruption,stage6_94_levy_v2_flood_homes,popular_times_v2/stage6/94_levy_v2_flood_homes,2,pending,run_metadata.json is missing,,,,,
F06,disruption,stage6_94_levy_v2_flood_homes,popular_times_v2/stage6/94_levy_v2_flood_homes,3,pending,run_metadata.json is missing,,,,,
F06,disruption,stage6_94_levy_v2_flood_homes,popular_times_v2/stage6/94_levy_v2_flood_homes,4,pending,run_metadata.json is missing,,,,,
F07,disruption,stage6_94_levy_v2_flood_all,popular_times_v2/stage6/94_levy_v2_flood_all,0,pending,run_metadata.json is missing,,,,,
F07,disruption,stage6_94_levy_v2_flood_all,popular_times_v2/stage6/94_levy_v2_flood_all,1,pending,run_metadata.json is missing,,,,,
F07,disruption,stage6_94_levy_v2_flood_all,popular_times_v2/stage6/94_levy_v2_flood_all,2,pending,run_metadata.json is missing,,,,,
F07,disruption,stage6_94_levy_v2_flood_all,popular_times_v2/stage6/94_levy_v2_flood_all,3,pending,run_metadata.json is missing,,,,,
F07,disruption,stage6_94_levy_v2_flood_all,popular_times_v2/stage6/94_levy_v2_flood_all,4,pending,run_metadata.json is missing,,,,,
F08,disruption,stage6_94_levy_v2_flood_all_pt_reroute,popular_times_v2/stage6/94_levy_v2_flood_all_pt_reroute,0,pending,run_metadata.json is missing,,,,,
F08,disruption,stage6_94_levy_v2_flood_all_pt_reroute,popular_times_v2/stage6/94_levy_v2_flood_all_pt_reroute,1,pending,run_metadata.json is missing,,,,,
F08,disruption,stage6_94_levy_v2_flood_all_pt_reroute,popular_times_v2/stage6/94_levy_v2_flood_all_pt_reroute,2,pending,run_metadata.json is missing,,,,,
F08,disruption,stage6_94_levy_v2_flood_all_pt_reroute,popular_times_v2/stage6/94_levy_v2_flood_all_pt_reroute,3,pending,run_metadata.json is missing,,,,,
F08,disruption,stage6_94_levy_v2_flood_all_pt_reroute,popular_times_v2/stage6/94_levy_v2_flood_all_pt_reroute,4,pending,run_metadata.json is missing,,,,,
S01,shelter,v3_reference,shelter_tests/census_5m30_shelters_v3_daily_1%_test,0,pending,run_metadata.json is missing,,,,,
S01,shelter,v3_reference,shelter_tests/census_5m30_shelters_v3_daily_1%_test,1,pending,run_metadata.json is missing,,,,,
S01,shelter,v3_reference,shelter_tests/census_5m30_shelters_v3_daily_1%_test,2,pending,run_metadata.json is missing,,,,,
S01,shelter,v3_reference,shelter_tests/census_5m30_shelters_v3_daily_1%_test,3,pending,run_metadata.json is missing,,,,,
S01,shelter,v3_reference,shelter_tests/census_5m30_shelters_v3_daily_1%_test,4,pending,run_metadata.json is missing,,,,,
S02,shelter,v3_reference_reallocate,shelter_tests/census_5m30_shelters_v3_daily_1%_reallocate_test,0,pending,run_metadata.json is missing,,,,,
S02,shelter,v3_reference_reallocate,shelter_tests/census_5m30_shelters_v3_daily_1%_reallocate_test,1,pending,run_metadata.json is missing,,,,,
S02,shelter,v3_reference_reallocate,shelter_tests/census_5m30_shelters_v3_daily_1%_reallocate_test,2,pending,run_metadata.json is missing,,,,,
S02,shelter,v3_reference_reallocate,shelter_tests/census_5m30_shelters_v3_daily_1%_reallocate_test,3,pending,run_metadata.json is missing,,,,,
S02,shelter,v3_reference_reallocate,shelter_tests/census_5m30_shelters_v3_daily_1%_reallocate_test,4,pending,run_metadata.json is missing,,,,,
S03,shelter,capacity_0.5x,shelter_tests/census_5m30_shelters_v3_daily_1%_reallocate_test,0,pending,run_metadata.json is missing,,,,,
S03,shelter,capacity_0.5x,shelter_tests/census_5m30_shelters_v3_daily_1%_reallocate_test,1,pending,run_metadata.json is missing,,,,,
S03,shelter,capacity_0.5x,shelter_tests/census_5m30_shelters_v3_daily_1%_reallocate_test,2,pending,run_metadata.json is missing,,,,,
S03,shelter,capacity_0.5x,shelter_tests/census_5m30_shelters_v3_daily_1%_reallocate_test,3,pending,run_metadata.json is missing,,,,,
S03,shelter,capacity_0.5x,shelter_tests/census_5m30_shelters_v3_daily_1%_reallocate_test,4,pending,run_metadata.json is missing,,,,,
S04,shelter,capacity_2x,shelter_tests/census_5m30_shelters_v3_daily_1%_reallocate_test,0,pending,run_metadata.json is missing,,,,,
S04,shelter,capacity_2x,shelter_tests/census_5m30_shelters_v3_daily_1%_reallocate_test,1,pending,run_metadata.json is missing,,,,,
S04,shelter,capacity_2x,shelter_tests/census_5m30_shelters_v3_daily_1%_reallocate_test,2,pending,run_metadata.json is missing,,,,,
S04,shelter,capacity_2x,shelter_tests/census_5m30_shelters_v3_daily_1%_reallocate_test,3,pending,run_metadata.json is missing,,,,,
S04,shelter,capacity_2x,shelter_tests/census_5m30_shelters_v3_daily_1%_reallocate_test,4,pending,run_metadata.json is missing,,,,,
S05,shelter,capacity_5x,shelter_tests/census_5m30_shelters_v3_daily_1%_reallocate_test,0,pending,run_metadata.json is missing,,,,,
S05,shelter,capacity_5x,shelter_tests/census_5m30_shelters_v3_daily_1%_reallocate_test,1,pending,run_metadata.json is missing,,,,,
S05,shelter,capacity_5x,shelter_tests/census_5m30_shelters_v3_daily_1%_reallocate_test,2,pending,run_metadata.json is missing,,,,,
S05,shelter,capacity_5x,shelter_tests/census_5m30_shelters_v3_daily_1%_reallocate_test,3,pending,run_metadata.json is missing,,,,,
S05,shelter,capacity_5x,shelter_tests/census_5m30_shelters_v3_daily_1%_reallocate_test,4,pending,run_metadata.json is missing,,,,,
S06,shelter,capacity_15x,shelter_tests/census_5m30_shelters_v3_daily_1%_reallocate_test,0,pending,run_metadata.json is missing,,,,,
S06,shelter,capacity_15x,shelter_tests/census_5m30_shelters_v3_daily_1%_reallocate_test,1,pending,run_metadata.json is missing,,,,,
S06,shelter,capacity_15x,shelter_tests/census_5m30_shelters_v3_daily_1%_reallocate_test,2,pending,run_metadata.json is missing,,,,,
S06,shelter,capacity_15x,shelter_tests/census_5m30_shelters_v3_daily_1%_reallocate_test,3,pending,run_metadata.json is missing,,,,,
S06,shelter,capacity_15x,shelter_tests/census_5m30_shelters_v3_daily_1%_reallocate_test,4,pending,run_metadata.json is missing,,,,,
S07,shelter,response_0.005,shelter_tests/census_5m30_shelters_v3_daily_1%_reallocate_test,0,pending,run_metadata.json is missing,,,,,
S07,shelter,response_0.005,shelter_tests/census_5m30_shelters_v3_daily_1%_reallocate_test,1,pending,run_metadata.json is missing,,,,,
S07,shelter,response_0.005,shelter_tests/census_5m30_shelters_v3_daily_1%_reallocate_test,2,pending,run_metadata.json is missing,,,,,
S07,shelter,response_0.005,shelter_tests/census_5m30_shelters_v3_daily_1%_reallocate_test,3,pending,run_metadata.json is missing,,,,,
S07,shelter,response_0.005,shelter_tests/census_5m30_shelters_v3_daily_1%_reallocate_test,4,pending,run_metadata.json is missing,,,,,
S08,shelter,response_0.02,shelter_tests/census_5m30_shelters_v3_daily_1%_reallocate_test,0,pending,run_metadata.json is missing,,,,,
S08,shelter,response_0.02,shelter_tests/census_5m30_shelters_v3_daily_1%_reallocate_test,1,pending,run_metadata.json is missing,,,,,
S08,shelter,response_0.02,shelter_tests/census_5m30_shelters_v3_daily_1%_reallocate_test,2,pending,run_metadata.json is missing,,,,,
S08,shelter,response_0.02,shelter_tests/census_5m30_shelters_v3_daily_1%_reallocate_test,3,pending,run_metadata.json is missing,,,,,
S08,shelter,response_0.02,shelter_tests/census_5m30_shelters_v3_daily_1%_reallocate_test,4,pending,run_metadata.json is missing,,,,,
S09,shelter,response_0.05,shelter_tests/census_5m30_shelters_v3_daily_1%_reallocate_test,0,pending,run_metadata.json is missing,,,,,
S09,shelter,response_0.05,shelter_tests/census_5m30_shelters_v3_daily_1%_reallocate_test,1,pending,run_metadata.json is missing,,,,,
S09,shelter,response_0.05,shelter_tests/census_5m30_shelters_v3_daily_1%_reallocate_test,2,pending,run_metadata.json is missing,,,,,
S09,shelter,response_0.05,shelter_tests/census_5m30_shelters_v3_daily_1%_reallocate_test,3,pending,run_metadata.json is missing,,,,,
S09,shelter,response_0.05,shelter_tests/census_5m30_shelters_v3_daily_1%_reallocate_test,4,pending,run_metadata.json is missing,,,,,
S10,shelter,demand_0.25x,shelter_tests/census_5m30_shelters_v3_daily_1%_reallocate_test,0,pending,run_metadata.json is missing,,,,,
S10,shelter,demand_0.25x,shelter_tests/census_5m30_shelters_v3_daily_1%_reallocate_test,1,pending,run_metadata.json is missing,,,,,
S10,shelter,demand_0.25x,shelter_tests/census_5m30_shelters_v3_daily_1%_reallocate_test,2,pending,run_metadata.json is missing,,,,,
S10,shelter,demand_0.25x,shelter_tests/census_5m30_shelters_v3_daily_1%_reallocate_test,3,pending,run_metadata.json is missing,,,,,
S10,shelter,demand_0.25x,shelter_tests/census_5m30_shelters_v3_daily_1%_reallocate_test,4,pending,run_metadata.json is missing,,,,,
S11,shelter,demand_0.5x,shelter_tests/census_5m30_shelters_v3_daily_1%_reallocate_test,0,pending,run_metadata.json is missing,,,,,
S11,shelter,demand_0.5x,shelter_tests/census_5m30_shelters_v3_daily_1%_reallocate_test,1,pending,run_metadata.json is missing,,,,,
S11,shelter,demand_0.5x,shelter_tests/census_5m30_shelters_v3_daily_1%_reallocate_test,2,pending,run_metadata.json is missing,,,,,
S11,shelter,demand_0.5x,shelter_tests/census_5m30_shelters_v3_daily_1%_reallocate_test,3,pending,run_metadata.json is missing,,,,,
S11,shelter,demand_0.5x,shelter_tests/census_5m30_shelters_v3_daily_1%_reallocate_test,4,pending,run_metadata.json is missing,,,,,
S12,shelter,failure_largest_with_reallocation,shelter_tests/census_5m30_shelters_v3_daily_1%_reallocate_test,0,pending,run_metadata.json is missing,,,,,
S12,shelter,failure_largest_with_reallocation,shelter_tests/census_5m30_shelters_v3_daily_1%_reallocate_test,1,pending,run_metadata.json is missing,,,,,
S12,shelter,failure_largest_with_reallocation,shelter_tests/census_5m30_shelters_v3_daily_1%_reallocate_test,2,pending,run_metadata.json is missing,,,,,
S12,shelter,failure_largest_with_reallocation,shelter_tests/census_5m30_shelters_v3_daily_1%_reallocate_test,3,pending,run_metadata.json is missing,,,,,
S12,shelter,failure_largest_with_reallocation,shelter_tests/census_5m30_shelters_v3_daily_1%_reallocate_test,4,pending,run_metadata.json is missing,,,,,
S13,shelter,failure_top_10_percent_capacity_with_reallocation,shelter_tests/census_5m30_shelters_v3_daily_1%_reallocate_test,0,pending,run_metadata.json is missing,,,,,
S13,shelter,failure_top_10_percent_capacity_with_reallocation,shelter_tests/census_5m30_shelters_v3_daily_1%_reallocate_test,1,pending,run_metadata.json is missing,,,,,
S13,shelter,failure_top_10_percent_capacity_with_reallocation,shelter_tests/census_5m30_shelters_v3_daily_1%_reallocate_test,2,pending,run_metadata.json is missing,,,,,
S13,shelter,failure_top_10_percent_capacity_with_reallocation,shelter_tests/census_5m30_shelters_v3_daily_1%_reallocate_test,3,pending,run_metadata.json is missing,,,,,
S13,shelter,failure_top_10_percent_capacity_with_reallocation,shelter_tests/census_5m30_shelters_v3_daily_1%_reallocate_test,4,pending,run_metadata.json is missing,,,,,
D01,dialysis,K01_ReducedModerate,dialysis_core/K01_ReducedModerate,0,pending,run_metadata.json is missing,,,,,
D01,dialysis,K01_ReducedModerate,dialysis_core/K01_ReducedModerate,1,pending,run_metadata.json is missing,,,,,
D01,dialysis,K01_ReducedModerate,dialysis_core/K01_ReducedModerate,2,pending,run_metadata.json is missing,,,,,
D01,dialysis,K01_ReducedModerate,dialysis_core/K01_ReducedModerate,3,pending,run_metadata.json is missing,,,,,
D01,dialysis,K01_ReducedModerate,dialysis_core/K01_ReducedModerate,4,pending,run_metadata.json is missing,,,,,
D02,dialysis,K02_MoinhosNoRecovery,dialysis_core/K02_MoinhosNoRecovery,0,pending,run_metadata.json is missing,,,,,
D02,dialysis,K02_MoinhosNoRecovery,dialysis_core/K02_MoinhosNoRecovery,1,pending,run_metadata.json is missing,,,,,
D02,dialysis,K02_MoinhosNoRecovery,dialysis_core/K02_MoinhosNoRecovery,2,pending,run_metadata.json is missing,,,,,
D02,dialysis,K02_MoinhosNoRecovery,dialysis_core/K02_MoinhosNoRecovery,3,pending,run_metadata.json is missing,,,,,
D02,dialysis,K02_MoinhosNoRecovery,dialysis_core/K02_MoinhosNoRecovery,4,pending,run_metadata.json is missing,,,,,
D03,dialysis,K03_MoinhosFastRecovery,dialysis_core/K03_MoinhosFastRecovery,0,pending,run_metadata.json is missing,,,,,
D03,dialysis,K03_MoinhosFastRecovery,dialysis_core/K03_MoinhosFastRecovery,1,pending,run_metadata.json is missing,,,,,
D03,dialysis,K03_MoinhosFastRecovery,dialysis_core/K03_MoinhosFastRecovery,2,pending,run_metadata.json is missing,,,,,
D03,dialysis,K03_MoinhosFastRecovery,dialysis_core/K03_MoinhosFastRecovery,3,pending,run_metadata.json is missing,,,,,
D03,dialysis,K03_MoinhosFastRecovery,dialysis_core/K03_MoinhosFastRecovery,4,pending,run_metadata.json is missing,,,,,
D04,dialysis,K04_HistoricalClinicFlood,dialysis_core/K04_HistoricalClinicFlood,0,pending,run_metadata.json is missing,,,,,
D04,dialysis,K04_HistoricalClinicFlood,dialysis_core/K04_HistoricalClinicFlood,1,pending,run_metadata.json is missing,,,,,
D04,dialysis,K04_HistoricalClinicFlood,dialysis_core/K04_HistoricalClinicFlood,2,pending,run_metadata.json is missing,,,,,
D04,dialysis,K04_HistoricalClinicFlood,dialysis_core/K04_HistoricalClinicFlood,3,pending,run_metadata.json is missing,,,,,
D04,dialysis,K04_HistoricalClinicFlood,dialysis_core/K04_HistoricalClinicFlood,4,pending,run_metadata.json is missing,,,,,
D05,dialysis,K05_SyntheticETAFlood,dialysis_core/K05_SyntheticETAFlood,0,pending,run_metadata.json is missing,,,,,
D05,dialysis,K05_SyntheticETAFlood,dialysis_core/K05_SyntheticETAFlood,1,pending,run_metadata.json is missing,,,,,
D05,dialysis,K05_SyntheticETAFlood,dialysis_core/K05_SyntheticETAFlood,2,pending,run_metadata.json is missing,,,,,
D05,dialysis,K05_SyntheticETAFlood,dialysis_core/K05_SyntheticETAFlood,3,pending,run_metadata.json is missing,,,,,
D05,dialysis,K05_SyntheticETAFlood,dialysis_core/K05_SyntheticETAFlood,4,pending,run_metadata.json is missing,,,,,
D06,dialysis,K06_CombinedMoinhosMenino,dialysis_core/K06_CombinedMoinhosMenino,0,pending,run_metadata.json is missing,,,,,
D06,dialysis,K06_CombinedMoinhosMenino,dialysis_core/K06_CombinedMoinhosMenino,1,pending,run_metadata.json is missing,,,,,
D06,dialysis,K06_CombinedMoinhosMenino,dialysis_core/K06_CombinedMoinhosMenino,2,pending,run_metadata.json is missing,,,,,
D06,dialysis,K06_CombinedMoinhosMenino,dialysis_core/K06_CombinedMoinhosMenino,3,pending,run_metadata.json is missing,,,,,
D06,dialysis,K06_CombinedMoinhosMenino,dialysis_core/K06_CombinedMoinhosMenino,4,pending,run_metadata.json is missing,,,,,
D07,dialysis,K07_ReducedAboveCapacity,dialysis_core/K07_ReducedAboveCapacity,0,pending,run_metadata.json is missing,,,,,
D07,dialysis,K07_ReducedAboveCapacity,dialysis_core/K07_ReducedAboveCapacity,1,pending,run_metadata.json is missing,,,,,
D07,dialysis,K07_ReducedAboveCapacity,dialysis_core/K07_ReducedAboveCapacity,2,pending,run_metadata.json is missing,,,,,
D07,dialysis,K07_ReducedAboveCapacity,dialysis_core/K07_ReducedAboveCapacity,3,pending,run_metadata.json is missing,,,,,
D07,dialysis,K07_ReducedAboveCapacity,dialysis_core/K07_ReducedAboveCapacity,4,pending,run_metadata.json is missing,,,,,
D08,dialysis,K08_HighCapacityClinicFailure,dialysis_core/K08_HighCapacityClinicFailure,0,pending,run_metadata.json is missing,,,,,
D08,dialysis,K08_HighCapacityClinicFailure,dialysis_core/K08_HighCapacityClinicFailure,1,pending,run_metadata.json is missing,,,,,
D08,dialysis,K08_HighCapacityClinicFailure,dialysis_core/K08_HighCapacityClinicFailure,2,pending,run_metadata.json is missing,,,,,
D08,dialysis,K08_HighCapacityClinicFailure,dialysis_core/K08_HighCapacityClinicFailure,3,pending,run_metadata.json is missing,,,,,
D08,dialysis,K08_HighCapacityClinicFailure,dialysis_core/K08_HighCapacityClinicFailure,4,pending,run_metadata.json is missing,,,,,
D09,dialysis,K09_MatchedLowCapacityFailures,dialysis_core/K09_MatchedLowCapacityFailures,0,pending,run_metadata.json is missing,,,,,
D09,dialysis,K09_MatchedLowCapacityFailures,dialysis_core/K09_MatchedLowCapacityFailures,1,pending,run_metadata.json is missing,,,,,
D09,dialysis,K09_MatchedLowCapacityFailures,dialysis_core/K09_MatchedLowCapacityFailures,2,pending,run_metadata.json is missing,,,,,
D09,dialysis,K09_MatchedLowCapacityFailures,dialysis_core/K09_MatchedLowCapacityFailures,3,pending,run_metadata.json is missing,,,,,
D09,dialysis,K09_MatchedLowCapacityFailures,dialysis_core/K09_MatchedLowCapacityFailures,4,pending,run_metadata.json is missing,,,,,
D10,dialysis,K10_CompleteModerate,dialysis_core/K10_CompleteModerate,0,pending,run_metadata.json is missing,,,,,
D10,dialysis,K10_CompleteModerate,dialysis_core/K10_CompleteModerate,1,pending,run_metadata.json is missing,,,,,
D10,dialysis,K10_CompleteModerate,dialysis_core/K10_CompleteModerate,2,pending,run_metadata.json is missing,,,,,
D10,dialysis,K10_CompleteModerate,dialysis_core/K10_CompleteModerate,3,pending,run_metadata.json is missing,,,,,
D10,dialysis,K10_CompleteModerate,dialysis_core/K10_CompleteModerate,4,pending,run_metadata.json is missing,,,,,
D11,dialysis,K11_CompleteCombined,dialysis_core/K11_CompleteCombined,0,pending,run_metadata.json is missing,,,,,
D11,dialysis,K11_CompleteCombined,dialysis_core/K11_CompleteCombined,1,pending,run_metadata.json is missing,,,,,
D11,dialysis,K11_CompleteCombined,dialysis_core/K11_CompleteCombined,2,pending,run_metadata.json is missing,,,,,
D11,dialysis,K11_CompleteCombined,dialysis_core/K11_CompleteCombined,3,pending,run_metadata.json is missing,,,,,
D11,dialysis,K11_CompleteCombined,dialysis_core/K11_CompleteCombined,4,pending,run_metadata.json is missing,,,,,
