scenario;seed;group;reason;packets;requested;fulfilled;unmet
13_levy_v2_flood_none;0;student;fulfilled;75880.0;1932560.0;1932560.0;0.0
13_levy_v2_flood_none;0;worker;fulfilled;580326.0;4897468.0;4897468.0;0.0
13_levy_v2_flood_none;0;worker;insufficient_population;2.0;12.0;10.0;2.0
13_levy_v2_flood_none;1;student;fulfilled;75768.0;1932280.0;1932280.0;0.0
13_levy_v2_flood_none;1;worker;fulfilled;580270.0;4897578.0;4897578.0;0.0
13_levy_v2_flood_none;1;worker;insufficient_population;2.0;14.0;12.0;2.0
13_levy_v2_flood_none;2;student;fulfilled;75768.0;1931664.0;1931664.0;0.0
13_levy_v2_flood_none;2;worker;fulfilled;580213.0;4898022.0;4898022.0;0.0
13_levy_v2_flood_none;2;worker;insufficient_population;3.0;18.0;15.0;3.0
13_levy_v2_flood_none;3;student;fulfilled;75880.0;1931608.0;1931608.0;0.0
13_levy_v2_flood_none;3;worker;fulfilled;580381.0;4897847.0;4897847.0;0.0
13_levy_v2_flood_none;3;worker;insufficient_population;3.0;25.0;22.0;3.0
13_levy_v2_flood_none;4;student;fulfilled;75992.0;1932504.0;1932504.0;0.0
13_levy_v2_flood_none;4;worker;fulfilled;580268.0;4898123.0;4898123.0;0.0
13_levy_v2_flood_none;4;worker;insufficient_population;4.0;29.0;25.0;4.0
13_levy_v2_flood_destinations;0;student;anticipated_destination_disable;126.0;3368.0;0.0;3368.0
13_levy_v2_flood_destinations;0;student;destination_disabled;4927.0;123883.0;0.0;123883.0
13_levy_v2_flood_destinations;0;student;fulfilled;70819.0;1805082.0;1805082.0;0.0
13_levy_v2_flood_destinations;0;student;insufficient_population;8.0;227.0;219.0;8.0
13_levy_v2_flood_destinations;0;worker;anticipated_destination_disable;2029.0;21340.0;0.0;21340.0
13_levy_v2_flood_destinations;0;worker;destination_disabled;43130.0;362800.0;0.0;362800.0
13_levy_v2_flood_destinations;0;worker;fulfilled;535169.0;4513340.0;4513340.0;0.0
13_levy_v2_flood_destinations;1;student;anticipated_destination_disable;139.0;3761.0;0.0;3761.0
13_levy_v2_flood_destinations;1;student;destination_disabled;4971.0;126738.0;0.0;126738.0
13_levy_v2_flood_destinations;1;student;fulfilled;70653.0;1801641.0;1801641.0;0.0
13_levy_v2_flood_destinations;1;student;insufficient_population;5.0;140.0;133.0;7.0
13_levy_v2_flood_destinations;1;worker;anticipated_destination_disable;2048.0;21499.0;0.0;21499.0
13_levy_v2_flood_destinations;1;worker;destination_disabled;43295.0;366820.0;0.0;366820.0
13_levy_v2_flood_destinations;1;worker;fulfilled;534928.0;4509264.0;4509264.0;0.0
13_levy_v2_flood_destinations;1;worker;insufficient_population;1.0;9.0;8.0;1.0
13_levy_v2_flood_destinations;2;student;anticipated_destination_disable;113.0;3090.0;0.0;3090.0
13_levy_v2_flood_destinations;2;student;destination_disabled;4995.0;126099.0;0.0;126099.0
13_levy_v2_flood_destinations;2;student;fulfilled;70654.0;1802305.0;1802305.0;0.0
13_levy_v2_flood_destinations;2;student;insufficient_population;6.0;170.0;163.0;7.0
13_levy_v2_flood_destinations;2;worker;anticipated_destination_disable;2019.0;20602.0;0.0;20602.0
13_levy_v2_flood_destinations;2;worker;destination_disabled;43204.0;365056.0;0.0;365056.0
13_levy_v2_flood_destinations;2;worker;fulfilled;534991.0;4512370.0;4512370.0;0.0
13_levy_v2_flood_destinations;2;worker;insufficient_population;2.0;12.0;10.0;2.0
13_levy_v2_flood_destinations;3;student;anticipated_destination_disable;130.0;3512.0;0.0;3512.0
13_levy_v2_flood_destinations;3;student;destination_disabled;4915.0;125235.0;0.0;125235.0
13_levy_v2_flood_destinations;3;student;fulfilled;70831.0;1802750.0;1802750.0;0.0
13_levy_v2_flood_destinations;3;student;insufficient_population;4.0;111.0;107.0;4.0
13_levy_v2_flood_destinations;3;worker;anticipated_destination_disable;1975.0;21085.0;0.0;21085.0
13_levy_v2_flood_destinations;3;worker;destination_disabled;43417.0;364660.0;0.0;364660.0
13_levy_v2_flood_destinations;3;worker;fulfilled;534991.0;4512122.0;4512122.0;0.0
13_levy_v2_flood_destinations;3;worker;insufficient_population;1.0;5.0;4.0;1.0
13_levy_v2_flood_destinations;4;student;anticipated_destination_disable;135.0;3680.0;0.0;3680.0
13_levy_v2_flood_destinations;4;student;destination_disabled;4983.0;126082.0;0.0;126082.0
13_levy_v2_flood_destinations;4;student;fulfilled;70868.0;1802576.0;1802576.0;0.0
13_levy_v2_flood_destinations;4;student;insufficient_population;6.0;166.0;160.0;6.0
13_levy_v2_flood_destinations;4;worker;anticipated_destination_disable;1977.0;20630.0;0.0;20630.0
13_levy_v2_flood_destinations;4;worker;destination_disabled;42825.0;360595.0;0.0;360595.0
13_levy_v2_flood_destinations;4;worker;fulfilled;535469.0;4516922.0;4516922.0;0.0
13_levy_v2_flood_destinations;4;worker;insufficient_population;1.0;5.0;4.0;1.0
13_levy_v2_flood_homes;0;student;fulfilled;65814.0;1691819.0;1691819.0;0.0
13_levy_v2_flood_homes;0;student;insufficient_population;5148.0;122084.0;43223.0;78861.0
13_levy_v2_flood_homes;0;student;origin_disabled;4918.0;118657.0;0.0;118657.0
13_levy_v2_flood_homes;0;worker;fulfilled;514645.0;4341971.0;4341971.0;0.0
13_levy_v2_flood_homes;0;worker;insufficient_population;28688.0;255728.0;22034.0;233694.0
13_levy_v2_flood_homes;0;worker;origin_disabled;36995.0;299781.0;0.0;299781.0
13_levy_v2_flood_homes;1;student;fulfilled;65529.0;1688623.0;1688623.0;0.0
13_levy_v2_flood_homes;1;student;insufficient_population;5321.0;124902.0;44810.0;80092.0
13_levy_v2_flood_homes;1;student;origin_disabled;4918.0;118755.0;0.0;118755.0
13_levy_v2_flood_homes;1;worker;fulfilled;514096.0;4339574.0;4339574.0;0.0
13_levy_v2_flood_homes;1;worker;insufficient_population;29209.0;258130.0;20144.0;237986.0
13_levy_v2_flood_homes;1;worker;origin_disabled;36967.0;299888.0;0.0;299888.0
13_levy_v2_flood_homes;2;student;fulfilled;65749.0;1694471.0;1694471.0;0.0
13_levy_v2_flood_homes;2;student;insufficient_population;5101.0;118765.0;43365.0;75400.0
13_levy_v2_flood_homes;2;student;origin_disabled;4918.0;118428.0;0.0;118428.0
13_levy_v2_flood_homes;2;worker;fulfilled;513630.0;4342226.0;4342226.0;0.0
13_levy_v2_flood_homes;2;worker;insufficient_population;29656.0;255806.0;19174.0;236632.0
13_levy_v2_flood_homes;2;worker;origin_disabled;36930.0;300008.0;0.0;300008.0
13_levy_v2_flood_homes;3;student;fulfilled;65765.0;1689588.0;1689588.0;0.0
13_levy_v2_flood_homes;3;student;insufficient_population;5197.0;123465.0;45389.0;78076.0
13_levy_v2_flood_homes;3;student;origin_disabled;4918.0;118555.0;0.0;118555.0
13_levy_v2_flood_homes;3;worker;fulfilled;513834.0;4336244.0;4336244.0;0.0
13_levy_v2_flood_homes;3;worker;insufficient_population;29583.0;261672.0;22913.0;238759.0
13_levy_v2_flood_homes;3;worker;origin_disabled;36967.0;299956.0;0.0;299956.0
13_levy_v2_flood_homes;4;student;fulfilled;66003.0;1691988.0;1691988.0;0.0
13_levy_v2_flood_homes;4;student;insufficient_population;5071.0;121955.0;44584.0;77371.0
13_levy_v2_flood_homes;4;student;origin_disabled;4918.0;118561.0;0.0;118561.0
13_levy_v2_flood_homes;4;worker;fulfilled;513746.0;4338526.0;4338526.0;0.0
13_levy_v2_flood_homes;4;worker;insufficient_population;29482.0;259735.0;23507.0;236228.0
13_levy_v2_flood_homes;4;worker;origin_disabled;37044.0;299891.0;0.0;299891.0
13_levy_v2_flood_all;0;student;anticipated_destination_disable;118.0;3059.0;0.0;3059.0
13_levy_v2_flood_all;0;student;destination_disabled;3704.0;93297.0;0.0;93297.0
13_levy_v2_flood_all;0;student;fulfilled;63608.0;1637449.0;1637449.0;0.0
13_levy_v2_flood_all;0;student;insufficient_population;3532.0;80098.0;36852.0;43246.0
13_levy_v2_flood_all;0;student;origin_disabled;4918.0;118657.0;0.0;118657.0
13_levy_v2_flood_all;0;worker;anticipated_destination_disable;1833.0;19257.0;0.0;19257.0
13_levy_v2_flood_all;0;worker;destination_disabled;32963.0;278953.0;0.0;278953.0
13_levy_v2_flood_all;0;worker;fulfilled;483540.0;4102246.0;4102246.0;0.0
13_levy_v2_flood_all;0;worker;insufficient_population;24997.0;197243.0;20852.0;176391.0
13_levy_v2_flood_all;0;worker;origin_disabled;36995.0;299781.0;0.0;299781.0
13_levy_v2_flood_all;1;student;anticipated_destination_disable;134.0;3639.0;0.0;3639.0
13_levy_v2_flood_all;1;student;destination_disabled;3570.0;91038.0;0.0;91038.0
13_levy_v2_flood_all;1;student;fulfilled;63100.0;1623966.0;1623966.0;0.0
13_levy_v2_flood_all;1;student;insufficient_population;4046.0;94882.0;40156.0;54726.0
13_levy_v2_flood_all;1;student;origin_disabled;4918.0;118755.0;0.0;118755.0
13_levy_v2_flood_all;1;worker;anticipated_destination_disable;1832.0;20001.0;0.0;20001.0
13_levy_v2_flood_all;1;worker;destination_disabled;33062.0;277682.0;0.0;277682.0
13_levy_v2_flood_all;1;worker;fulfilled;484711.0;4115969.0;4115969.0;0.0
13_levy_v2_flood_all;1;worker;insufficient_population;23700.0;184052.0;17655.0;166397.0
13_levy_v2_flood_all;1;worker;origin_disabled;36967.0;299888.0;0.0;299888.0
13_levy_v2_flood_all;2;student;anticipated_destination_disable;100.0;2802.0;0.0;2802.0
13_levy_v2_flood_all;2;student;destination_disabled;3636.0;92705.0;0.0;92705.0
13_levy_v2_flood_all;2;student;fulfilled;63310.0;1628077.0;1628077.0;0.0
13_levy_v2_flood_all;2;student;insufficient_population;3804.0;89652.0;37652.0;52000.0
13_levy_v2_flood_all;2;student;origin_disabled;4918.0;118428.0;0.0;118428.0
13_levy_v2_flood_all;2;worker;anticipated_destination_disable;1844.0;19051.0;0.0;19051.0
13_levy_v2_flood_all;2;worker;destination_disabled;33121.0;280309.0;0.0;280309.0
13_levy_v2_flood_all;2;worker;fulfilled;484378.0;4110942.0;4110942.0;0.0
13_levy_v2_flood_all;2;worker;insufficient_population;23943.0;187730.0;18527.0;169203.0
13_levy_v2_flood_all;2;worker;origin_disabled;36930.0;300008.0;0.0;300008.0
13_levy_v2_flood_all;3;student;anticipated_destination_disable;125.0;3276.0;0.0;3276.0
13_levy_v2_flood_all;3;student;destination_disabled;3676.0;93772.0;0.0;93772.0
13_levy_v2_flood_all;3;student;fulfilled;63152.0;1623511.0;1623511.0;0.0
13_levy_v2_flood_all;3;student;insufficient_population;4009.0;92494.0;37782.0;54712.0
13_levy_v2_flood_all;3;student;origin_disabled;4918.0;118555.0;0.0;118555.0
13_levy_v2_flood_all;3;worker;anticipated_destination_disable;1879.0;19887.0;0.0;19887.0
13_levy_v2_flood_all;3;worker;destination_disabled;32935.0;281775.0;0.0;281775.0
13_levy_v2_flood_all;3;worker;fulfilled;484740.0;4107825.0;4107825.0;0.0
13_levy_v2_flood_all;3;worker;insufficient_population;23863.0;188429.0;22486.0;165943.0
13_levy_v2_flood_all;3;worker;origin_disabled;36967.0;299956.0;0.0;299956.0
13_levy_v2_flood_all;4;student;anticipated_destination_disable;138.0;3902.0;0.0;3902.0
13_levy_v2_flood_all;4;student;destination_disabled;3529.0;90434.0;0.0;90434.0
13_levy_v2_flood_all;4;student;fulfilled;64014.0;1642854.0;1642854.0;0.0
13_levy_v2_flood_all;4;student;insufficient_population;3393.0;76753.0;28403.0;48350.0
13_levy_v2_flood_all;4;student;origin_disabled;4918.0;118561.0;0.0;118561.0
13_levy_v2_flood_all;4;worker;anticipated_destination_disable;1803.0;19793.0;0.0;19793.0
13_levy_v2_flood_all;4;worker;destination_disabled;33266.0;281643.0;0.0;281643.0
13_levy_v2_flood_all;4;worker;fulfilled;485383.0;4116358.0;4116358.0;0.0
13_levy_v2_flood_all;4;worker;insufficient_population;22776.0;180467.0;19229.0;161238.0
13_levy_v2_flood_all;4;worker;origin_disabled;37044.0;299891.0;0.0;299891.0
13_levy_v2_flood_all_pt_reroute;0;student;anticipated_destination_disable;149.0;3927.0;0.0;3927.0
13_levy_v2_flood_all_pt_reroute;0;student;destination_disabled;3640.0;93138.0;0.0;93138.0
13_levy_v2_flood_all_pt_reroute;0;student;fulfilled;63484.0;1632984.0;1632984.0;0.0
13_levy_v2_flood_all_pt_reroute;0;student;insufficient_population;3689.0;83854.0;34434.0;49420.0
13_levy_v2_flood_all_pt_reroute;0;student;origin_disabled;4918.0;118657.0;0.0;118657.0
13_levy_v2_flood_all_pt_reroute;0;worker;anticipated_destination_disable;1875.0;19438.0;0.0;19438.0
13_levy_v2_flood_all_pt_reroute;0;worker;destination_disabled;33089.0;279683.0;0.0;279683.0
13_levy_v2_flood_all_pt_reroute;0;worker;fulfilled;483657.0;4099466.0;4099466.0;0.0
13_levy_v2_flood_all_pt_reroute;0;worker;insufficient_population;24712.0;199112.0;21420.0;177692.0
13_levy_v2_flood_all_pt_reroute;0;worker;origin_disabled;36995.0;299781.0;0.0;299781.0
13_levy_v2_flood_all_pt_reroute;1;student;anticipated_destination_disable;127.0;3647.0;0.0;3647.0
13_levy_v2_flood_all_pt_reroute;1;student;destination_disabled;3538.0;90126.0;0.0;90126.0
13_levy_v2_flood_all_pt_reroute;1;student;fulfilled;62974.0;1620678.0;1620678.0;0.0
13_levy_v2_flood_all_pt_reroute;1;student;insufficient_population;4211.0;99074.0;40537.0;58537.0
13_levy_v2_flood_all_pt_reroute;1;student;origin_disabled;4918.0;118755.0;0.0;118755.0
13_levy_v2_flood_all_pt_reroute;1;worker;anticipated_destination_disable;1763.0;18747.0;0.0;18747.0
13_levy_v2_flood_all_pt_reroute;1;worker;destination_disabled;33519.0;281689.0;0.0;281689.0
13_levy_v2_flood_all_pt_reroute;1;worker;fulfilled;483324.0;4103160.0;4103160.0;0.0
13_levy_v2_flood_all_pt_reroute;1;worker;insufficient_population;24699.0;194108.0;20575.0;173533.0
13_levy_v2_flood_all_pt_reroute;1;worker;origin_disabled;36967.0;299888.0;0.0;299888.0
13_levy_v2_flood_all_pt_reroute;2;student;anticipated_destination_disable;111.0;3088.0;0.0;3088.0
13_levy_v2_flood_all_pt_reroute;2;student;destination_disabled;3632.0;93210.0;0.0;93210.0
13_levy_v2_flood_all_pt_reroute;2;student;fulfilled;63024.0;1618564.0;1618564.0;0.0
13_levy_v2_flood_all_pt_reroute;2;student;insufficient_population;4083.0;98374.0;42259.0;56115.0
13_levy_v2_flood_all_pt_reroute;2;student;origin_disabled;4918.0;118428.0;0.0;118428.0
13_levy_v2_flood_all_pt_reroute;2;worker;anticipated_destination_disable;1820.0;18848.0;0.0;18848.0
13_levy_v2_flood_all_pt_reroute;2;worker;destination_disabled;33093.0;277549.0;0.0;277549.0
13_levy_v2_flood_all_pt_reroute;2;worker;fulfilled;484039.0;4110492.0;4110492.0;0.0
13_levy_v2_flood_all_pt_reroute;2;worker;insufficient_population;24334.0;191143.0;21454.0;169689.0
13_levy_v2_flood_all_pt_reroute;2;worker;origin_disabled;36930.0;300008.0;0.0;300008.0
13_levy_v2_flood_all_pt_reroute;3;student;anticipated_destination_disable;110.0;3008.0;0.0;3008.0
13_levy_v2_flood_all_pt_reroute;3;student;destination_disabled;3609.0;92285.0;0.0;92285.0
13_levy_v2_flood_all_pt_reroute;3;student;fulfilled;63076.0;1622082.0;1622082.0;0.0
13_levy_v2_flood_all_pt_reroute;3;student;insufficient_population;4167.0;95678.0;38234.0;57444.0
13_levy_v2_flood_all_pt_reroute;3;student;origin_disabled;4918.0;118555.0;0.0;118555.0
13_levy_v2_flood_all_pt_reroute;3;worker;anticipated_destination_disable;1847.0;19002.0;0.0;19002.0
13_levy_v2_flood_all_pt_reroute;3;worker;destination_disabled;33091.0;277497.0;0.0;277497.0
13_levy_v2_flood_all_pt_reroute;3;worker;fulfilled;483759.0;4103113.0;4103113.0;0.0
13_levy_v2_flood_all_pt_reroute;3;worker;insufficient_population;24720.0;198304.0;23720.0;174584.0
13_levy_v2_flood_all_pt_reroute;3;worker;origin_disabled;36967.0;299956.0;0.0;299956.0
13_levy_v2_flood_all_pt_reroute;4;student;anticipated_destination_disable;144.0;3851.0;0.0;3851.0
13_levy_v2_flood_all_pt_reroute;4;student;destination_disabled;3699.0;93505.0;0.0;93505.0
13_levy_v2_flood_all_pt_reroute;4;student;fulfilled;63366.0;1630652.0;1630652.0;0.0
13_levy_v2_flood_all_pt_reroute;4;student;insufficient_population;3865.0;85935.0;34950.0;50985.0
13_levy_v2_flood_all_pt_reroute;4;student;origin_disabled;4918.0;118561.0;0.0;118561.0
13_levy_v2_flood_all_pt_reroute;4;worker;anticipated_destination_disable;1818.0;19685.0;0.0;19685.0
13_levy_v2_flood_all_pt_reroute;4;worker;destination_disabled;33534.0;283992.0;0.0;283992.0
13_levy_v2_flood_all_pt_reroute;4;worker;fulfilled;484765.0;4109538.0;4109538.0;0.0
13_levy_v2_flood_all_pt_reroute;4;worker;insufficient_population;23111.0;185046.0;17561.0;167485.0
13_levy_v2_flood_all_pt_reroute;4;worker;origin_disabled;37044.0;299891.0;0.0;299891.0
94_levy_v2_flood_none;0;student;fulfilled;549012.0;16184992.0;16184992.0;0.0
94_levy_v2_flood_none;0;student;insufficient_population;516.0;25552.0;24696.0;856.0
94_levy_v2_flood_none;0;worker;fulfilled;3636079.0;40702412.0;40702412.0;0.0
94_levy_v2_flood_none;0;worker;insufficient_population;1.0;12.0;11.0;1.0
94_levy_v2_flood_none;1;student;fulfilled;549439.0;16179976.0;16179976.0;0.0
94_levy_v2_flood_none;1;student;insufficient_population;593.0;29392.0;28466.0;926.0
94_levy_v2_flood_none;1;worker;fulfilled;3636300.0;40702338.0;40702338.0;0.0
94_levy_v2_flood_none;1;worker;insufficient_population;4.0;30.0;26.0;4.0
94_levy_v2_flood_none;2;student;fulfilled;548850.0;16187515.0;16187515.0;0.0
94_levy_v2_flood_none;2;student;insufficient_population;454.0;22469.0;21750.0;719.0
94_levy_v2_flood_none;2;worker;fulfilled;3635350.0;40702292.0;40702292.0;0.0
94_levy_v2_flood_none;2;worker;insufficient_population;2.0;20.0;18.0;2.0
94_levy_v2_flood_none;3;student;fulfilled;549388.0;16181824.0;16181824.0;0.0
94_levy_v2_flood_none;3;student;insufficient_population;532.0;26368.0;25504.0;864.0
94_levy_v2_flood_none;3;worker;fulfilled;3636191.0;40706052.0;40706052.0;0.0
94_levy_v2_flood_none;3;worker;insufficient_population;1.0;12.0;11.0;1.0
94_levy_v2_flood_none;4;student;fulfilled;549767.0;16182523.0;16182523.0;0.0
94_levy_v2_flood_none;4;student;insufficient_population;545.0;27013.0;26101.0;912.0
94_levy_v2_flood_none;4;worker;fulfilled;3635905.0;40701698.0;40701698.0;0.0
94_levy_v2_flood_none;4;worker;insufficient_population;7.0;54.0;47.0;7.0
94_levy_v2_flood_destinations;0;student;anticipated_destination_disable;511.0;14409.0;0.0;14409.0
94_levy_v2_flood_destinations;0;student;destination_disabled;30986.0;868391.0;0.0;868391.0
94_levy_v2_flood_destinations;0;student;fulfilled;517591.0;15307134.0;15307134.0;0.0
94_levy_v2_flood_destinations;0;student;insufficient_population;440.0;20610.0;19900.0;710.0
94_levy_v2_flood_destinations;0;worker;anticipated_destination_disable;6169.0;76933.0;0.0;76933.0
94_levy_v2_flood_destinations;0;worker;destination_disabled;209919.0;2244726.0;0.0;2244726.0
94_levy_v2_flood_destinations;0;worker;fulfilled;3419988.0;38380732.0;38380732.0;0.0
94_levy_v2_flood_destinations;0;worker;insufficient_population;4.0;33.0;29.0;4.0
94_levy_v2_flood_destinations;1;student;anticipated_destination_disable;479.0;13487.0;0.0;13487.0
94_levy_v2_flood_destinations;1;student;destination_disabled;31115.0;873928.0;0.0;873928.0
94_levy_v2_flood_destinations;1;student;fulfilled;517906.0;15296578.0;15296578.0;0.0
94_levy_v2_flood_destinations;1;student;insufficient_population;532.0;25375.0;24500.0;875.0
94_levy_v2_flood_destinations;1;worker;anticipated_destination_disable;6298.0;76760.0;0.0;76760.0
94_levy_v2_flood_destinations;1;worker;destination_disabled;209961.0;2240176.0;0.0;2240176.0
94_levy_v2_flood_destinations;1;worker;fulfilled;3420042.0;38385399.0;38385399.0;0.0
94_levy_v2_flood_destinations;1;worker;insufficient_population;3.0;33.0;30.0;3.0
94_levy_v2_flood_destinations;2;student;anticipated_destination_disable;520.0;14570.0;0.0;14570.0
94_levy_v2_flood_destinations;2;student;destination_disabled;31135.0;872412.0;0.0;872412.0
94_levy_v2_flood_destinations;2;student;fulfilled;517252.0;15304248.0;15304248.0;0.0
94_levy_v2_flood_destinations;2;student;insufficient_population;397.0;18754.0;18133.0;621.0
94_levy_v2_flood_destinations;2;worker;anticipated_destination_disable;6373.0;78798.0;0.0;78798.0
94_levy_v2_flood_destinations;2;worker;destination_disabled;210153.0;2246950.0;0.0;2246950.0
94_levy_v2_flood_destinations;2;worker;fulfilled;3418823.0;38376535.0;38376535.0;0.0
94_levy_v2_flood_destinations;2;worker;insufficient_population;3.0;29.0;26.0;3.0
94_levy_v2_flood_destinations;3;student;anticipated_destination_disable;485.0;14285.0;0.0;14285.0
94_levy_v2_flood_destinations;3;student;destination_disabled;31074.0;871108.0;0.0;871108.0
94_levy_v2_flood_destinations;3;student;fulfilled;517904.0;15301232.0;15301232.0;0.0
94_levy_v2_flood_destinations;3;student;insufficient_population;457.0;21567.0;20822.0;745.0
94_levy_v2_flood_destinations;3;worker;anticipated_destination_disable;6335.0;78061.0;0.0;78061.0
94_levy_v2_flood_destinations;3;worker;destination_disabled;209669.0;2243814.0;0.0;2243814.0
94_levy_v2_flood_destinations;3;worker;fulfilled;3420186.0;38384172.0;38384172.0;0.0
94_levy_v2_flood_destinations;3;worker;insufficient_population;2.0;17.0;15.0;2.0
94_levy_v2_flood_destinations;4;student;anticipated_destination_disable;493.0;14765.0;0.0;14765.0
94_levy_v2_flood_destinations;4;student;destination_disabled;31048.0;874547.0;0.0;874547.0
94_levy_v2_flood_destinations;4;student;fulfilled;518257.0;15295899.0;15295899.0;0.0
94_levy_v2_flood_destinations;4;student;insufficient_population;514.0;24325.0;23510.0;815.0
94_levy_v2_flood_destinations;4;worker;anticipated_destination_disable;6436.0;78697.0;0.0;78697.0
94_levy_v2_flood_destinations;4;worker;destination_disabled;210256.0;2244763.0;0.0;2244763.0
94_levy_v2_flood_destinations;4;worker;fulfilled;3419216.0;38378268.0;38378268.0;0.0
94_levy_v2_flood_destinations;4;worker;insufficient_population;4.0;24.0;20.0;4.0
94_levy_v2_flood_homes;0;student;fulfilled;503465.0;14992204.0;14992204.0;0.0
94_levy_v2_flood_homes;0;student;insufficient_population;15042.0;394356.0;156032.0;238324.0
94_levy_v2_flood_homes;0;student;origin_disabled;31021.0;823984.0;0.0;823984.0
94_levy_v2_flood_homes;0;worker;fulfilled;3351364.0;37807734.0;37807734.0;0.0
94_levy_v2_flood_homes;0;worker;insufficient_population;80265.0;813043.0;69122.0;743921.0
94_levy_v2_flood_homes;0;worker;origin_disabled;204451.0;2081647.0;0.0;2081647.0
94_levy_v2_flood_homes;1;student;fulfilled;503697.0;14987898.0;14987898.0;0.0
94_levy_v2_flood_homes;1;student;insufficient_population;15224.0;397160.0;160785.0;236375.0
94_levy_v2_flood_homes;1;student;origin_disabled;31111.0;824310.0;0.0;824310.0
94_levy_v2_flood_homes;1;worker;fulfilled;3350513.0;37791319.0;37791319.0;0.0
94_levy_v2_flood_homes;1;worker;insufficient_population;81254.0;829463.0;68609.0;760854.0
94_levy_v2_flood_homes;1;worker;origin_disabled;204537.0;2081586.0;0.0;2081586.0
94_levy_v2_flood_homes;2;student;fulfilled;503163.0;14996596.0;14996596.0;0.0
94_levy_v2_flood_homes;2;student;insufficient_population;15120.0;389351.0;150173.0;239178.0
94_levy_v2_flood_homes;2;student;origin_disabled;31021.0;824037.0;0.0;824037.0
94_levy_v2_flood_homes;2;worker;fulfilled;3351245.0;37802300.0;37802300.0;0.0
94_levy_v2_flood_homes;2;worker;insufficient_population;79577.0;817779.0;67415.0;750364.0
94_levy_v2_flood_homes;2;worker;origin_disabled;204530.0;2082233.0;0.0;2082233.0
94_levy_v2_flood_homes;3;student;fulfilled;503989.0;14995290.0;14995290.0;0.0
94_levy_v2_flood_homes;3;student;insufficient_population;14837.0;388920.0;155726.0;233194.0
94_levy_v2_flood_homes;3;student;origin_disabled;31094.0;823982.0;0.0;823982.0
94_levy_v2_flood_homes;3;worker;fulfilled;3350279.0;37795516.0;37795516.0;0.0
94_levy_v2_flood_homes;3;worker;insufficient_population;81220.0;828158.0;72608.0;755550.0
94_levy_v2_flood_homes;3;worker;origin_disabled;204693.0;2082390.0;0.0;2082390.0
94_levy_v2_flood_homes;4;student;fulfilled;503952.0;14989581.0;14989581.0;0.0
94_levy_v2_flood_homes;4;student;insufficient_population;15312.0;395544.0;155867.0;239677.0
94_levy_v2_flood_homes;4;student;origin_disabled;31048.0;824411.0;0.0;824411.0
94_levy_v2_flood_homes;4;worker;fulfilled;3351485.0;37811911.0;37811911.0;0.0
94_levy_v2_flood_homes;4;worker;insufficient_population;79938.0;807761.0;71554.0;736207.0
94_levy_v2_flood_homes;4;worker;origin_disabled;204489.0;2082080.0;0.0;2082080.0
94_levy_v2_flood_all;0;student;anticipated_destination_disable;432.0;12617.0;0.0;12617.0
94_levy_v2_flood_all;0;student;destination_disabled;18443.0;532138.0;0.0;532138.0
94_levy_v2_flood_all;0;student;fulfilled;489105.0;14573509.0;14573509.0;0.0
94_levy_v2_flood_all;0;student;insufficient_population;10527.0;268296.0;115422.0;152874.0
94_levy_v2_flood_all;0;student;origin_disabled;31021.0;823984.0;0.0;823984.0
94_levy_v2_flood_all;0;worker;anticipated_destination_disable;5521.0;70497.0;0.0;70497.0
94_levy_v2_flood_all;0;worker;destination_disabled;126146.0;1359780.0;0.0;1359780.0
94_levy_v2_flood_all;0;worker;fulfilled;3239196.0;36648060.0;36648060.0;0.0
94_levy_v2_flood_all;0;worker;insufficient_population;60766.0;542440.0;62254.0;480186.0
94_levy_v2_flood_all;0;worker;origin_disabled;204451.0;2081647.0;0.0;2081647.0
94_levy_v2_flood_all;1;student;anticipated_destination_disable;420.0;11855.0;0.0;11855.0
94_levy_v2_flood_all;1;student;destination_disabled;18276.0;527513.0;0.0;527513.0
94_levy_v2_flood_all;1;student;fulfilled;489466.0;14570431.0;14570431.0;0.0
94_levy_v2_flood_all;1;student;insufficient_population;10759.0;275259.0;122323.0;152936.0
94_levy_v2_flood_all;1;student;origin_disabled;31111.0;824310.0;0.0;824310.0
94_levy_v2_flood_all;1;worker;anticipated_destination_disable;5455.0;68614.0;0.0;68614.0
94_levy_v2_flood_all;1;worker;destination_disabled;125958.0;1359694.0;0.0;1359694.0
94_levy_v2_flood_all;1;worker;fulfilled;3238565.0;36640291.0;36640291.0;0.0
94_levy_v2_flood_all;1;worker;insufficient_population;61789.0;552183.0;56429.0;495754.0
94_levy_v2_flood_all;1;worker;origin_disabled;204537.0;2081586.0;0.0;2081586.0
94_levy_v2_flood_all;2;student;anticipated_destination_disable;494.0;13526.0;0.0;13526.0
94_levy_v2_flood_all;2;student;destination_disabled;18375.0;531019.0;0.0;531019.0
94_levy_v2_flood_all;2;student;fulfilled;489382.0;14588794.0;14588794.0;0.0
94_levy_v2_flood_all;2;student;insufficient_population;10032.0;252608.0;109335.0;143273.0
94_levy_v2_flood_all;2;student;origin_disabled;31021.0;824037.0;0.0;824037.0
94_levy_v2_flood_all;2;worker;anticipated_destination_disable;5405.0;69446.0;0.0;69446.0
94_levy_v2_flood_all;2;worker;destination_disabled;125765.0;1354331.0;0.0;1354331.0
94_levy_v2_flood_all;2;worker;fulfilled;3237888.0;36642863.0;36642863.0;0.0
94_levy_v2_flood_all;2;worker;insufficient_population;61764.0;553439.0;58616.0;494823.0
94_levy_v2_flood_all;2;worker;origin_disabled;204530.0;2082233.0;0.0;2082233.0
94_levy_v2_flood_all;3;student;anticipated_destination_disable;455.0;13756.0;0.0;13756.0
94_levy_v2_flood_all;3;student;destination_disabled;18350.0;528914.0;0.0;528914.0
94_levy_v2_flood_all;3;student;fulfilled;489448.0;14585814.0;14585814.0;0.0
94_levy_v2_flood_all;3;student;insufficient_population;10573.0;255726.0;112035.0;143691.0
94_levy_v2_flood_all;3;student;origin_disabled;31094.0;823982.0;0.0;823982.0
94_levy_v2_flood_all;3;worker;anticipated_destination_disable;5504.0;70992.0;0.0;70992.0
94_levy_v2_flood_all;3;worker;destination_disabled;125794.0;1357989.0;0.0;1357989.0
94_levy_v2_flood_all;3;worker;fulfilled;3238597.0;36650938.0;36650938.0;0.0
94_levy_v2_flood_all;3;worker;insufficient_population;61604.0;543755.0;62543.0;481212.0
94_levy_v2_flood_all;3;worker;origin_disabled;204693.0;2082390.0;0.0;2082390.0
94_levy_v2_flood_all;4;student;anticipated_destination_disable;448.0;13475.0;0.0;13475.0
94_levy_v2_flood_all;4;student;destination_disabled;18276.0;527653.0;0.0;527653.0
94_levy_v2_flood_all;4;student;fulfilled;490103.0;14584823.0;14584823.0;0.0
94_levy_v2_flood_all;4;student;insufficient_population;10437.0;259174.0;118808.0;140366.0
94_levy_v2_flood_all;4;student;origin_disabled;31048.0;824411.0;0.0;824411.0
94_levy_v2_flood_all;4;worker;anticipated_destination_disable;5476.0;70496.0;0.0;70496.0
94_levy_v2_flood_all;4;worker;destination_disabled;125661.0;1358131.0;0.0;1358131.0
94_levy_v2_flood_all;4;worker;fulfilled;3238829.0;36642612.0;36642612.0;0.0
94_levy_v2_flood_all;4;worker;insufficient_population;61457.0;548433.0;55891.0;492542.0
94_levy_v2_flood_all;4;worker;origin_disabled;204489.0;2082080.0;0.0;2082080.0
94_levy_v2_flood_all_pt_reroute;0;student;anticipated_destination_disable;450.0;13073.0;0.0;13073.0
94_levy_v2_flood_all_pt_reroute;0;student;destination_disabled;18018.0;518906.0;0.0;518906.0
94_levy_v2_flood_all_pt_reroute;0;student;fulfilled;489232.0;14576797.0;14576797.0;0.0
94_levy_v2_flood_all_pt_reroute;0;student;insufficient_population;10807.0;277784.0;118452.0;159332.0
94_levy_v2_flood_all_pt_reroute;0;student;origin_disabled;31021.0;823984.0;0.0;823984.0
94_levy_v2_flood_all_pt_reroute;0;worker;anticipated_destination_disable;5434.0;70045.0;0.0;70045.0
94_levy_v2_flood_all_pt_reroute;0;worker;destination_disabled;125527.0;1350717.0;0.0;1350717.0
94_levy_v2_flood_all_pt_reroute;0;worker;fulfilled;3237775.0;36627260.0;36627260.0;0.0
94_levy_v2_flood_all_pt_reroute;0;worker;insufficient_population;62893.0;572755.0;58154.0;514601.0
94_levy_v2_flood_all_pt_reroute;0;worker;origin_disabled;204451.0;2081647.0;0.0;2081647.0
94_levy_v2_flood_all_pt_reroute;1;student;anticipated_destination_disable;418.0;12091.0;0.0;12091.0
94_levy_v2_flood_all_pt_reroute;1;student;destination_disabled;18358.0;530926.0;0.0;530926.0
94_levy_v2_flood_all_pt_reroute;1;student;fulfilled;488779.0;14549424.0;14549424.0;0.0
94_levy_v2_flood_all_pt_reroute;1;student;insufficient_population;11366.0;292617.0;126721.0;165896.0
94_levy_v2_flood_all_pt_reroute;1;student;origin_disabled;31111.0;824310.0;0.0;824310.0
94_levy_v2_flood_all_pt_reroute;1;worker;anticipated_destination_disable;5604.0;71367.0;0.0;71367.0
94_levy_v2_flood_all_pt_reroute;1;worker;destination_disabled;126254.0;1364403.0;0.0;1364403.0
94_levy_v2_flood_all_pt_reroute;1;worker;fulfilled;3234821.0;36587389.0;36587389.0;0.0
94_levy_v2_flood_all_pt_reroute;1;worker;insufficient_population;65088.0;597623.0;60243.0;537380.0
94_levy_v2_flood_all_pt_reroute;1;worker;origin_disabled;204537.0;2081586.0;0.0;2081586.0
94_levy_v2_flood_all_pt_reroute;2;student;anticipated_destination_disable;470.0;13533.0;0.0;13533.0
94_levy_v2_flood_all_pt_reroute;2;student;destination_disabled;18170.0;521282.0;0.0;521282.0
94_levy_v2_flood_all_pt_reroute;2;student;fulfilled;488771.0;14573544.0;14573544.0;0.0
94_levy_v2_flood_all_pt_reroute;2;student;insufficient_population;10872.0;277588.0;118367.0;159221.0
94_levy_v2_flood_all_pt_reroute;2;student;origin_disabled;31021.0;824037.0;0.0;824037.0
94_levy_v2_flood_all_pt_reroute;2;worker;anticipated_destination_disable;5468.0;71071.0;0.0;71071.0
94_levy_v2_flood_all_pt_reroute;2;worker;destination_disabled;125801.0;1362732.0;0.0;1362732.0
94_levy_v2_flood_all_pt_reroute;2;worker;fulfilled;3236350.0;36603281.0;36603281.0;0.0
94_levy_v2_flood_all_pt_reroute;2;worker;insufficient_population;63203.0;582995.0;60363.0;522632.0
94_levy_v2_flood_all_pt_reroute;2;worker;origin_disabled;204530.0;2082233.0;0.0;2082233.0
94_levy_v2_flood_all_pt_reroute;3;student;anticipated_destination_disable;455.0;13461.0;0.0;13461.0
94_levy_v2_flood_all_pt_reroute;3;student;destination_disabled;18509.0;535441.0;0.0;535441.0
94_levy_v2_flood_all_pt_reroute;3;student;fulfilled;488902.0;14561344.0;14561344.0;0.0
94_levy_v2_flood_all_pt_reroute;3;student;insufficient_population;10960.0;273964.0;121373.0;152591.0
94_levy_v2_flood_all_pt_reroute;3;student;origin_disabled;31094.0;823982.0;0.0;823982.0
94_levy_v2_flood_all_pt_reroute;3;worker;anticipated_destination_disable;5517.0;70600.0;0.0;70600.0
94_levy_v2_flood_all_pt_reroute;3;worker;destination_disabled;125575.0;1357834.0;0.0;1357834.0
94_levy_v2_flood_all_pt_reroute;3;worker;fulfilled;3236938.0;36623772.0;36623772.0;0.0
94_levy_v2_flood_all_pt_reroute;3;worker;insufficient_population;63469.0;571468.0;58920.0;512548.0
94_levy_v2_flood_all_pt_reroute;3;worker;origin_disabled;204693.0;2082390.0;0.0;2082390.0
94_levy_v2_flood_all_pt_reroute;4;student;anticipated_destination_disable;458.0;13735.0;0.0;13735.0
94_levy_v2_flood_all_pt_reroute;4;student;destination_disabled;18455.0;535542.0;0.0;535542.0
94_levy_v2_flood_all_pt_reroute;4;student;fulfilled;489116.0;14554582.0;14554582.0;0.0
94_levy_v2_flood_all_pt_reroute;4;student;insufficient_population;11235.0;281266.0;126445.0;154821.0
94_levy_v2_flood_all_pt_reroute;4;student;origin_disabled;31048.0;824411.0;0.0;824411.0
94_levy_v2_flood_all_pt_reroute;4;worker;anticipated_destination_disable;5499.0;70060.0;0.0;70060.0
94_levy_v2_flood_all_pt_reroute;4;worker;destination_disabled;125615.0;1353840.0;0.0;1353840.0
94_levy_v2_flood_all_pt_reroute;4;worker;fulfilled;3236633.0;36606948.0;36606948.0;0.0
94_levy_v2_flood_all_pt_reroute;4;worker;insufficient_population;63676.0;588824.0;67057.0;521767.0
94_levy_v2_flood_all_pt_reroute;4;worker;origin_disabled;204489.0;2082080.0;0.0;2082080.0
