scenario;seed;group;original_population;cycle_attendance_rate;exact_cycle_demand;requested;fulfilled;unmet;fulfillment_rate;packet_count;actual_blob_fragments;departures;population_moved;returns;population_returned;temporary_returns;return_blocked;repatriations;occupancy;outbound_traveler_distance;return_traveler_distance;temporary_home_traveler_distance;repatriation_traveler_distance;destination_reroutes;rerouted_fulfilled;receiving_load;mean_outbound_distance;mean_return_distance
13_levy_v2_flood_none;0;worker;87455;1.0;87455;4897480.0;4897478.0;2.0;0.9999995916267141;580328.0;586820.0;580328.0;4897478.0;576900.0;4873816.0;0.0;0.0;0.0;39133162.0;6990723134.195837;6957109041.787086;0.0;0.0;0.0;0.0;981;1427.4128713178166;1427.4459769895059
13_levy_v2_flood_none;0;student;34510;1.0;34510;1932560.0;1932560.0;0.0;1.0;75880.0;103158.0;75880.0;1932560.0;75880.0;1932560.0;0.0;0.0;0.0;1932560.0;2672218263.9715056;2672218263.9715056;0.0;0.0;0.0;0.0;295;1382.7349546567793;1382.7349546567793
13_levy_v2_flood_none;1;worker;87457;1.0;87457;4897592.0;4897590.0;2.0;0.999999591636053;580272.0;586849.0;580272.0;4897590.0;576844.0;4873928.0;0.0;0.0;0.0;39134024.0;6962615396.970604;6928607178.2746935;0.0;0.0;0.0;0.0;1085;1421.6411330819044;1421.565353093992
13_levy_v2_flood_none;1;student;34505;1.0;34505;1932280.0;1932280.0;0.0;1.0;75768.0;103155.0;75768.0;1932280.0;75768.0;1932280.0;0.0;0.0;0.0;1932280.0;2670241290.369176;2670241290.369176;0.0;0.0;0.0;0.0;273;1381.912192005908;1381.912192005908
13_levy_v2_flood_none;2;worker;87465;1.0;87465;4898040.0;4898037.0;3.0;0.9999993875101061;580216.0;586818.0;580216.0;4898037.0;576789.0;4874375.0;0.0;0.0;0.0;39137615.0;6981543338.0013275;6948404078.361915;0.0;0.0;0.0;0.0;1077;1425.3757858508066;1425.496413050271
13_levy_v2_flood_none;2;student;34494;1.0;34494;1931664.0;1931664.0;0.0;1.0;75768.0;103160.0;75768.0;1931664.0;75768.0;1931664.0;0.0;0.0;0.0;1931664.0;2656794591.1185317;2656794591.1185317;0.0;0.0;0.0;0.0;270;1375.3916784277865;1375.3916784277865
13_levy_v2_flood_none;3;worker;87462;1.0;87462;4897872.0;4897869.0;3.0;0.9999993874890973;580384.0;586951.0;580384.0;4897869.0;576956.0;4874208.0;0.0;0.0;0.0;39136218.0;6971837909.9668;6938907032.113304;0.0;0.0;0.0;0.0;984;1423.4431157645906;1423.5968247791855
13_levy_v2_flood_none;3;student;34493;1.0;34493;1931608.0;1931608.0;0.0;1.0;75880.0;103351.0;75880.0;1931608.0;75880.0;1931608.0;0.0;0.0;0.0;1931608.0;2662686666.2018657;2662686666.2018657;0.0;0.0;0.0;0.0;296;1378.4819001587618;1378.4819001587618
13_levy_v2_flood_none;4;worker;87467;1.0;87467;4898152.0;4898148.0;4.0;0.9999991833654815;580272.0;586813.0;580272.0;4898148.0;576844.0;4874488.0;0.0;0.0;0.0;39138555.0;6967497456.30721;6934007181.410217;0.0;0.0;0.0;0.0;1077;1422.475894217;1422.509847477359
13_levy_v2_flood_none;4;student;34509;1.0;34509;1932504.0;1932504.0;0.0;1.0;75992.0;103271.0;75992.0;1932504.0;75992.0;1932504.0;0.0;0.0;0.0;1932504.0;2654317101.789497;2654317101.789497;0.0;0.0;0.0;0.0;268;1373.5118280684007;1373.5118280684007
13_levy_v2_flood_destinations;0;worker;87455;1.0;87455;4897480.0;4513340.0;384140.0;0.9215637429861888;580328.0;540306.0;535169.0;4513340.0;531813.0;4490200.0;0.0;0.0;0.0;36061238.0;6274060898.691898;6241939387.687362;0.0;0.0;0.0;0.0;1050;1390.114837059007;1390.12502509629
13_levy_v2_flood_destinations;0;student;34510;1.0;34510;1932560.0;1805301.0;127259.0;0.9341500393260752;75880.0;93996.0;70827.0;1805301.0;70827.0;1805301.0;0.0;0.0;0.0;1805301.0;2470551587.9384995;2470551587.9384995;0.0;0.0;0.0;0.0;281;1368.4984320833476;1368.4984320833476
13_levy_v2_flood_destinations;1;worker;87457;1.0;87457;4897592.0;4509272.0;388320.0;0.920712056047135;580272.0;540109.0;534929.0;4509272.0;531571.0;4486016.0;0.0;0.0;0.0;36028250.0;6267890396.9560995;6234858691.885989;0.0;0.0;0.0;0.0;1173;1390.0005138204347;1389.8431686124145
13_levy_v2_flood_destinations;1;student;34505;1.0;34505;1932280.0;1801774.0;130506.0;0.9324600989504627;75768.0;93916.0;70658.0;1801774.0;70658.0;1801774.0;0.0;0.0;0.0;1801774.0;2463374235.2139487;2463374235.2139487;0.0;0.0;0.0;0.0;248;1367.1937963440191;1367.1937963440191
13_levy_v2_flood_destinations;2;worker;87465;1.0;87465;4898040.0;4512380.0;385660.0;0.921262382504022;580216.0;540276.0;534993.0;4512380.0;531634.0;4489192.0;0.0;0.0;0.0;36053434.0;6288289127.263072;6256467998.740581;0.0;0.0;0.0;0.0;1020;1393.5637351603968;1393.6735160226117
13_levy_v2_flood_destinations;2;student;34494;1.0;34494;1931664.0;1802468.0;129196.0;0.9331167325166282;75768.0;93580.0;70660.0;1802468.0;70660.0;1802468.0;0.0;0.0;0.0;1802468.0;2463251233.3484144;2463251233.3484144;0.0;0.0;0.0;0.0;274;1366.5991481393369;1366.5991481393369
13_levy_v2_flood_destinations;3;worker;87462;1.0;87462;4897872.0;4512126.0;385746.0;0.9212421231097914;580384.0;540131.0;534992.0;4512126.0;531636.0;4488927.0;0.0;0.0;0.0;36051339.0;6241940523.621641;6210234963.731494;0.0;0.0;0.0;0.0;1044;1383.3701726462516;1383.4564393075436
13_levy_v2_flood_destinations;3;student;34493;1.0;34493;1931608.0;1802857.0;128751.0;0.9333451714840693;75880.0;93949.0;70835.0;1802857.0;70835.0;1802857.0;0.0;0.0;0.0;1802857.0;2458853531.0200276;2458853531.0200276;0.0;0.0;0.0;0.0;253;1363.8649826470028;1363.8649826470028
13_levy_v2_flood_destinations;4;worker;87467;1.0;87467;4898152.0;4516926.0;381226.0;0.9221694222637435;580272.0;540646.0;535470.0;4516926.0;532120.0;4493878.0;0.0;0.0;0.0;36089883.0;6273873373.321065;6241881140.631507;0.0;0.0;0.0;0.0;1088;1388.9697049101678;1388.974320315662
13_levy_v2_flood_destinations;4;student;34509;1.0;34509;1932504.0;1802736.0;129768.0;0.932849815576061;75992.0;93940.0;70874.0;1802736.0;70874.0;1802736.0;0.0;0.0;0.0;1802736.0;2461401725.9929075;2461401725.9929075;0.0;0.0;0.0;0.0;323;1365.3700408672748;1365.3700408672748
13_levy_v2_flood_homes;0;worker;87455;1.0;87455;4897480.0;4364005.0;533475.0;0.8910715306647501;580328.0;629981.0;516946.0;4364005.0;617031.0;4330209.0;13740.0;0.0;5871.0;34872691.0;6217085492.756246;6169635868.54975;1867728.8672145926;7979739.7254434135;0.0;0.0;1135;1424.6284073359782;1424.7893966664774
13_levy_v2_flood_homes;0;student;34510;1.0;34510;1932560.0;1735042.0;197518.0;0.8977946350954175;75880.0;100843.0;68422.0;1735042.0;78408.0;1732140.0;2902.0;0.0;736.0;1784117.0;2381330175.215954;2377107848.506078;359743.8722929902;1038879.4893911191;0.0;0.0;311;1372.491372091254;1372.353186524229
13_levy_v2_flood_homes;1;worker;87457;1.0;87457;4897592.0;4359718.0;537874.0;0.8901758251810278;580272.0;636246.0;516333.0;4359718.0;623090.0;4326012.0;13739.0;0.0;5785.0;34838664.0;6188072167.487125;6139727004.296782;1808109.053563919;8341540.255845771;0.0;0.0;1018;1419.374410796094;1419.2579688398419
13_levy_v2_flood_homes;1;student;34505;1.0;34505;1932280.0;1733433.0;198847.0;0.8970920363508395;75768.0;101565.0;68350.0;1733433.0;79455.0;1730514.0;2919.0;0.0;702.0;1782347.0;2395982149.607453;2391214124.6717997;377691.7383962663;1048723.8276337145;0.0;0.0;278;1382.2179164741024;1381.7941517212803
13_levy_v2_flood_homes;2;worker;87465;1.0;87465;4898040.0;4361400.0;536640.0;0.8904378077761717;580216.0;627004.0;515903.0;4361400.0;613662.0;4327679.0;13757.0;0.0;5723.0;34852226.0;6205388224.867672;6156781234.496972;1817912.6487387433;8230805.920990493;0.0;0.0;1020;1422.7973184912348;1422.6520115047747
13_levy_v2_flood_homes;2;student;34494;1.0;34494;1931664.0;1737836.0;193828.0;0.899657497370143;75768.0;101316.0;68373.0;1737836.0;78526.0;1734944.0;2892.0;0.0;784.0;1786877.0;2387157353.743998;2383061230.0332217;427565.12770361267;1113895.2002796417;0.0;0.0;256;1373.6378770747056;1373.566656925654
13_levy_v2_flood_homes;3;worker;87462;1.0;87462;4897872.0;4359157.0;538715.0;0.8900103963517217;580384.0;628417.0;516047.0;4359157.0;615004.0;4325432.0;13781.0;0.0;5850.0;34834232.0;6205499274.859071;6157485248.533241;1972488.602224992;8314897.469052524;0.0;0.0;936;1423.5548925764938;1423.5538204122136
13_levy_v2_flood_homes;3;student;34493;1.0;34493;1931608.0;1734977.0;196631.0;0.8982034657135403;75880.0;100881.0;68446.0;1734977.0;78671.0;1732076.0;2901.0;0.0;743.0;1784024.0;2383757133.512342;2379971562.710736;344800.7278193024;1113898.074286661;0.0;0.0;268;1373.9416335273274;1374.0572369288275
13_levy_v2_flood_homes;4;worker;87467;1.0;87467;4898152.0;4362033.0;536119.0;0.8905466796457113;580272.0;634101.0;515980.0;4362033.0;620770.0;4328338.0;13744.0;0.0;5786.0;34857267.0;6186543096.460584;6138129087.308846;1854371.5827655352;8293112.062128765;0.0;0.0;961;1418.2705854037747;1418.1260999739038
13_levy_v2_flood_homes;4;student;34509;1.0;34509;1932504.0;1736572.0;195932.0;0.8986123702719373;75992.0;101680.0;68691.0;1736572.0;79645.0;1733693.0;2879.0;0.0;710.0;1785710.0;2379659844.525751;2375173097.1209526;347974.91535228625;1038840.7424276865;0.0;0.0;237;1370.32028877913;1370.007894777768
13_levy_v2_flood_all;0;worker;87455;1.0;87455;4897480.0;4123098.0;774382.0;0.8418815390772397;580328.0;579844.0;485881.0;4123098.0;568150.0;4092412.0;11189.0;0.0;5008.0;32946881.0;5642134374.852345;5596820298.981953;843485.9625814162;8035384.949428253;0.0;0.0;952;1368.421118016682;1367.6091994114847
13_levy_v2_flood_all;0;student;34510;1.0;34510;1932560.0;1674301.0;258259.0;0.8663643043424266;75880.0;93585.0;65810.0;1674301.0;72269.0;1672294.0;2007.0;0.0;653.0;1711491.0;2253842637.439716;2250383889.1419454;150253.76800171283;970372.8188893625;0.0;0.0;276;1346.139456071349;1345.6867567197785
13_levy_v2_flood_all;1;worker;87457;1.0;87457;4897592.0;4133624.0;763968.0;0.8440115060625711;580272.0;578463.0;486862.0;4133624.0;566439.0;4103182.0;10716.0;0.0;4903.0;33030847.0;5668050021.584902;5623668853.03496;740338.1863924839;7783664.0722926725;0.0;0.0;995;1371.2059978326286;1370.562859028666
13_levy_v2_flood_all;1;student;34505;1.0;34505;1932280.0;1664122.0;268158.0;0.8612219761111226;75768.0;94308.0;65478.0;1664122.0;73418.0;1661715.0;2407.0;0.0;666.0;1707583.0;2245194281.9132557;2241153322.9493375;187489.6751359636;1195564.9633781828;0.0;0.0;300;1349.1764918156575;1348.6989784345315
13_levy_v2_flood_all;2;worker;87465;1.0;87465;4898040.0;4129469.0;768571.0;0.8430860099141697;580216.0;575043.0;486566.0;4129469.0;563203.0;4098732.0;10960.0;0.0;5003.0;32997569.0;5659333859.986232;5614511195.218194;795800.1096329608;7720337.535642548;0.0;0.0;1195;1370.4749593679555;1369.8166152893612
13_levy_v2_flood_all;2;student;34494;1.0;34494;1931664.0;1665729.0;265935.0;0.8623285416097209;75768.0;93015.0;65503.0;1665729.0;72349.0;1663401.0;2328.0;0.0;673.0;1718700.0;2254896389.943896;2251306545.361143;178484.26262685793;827319.2269888306;0.0;0.0;254;1353.6994252629904;1353.4358494200394
13_levy_v2_flood_all;3;worker;87462;1.0;87462;4897872.0;4130311.0;767561.0;0.8432868396724128;580384.0;572594.0;487058.0;4130311.0;560806.0;4099349.0;10984.0;0.0;5045.0;33004099.0;5675098659.227375;5630540859.874169;791865.1807742022;7551697.470864177;0.0;0.0;888;1374.0124313223325;1373.520737042435
13_levy_v2_flood_all;3;student;34493;1.0;34493;1931608.0;1661293.0;270315.0;0.8600570094967509;75880.0;93519.0;65548.0;1661293.0;73169.0;1659084.0;2209.0;0.0;495.0;1714345.0;2235995506.5530844;2232907766.088095;169305.73697808813;545080.6230505147;0.0;0.0;255;1345.936873599711;1345.8678198862115
13_levy_v2_flood_all;4;worker;87467;1.0;87467;4898152.0;4135587.0;762565.0;0.8443157746023399;580272.0;575313.0;487654.0;4135587.0;563568.0;4104928.0;10764.0;0.0;4896.0;33045931.0;5674717313.175509;5630507677.356257;868287.544201106;7458278.453545244;0.0;0.0;967;1372.1673158309834;1371.6459039857111
13_levy_v2_flood_all;4;student;34509;1.0;34509;1932504.0;1671257.0;261247.0;0.864814251354719;75992.0;93499.0;65932.0;1671257.0;72657.0;1669071.0;2186.0;0.0;667.0;1715006.0;2258493042.276523;2255454819.056819;155920.8751886215;880508.8846349573;0.0;0.0;233;1351.3738714491685;1351.3234721931055
13_levy_v2_flood_all_pt_reroute;0;worker;87455;1.0;87455;4897480.0;4120886.0;776594.0;0.8414298782230861;580328.0;578420.0;485970.0;4120886.0;566501.0;4090085.0;11063.0;0.0;5033.0;32928905.0;5642525280.053381;5598305093.036648;813091.7993082271;7274622.901009088;0.0;0.0;951;1369.2505155574265;1368.7503054427102
13_levy_v2_flood_all_pt_reroute;0;student;34510;1.0;34510;1932560.0;1667418.0;265142.0;0.8628027072898125;75880.0;94028.0;65657.0;1667418.0;72656.0;1665294.0;2124.0;0.0;713.0;1713641.0;2246157725.48881;2242635428.2774267;155243.65125471374;953829.9159445944;0.0;0.0;267;1347.087368307653;1346.6903911726258
13_levy_v2_flood_all_pt_reroute;1;worker;87457;1.0;87457;4897592.0;4123735.0;773857.0;0.8419923505265444;580272.0;577421.0;485639.0;4123735.0;565271.0;4093418.0;10624.0;0.0;4729.0;32951514.0;5655970885.98101;5611896996.840196;740021.959749224;7520155.542679797;0.0;0.0;982;1371.565070495803;1370.9562514358895
13_levy_v2_flood_all_pt_reroute;1;student;34505;1.0;34505;1932280.0;1661215.0;271065.0;0.8597175357608628;75768.0;95395.0;65442.0;1661215.0;74080.0;1658775.0;2440.0;0.0;675.0;1713844.0;2240075640.7966385;2236231170.270175;184955.43692617232;883525.1763395637;0.0;0.0;234;1348.4561846579993;1348.122060116758
13_levy_v2_flood_all_pt_reroute;2;worker;87465;1.0;87465;4898040.0;4131946.0;766094.0;0.843591722403247;580216.0;575376.0;486419.0;4131946.0;563229.0;4101482.0;10728.0;0.0;4856.0;33017485.0;5664037653.304561;5619103308.75844;837810.7407182644;7791264.7078636335;0.0;0.0;958;1370.7917899470517;1370.017790827423
13_levy_v2_flood_all_pt_reroute;2;student;34494;1.0;34494;1931664.0;1660823.0;270841.0;0.8597887624348748;75768.0;94245.0;65381.0;1660823.0;73186.0;1658563.0;2260.0;0.0;612.0;1706855.0;2244231763.476329;2240666904.431315;165347.24933558167;765839.3062486252;0.0;0.0;285;1351.2769051707069;1350.9688232712988
13_levy_v2_flood_all_pt_reroute;3;worker;87462;1.0;87462;4897872.0;4126833.0;771039.0;0.8425767353658895;580384.0;572494.0;486039.0;4126833.0;560697.0;4096152.0;10964.0;0.0;5066.0;32976398.0;5663290452.653389;5619344998.016739;798131.0899586359;7945493.456307265;0.0;0.0;1066;1372.3090933540052;1371.8594910581294
13_levy_v2_flood_all_pt_reroute;3;student;34493;1.0;34493;1931608.0;1660316.0;271292.0;0.859551213289653;75880.0;94129.0;65481.0;1660316.0;73258.0;1657984.0;2332.0;0.0;623.0;1703135.0;2240906533.4211636;2237214083.236265;202469.82908398547;1018434.515547659;0.0;0.0;234;1349.6867665077993;1349.3580657209388
13_levy_v2_flood_all_pt_reroute;4;worker;87467;1.0;87467;4898152.0;4127099.0;771053.0;0.8425828761541088;580272.0;575071.0;486816.0;4127099.0;563233.0;4096638.0;10714.0;0.0;4882.0;32978242.0;5651099443.261483;5606762634.80714;824339.0854452837;7337658.583053904;0.0;0.0;910;1369.2667520845716;1368.625354450928
13_levy_v2_flood_all_pt_reroute;4;student;34509;1.0;34509;1932504.0;1665602.0;266902.0;0.8618879960921167;75992.0;93350.0;65605.0;1665602.0;71877.0;1663468.0;2134.0;0.0;615.0;1702266.0;2247486293.9945426;2244520128.87914;146515.1009469756;897852.1921658026;0.0;0.0;249;1349.353743568117;1349.3016570677282
94_levy_v2_flood_none;0;worker;726829;1.0;726829;40702424.0;40702423.0;1.0;0.9999999754314387;3636080.0;3727362.0;3636080.0;40702423.0;3614803.0;40505155.0;0.0;0.0;0.0;325229551.0;150077730270.09952;149349738957.60443;0.0;0.0;0.0;0.0;1011;3687.194009803778;3687.1785568430596
94_levy_v2_flood_none;0;student;289474;1.0;289474;16210544.0;16209688.0;856.0;0.9999471948628004;549528.0;778385.0;549528.0;16209688.0;549528.0;16209688.0;0.0;0.0;0.0;16209688.0;59679738300.52902;59679738300.52902;0.0;0.0;0.0;0.0;413;3681.7326959364686;3681.7326959364686
94_levy_v2_flood_none;1;worker;726828;1.0;726828;40702368.0;40702364.0;4.0;0.9999999017256195;3636304.0;3727450.0;3636304.0;40702364.0;3615023.0;40505069.0;0.0;0.0;0.0;325229123.0;150217655264.70184;149485434450.78342;0.0;0.0;0.0;0.0;970;3690.6371154437575;3690.536472133486
94_levy_v2_flood_none;1;student;289453;1.0;289453;16209368.0;16208442.0;926.0;0.99994287254136;550032.0;778371.0;550032.0;16208442.0;550032.0;16208442.0;0.0;0.0;0.0;16208442.0;59682543631.22652;59682543631.22652;0.0;0.0;0.0;0.0;416;3682.1888020592305;3682.1888020592305
94_levy_v2_flood_none;2;worker;726827;1.0;726827;40702312.0;40702310.0;2.0;0.9999999508627422;3635352.0;3726798.0;3635352.0;40702310.0;3614082.0;40505032.0;0.0;0.0;0.0;325228680.0;150370104302.83105;149645951226.67456;0.0;0.0;0.0;0.0;950;3694.3874758663833;3694.5027281221396
94_levy_v2_flood_none;2;student;289464;1.0;289464;16209984.0;16209265.0;719.0;0.9999556446200071;549304.0;777924.0;549304.0;16209265.0;549304.0;16209265.0;0.0;0.0;0.0;16209265.0;59590925047.77036;59590925047.77036;0.0;0.0;0.0;0.0;425;3676.3496091753923;3676.3496091753923
94_levy_v2_flood_none;3;worker;726894;1.0;726894;40706064.0;40706063.0;1.0;0.9999999754336356;3636192.0;3727402.0;3636192.0;40706063.0;3614915.0;40508763.0;0.0;0.0;0.0;325258710.0;150243823426.2962;149490173167.46512;0.0;0.0;0.0;0.0;1028;3690.9446002256764;3690.3169116140407
94_levy_v2_flood_none;3;student;289432;1.0;289432;16208192.0;16207328.0;864.0;0.9999466936225829;549920.0;778737.0;549920.0;16207328.0;549920.0;16207328.0;0.0;0.0;0.0;16207328.0;59745615050.23387;59745615050.23387;0.0;0.0;0.0;0.0;420;3686.3334320274057;3686.3334320274057
94_levy_v2_flood_none;4;worker;726817;1.0;726817;40701752.0;40701745.0;7.0;0.9999998280172313;3635912.0;3727394.0;3635912.0;40701745.0;3614636.0;40504487.0;0.0;0.0;0.0;325224238.0;150249604077.45566;149517165203.34796;0.0;0.0;0.0;0.0;975;3691.4781928257785;3691.3728892146682
94_levy_v2_flood_none;4;student;289456;1.0;289456;16209536.0;16208624.0;912.0;0.9999437368225716;550312.0;779141.0;550312.0;16208624.0;550312.0;16208624.0;0.0;0.0;0.0;16208624.0;59566997485.49661;59566997485.49661;0.0;0.0;0.0;0.0;369;3675.018773061588;3675.018773061588
94_levy_v2_flood_destinations;0;worker;726829;1.0;726829;40702424.0;38380761.0;2321663.0;0.9429600802153699;3636080.0;3499128.0;3419992.0;38380761.0;3399647.0;38192047.0;0.0;0.0;0.0;306673287.0;134595382581.22537;133946965997.59183;0.0;0.0;0.0;0.0;851;3506.8450722283847;3507.19525448824
94_levy_v2_flood_destinations;0;student;289474;1.0;289474;16210544.0;15327034.0;883510.0;0.9454978191971842;549528.0;717751.0;518031.0;15327034.0;518031.0;15327034.0;0.0;0.0;0.0;15327034.0;53388493819.16872;53388493819.16872;0.0;0.0;0.0;0.0;407;3483.2893186750102;3483.2893186750102
94_levy_v2_flood_destinations;1;worker;726828;1.0;726828;40702368.0;38385429.0;2316939.0;0.9430760637808592;3636304.0;3499682.0;3420045.0;38385429.0;3399698.0;38196552.0;0.0;0.0;0.0;306710150.0;134669095647.68472;134002275352.27283;0.0;0.0;0.0;0.0;984;3508.338949336341;3508.229626388079
94_levy_v2_flood_destinations;1;student;289453;1.0;289453;16209368.0;15321078.0;888290.0;0.945198973827974;550032.0;717873.0;518438.0;15321078.0;518438.0;15321078.0;0.0;0.0;0.0;15321078.0;53597146030.04933;53597146030.04933;0.0;0.0;0.0;0.0;451;3498.262069421573;3498.262069421573
94_levy_v2_flood_destinations;2;worker;726827;1.0;726827;40702312.0;38376561.0;2325751.0;0.9428594867043425;3635352.0;3498490.0;3418826.0;38376561.0;3398507.0;38188303.0;0.0;0.0;0.0;306639079.0;134729477315.62462;134075986189.00687;0.0;0.0;0.0;0.0;884;3510.7230508649436;3510.9176280759807
94_levy_v2_flood_destinations;2;student;289464;1.0;289464;16209984.0;15322381.0;887603.0;0.9452434376246146;549304.0;717266.0;517649.0;15322381.0;517649.0;15322381.0;0.0;0.0;0.0;15322381.0;53667527506.42388;53667527506.42388;0.0;0.0;0.0;0.0;384;3502.557957958615;3502.557957958615
94_levy_v2_flood_destinations;3;worker;726894;1.0;726894;40706064.0;38384187.0;2321877.0;0.942959923612364;3636192.0;3499483.0;3420188.0;38384187.0;3399800.0;38195208.0;0.0;0.0;0.0;306699315.0;134691217951.21114;134027243360.21725;0.0;0.0;0.0;0.0;1005;3509.0288079101724;3509.006767556214
94_levy_v2_flood_destinations;3;student;289432;1.0;289432;16208192.0;15322054.0;886138.0;0.945327770056031;549920.0;718289.0;518361.0;15322054.0;518361.0;15322054.0;0.0;0.0;0.0;15322054.0;53940143670.622055;53940143670.622055;0.0;0.0;0.0;0.0;396;3520.4251121045554;3520.4251121045554
94_levy_v2_flood_destinations;4;worker;726817;1.0;726817;40701752.0;38378288.0;2323464.0;0.9429148897570797;3635912.0;3498723.0;3419220.0;38378288.0;3398918.0;38190493.0;0.0;0.0;0.0;306654205.0;134491508127.80472;133853152092.18262;0.0;0.0;0.0;0.0;1063;3504.3644502278144;3504.8814921604344
94_levy_v2_flood_destinations;4;student;289456;1.0;289456;16209536.0;15319409.0;890127.0;0.9450862134486762;550312.0;718044.0;518771.0;15319409.0;518771.0;15319409.0;0.0;0.0;0.0;15319409.0;53468150946.491196;53468150946.491196;0.0;0.0;0.0;0.0;374;3490.2228242937567;3490.2228242937567
94_levy_v2_flood_homes;0;worker;726829;1.0;726829;40702424.0;37876856.0;2825568.0;0.9305798593223834;3636080.0;3880882.0;3357821.0;37876856.0;3759919.0;37637650.0;58292.0;0.0;23774.0;302658715.0;138477732464.5746;137583078914.08505;36423463.240465574;96970166.83604468;0.0;0.0;1011;3655.998598842908;3655.4641141007755
94_levy_v2_flood_homes;0;student;289474;1.0;289474;16210544.0;15148236.0;1062308.0;0.9344680844763754;549528.0;760136.0;511237.0;15148236.0;551590.0;15135047.0;13189.0;0.0;3719.0;15802771.0;55287129360.260666;55232104738.67134;8085555.114047439;13269421.451022394;0.0;0.0;404;3649.740429199853;3649.285313661156
94_levy_v2_flood_homes;1;worker;726828;1.0;726828;40702368.0;37859928.0;2842440.0;0.9301652424743445;3636304.0;3888527.0;3356997.0;37859928.0;3767832.0;37621157.0;57919.0;0.0;22995.0;302523267.0;138388249013.2812;137475656927.56094;33451150.97267737;95627947.05431812;0.0;0.0;873;3655.2697356762324;3654.2112973176486
94_levy_v2_flood_homes;1;student;289453;1.0;289453;16209368.0;15148683.0;1060685.0;0.934563457378474;550032.0;760977.0;511842.0;15148683.0;552585.0;15135397.0;13286.0;0.0;3749.0;15802960.0;55325242012.607475;55271056965.80802;8429972.71952103;14904366.860673245;0.0;0.0;491;3652.1486397601348;3651.7745101636924
94_levy_v2_flood_homes;2;worker;726827;1.0;726827;40702312.0;37869715.0;2832597.0;0.9304069754071955;3635352.0;3888998.0;3357645.0;37869715.0;3768638.0;37630552.0;58166.0;0.0;22961.0;302601179.0;138380368056.62375;137470108027.95306;35103632.1279787;89344817.26737854;0.0;0.0;932;3654.116965406889;3653.1515144384025
94_levy_v2_flood_homes;2;student;289464;1.0;289464;16209984.0;15146769.0;1063215.0;0.9344098674002392;549304.0;759246.0;511154.0;15146769.0;550712.0;15133543.0;13226.0;0.0;3617.0;15801017.0;55183607885.59323;55127751495.97807;7871737.88894284;14056097.196374979;0.0;0.0;381;3643.259356869655;3642.7524933175314
94_levy_v2_flood_homes;3;worker;726894;1.0;726894;40706064.0;37868124.0;2837940.0;0.9302821319201975;3636192.0;3878349.0;3356620.0;37868124.0;3757169.0;37629001.0;58117.0;0.0;23170.0;302588699.0;138739159113.13943;137856596888.66986;37637102.38819545;87315986.91528727;0.0;0.0;1000;3663.7452415952644;3663.573127776362
94_levy_v2_flood_homes;3;student;289432;1.0;289432;16208192.0;15151016.0;1057176.0;0.9347752050321221;549920.0;760838.0;511950.0;15151016.0;553003.0;15137775.0;13241.0;0.0;3785.0;15805518.0;55304088333.71123;55255928554.061005;9203275.587043079;13075562.775057696;0.0;0.0;406;3650.1900818869985;3650.2014697708883
94_levy_v2_flood_homes;4;worker;726817;1.0;726817;40701752.0;37883465.0;2818287.0;0.9307575998202731;3635912.0;3888424.0;3358036.0;37883465.0;3767733.0;37644236.0;58156.0;0.0;23423.0;302711551.0;138425156107.74323;137530438320.83734;35104502.11623192;93138408.77694333;0.0;0.0;1019;3653.9729432812765;3653.4262063609776
94_levy_v2_flood_homes;4;student;289456;1.0;289456;16209536.0;15145448.0;1064088.0;0.9343541974304508;550312.0;761530.0;512056.0;15145448.0;552599.0;15132180.0;13268.0;0.0;3836.0;15799789.0;55226067903.577705;55167105197.1387;9842249.096472872;16795547.713405486;0.0;0.0;430;3646.3806091161982;3645.6812697931628
94_levy_v2_flood_all;0;worker;726829;1.0;726829;40702424.0;36710314.0;3992110.0;0.9019196006606388;3636080.0;3678241.0;3245159.0;36710314.0;3572230.0;36495387.0;37313.0;0.0;13476.0;293333569.0;125644821013.94666;124850880533.5936;4942437.463982343;64081407.918101795;0.0;0.0;873;3422.6027326801577;3421.0044281375503
94_levy_v2_flood_all;0;student;289474;1.0;289474;16210544.0;14688931.0;1521613.0;0.9061343653858871;549528.0;716019.0;495200.0;14688931.0;524687.0;14679846.0;9085.0;0.0;2258.0;15317641.0;50199843909.44184;50158358336.15665;1242447.2264667517;10527004.299378846;0.0;0.0;406;3417.5287438848914;3416.817747008834
94_levy_v2_flood_all;1;worker;726828;1.0;726828;40702368.0;36696720.0;4005648.0;0.9015868560767767;3636304.0;3687058.0;3244499.0;36696720.0;3581516.0;36481440.0;38281.0;0.0;13920.0;293225953.0;125729126802.88908;124913240669.7175;5237575.845283142;67199497.0018995;0.0;0.0;985;3426.167973674189;3424.021657854446
94_levy_v2_flood_all;1;student;289453;1.0;289453;16209368.0;14692754.0;1516614.0;0.9064359572809995;550032.0;715333.0;495620.0;14692754.0;524808.0;14683926.0;8828.0;0.0;2132.0;15322529.0;50257602075.977264;50212417383.67365;1358660.432136161;10857632.157089213;0.0;0.0;408;3420.5705802994635;3419.549879485476
94_levy_v2_flood_all;2;worker;726827;1.0;726827;40702312.0;36701479.0;4000833.0;0.9017050186240034;3635352.0;3689527.0;3243968.0;36701479.0;3583229.0;36486136.0;38486.0;0.0;14041.0;293265008.0;125965161350.75847;125169241635.54788;5347112.241087689;66986132.742636904;0.0;0.0;844;3432.1549099086296;3430.597354445751
94_levy_v2_flood_all;2;student;289464;1.0;289464;16209984.0;14698129.0;1511855.0;0.9067330973306328;549304.0;715679.0;495328.0;14698129.0;523656.0;14689535.0;8594.0;0.0;2280.0;15330288.0;50121760359.277245;50078855189.80036;1380299.9236875393;10155539.96130216;0.0;0.0;376;3410.07759281996;3409.151834268434
94_levy_v2_flood_all;3;worker;726894;1.0;726894;40706064.0;36713481.0;3992583.0;0.9019167512732256;3636192.0;3683941.0;3244753.0;36713481.0;3577900.0;36498803.0;37707.0;0.0;13838.0;293359690.0;125818387828.8608;125013312248.169;4933150.20956851;66831349.52476667;0.0;0.0;1000;3427.0350945163927;3425.1345790208243
94_levy_v2_flood_all;3;student;289432;1.0;289432;16208192.0;14697849.0;1510343.0;0.9068160717740757;549920.0;718303.0;495592.0;14697849.0;527089.0;14689148.0;8701.0;0.0;2365.0;15327438.0;50277549597.850174;50230102975.42817;1232044.1148264112;11857196.81704537;0.0;0.0;381;3420.7420145526175;3419.5382179707203
94_levy_v2_flood_all;4;worker;726817;1.0;726817;40701752.0;36698503.0;4003249.0;0.9016443075963905;3635912.0;3688142.0;3244811.0;36698503.0;3582447.0;36483546.0;38311.0;0.0;14024.0;293241506.0;125671482966.19775;124872591394.80272;5355330.322133454;66623275.26870569;0.0;0.0;794;3424.4307721815726;3422.7098263639923
94_levy_v2_flood_all;4;student;289456;1.0;289456;16209536.0;14703631.0;1505905.0;0.9070975874941762;550312.0;718584.0;496213.0;14703631.0;526318.0;14695196.0;8435.0;0.0;2109.0;15334797.0;50208678528.7566;50162408756.958015;1160851.9136617265;10962621.641174337;0.0;0.0;380;3414.712905183529;3413.5243080090945
94_levy_v2_flood_all_pt_reroute;0;worker;726829;1.0;726829;40702424.0;36685414.0;4017010.0;0.9013078434837198;3636080.0;3681827.0;3243731.0;36685414.0;3573119.0;36471165.0;37252.0;0.0;13616.0;293135125.0;125600350334.92981;124796245210.6446;4921393.243712057;63094728.264266655;0.0;0.0;913;3423.713586411477;3421.7784161993345
94_levy_v2_flood_all_pt_reroute;0;student;289474;1.0;289474;16210544.0;14695249.0;1515295.0;0.9065241117139561;549528.0;721872.0;495442.0;14695249.0;525242.0;14686589.0;8660.0;0.0;2140.0;15324583.0;50292244741.35876;50252248552.052376;1230841.0289558673;9817990.686131747;0.0;0.0;362;3422.347232180874;3421.641917810349
94_levy_v2_flood_all_pt_reroute;1;worker;726828;1.0;726828;40702368.0;36647632.0;4054736.0;0.9003808328793057;3636304.0;3695754.0;3241040.0;36647632.0;3586267.0;36433017.0;38372.0;0.0;13850.0;292832915.0;125569846987.69553;124764806711.87903;5205823.455727147;68368867.84617622;0.0;0.0;804;3426.410933936892;3424.4983530153168
94_levy_v2_flood_all_pt_reroute;1;student;289453;1.0;289453;16209368.0;14676145.0;1533223.0;0.905411302895955;550032.0;721472.0;495270.0;14676145.0;526518.0;14667376.0;8769.0;0.0;2112.0;15305837.0;50062392177.04722;50017379695.773254;1221913.297400678;9712062.087113611;0.0;0.0;369;3411.140471632518;3410.1109629816033
94_levy_v2_flood_all_pt_reroute;2;worker;726827;1.0;726827;40702312.0;36663644.0;4038668.0;0.9007754645485495;3635352.0;3694700.0;3242375.0;36663644.0;3585587.0;36448207.0;38660.0;0.0;14395.0;292961581.0;125770369296.23888;124972856469.98134;5302971.847526538;67393854.71056463;0.0;0.0;1114;3430.3837691703225;3428.7792666997675
94_levy_v2_flood_all_pt_reroute;2;student;289464;1.0;289464;16209984.0;14691911.0;1518073.0;0.9063495065757005;549304.0;721374.0;494886.0;14691911.0;525146.0;14683400.0;8511.0;0.0;2201.0;15324557.0;50020348211.30191;49973172818.46945;1285055.4932539181;13274794.601242948;0.0;0.0;391;3404.618242739281;3403.378837222268
94_levy_v2_flood_all_pt_reroute;3;worker;726894;1.0;726894;40706064.0;36682692.0;4023372.0;0.9011603774808589;3636192.0;3688400.0;3243015.0;36682692.0;3578283.0;36468256.0;38294.0;0.0;14145.0;293114666.0;125594652557.7083;124783097467.72577;5006859.221135635;69904552.15536886;0.0;0.0;821;3423.812313384969;3421.6908389511627
94_levy_v2_flood_all_pt_reroute;3;student;289432;1.0;289432;16208192.0;14682717.0;1525475.0;0.9058824698029243;549920.0;722971.0;495160.0;14682717.0;526605.0;14674453.0;8264.0;0.0;2040.0;15313226.0;50209250829.56568;50161461854.45386;1273572.5863797877;10671711.481458021;0.0;0.0;372;3419.6157856591312;3418.2849510270576
94_levy_v2_flood_all_pt_reroute;4;worker;726817;1.0;726817;40701752.0;36674005.0;4027747.0;0.9010424170438658;3635912.0;3691372.0;3242866.0;36674005.0;3581825.0;36459362.0;38117.0;0.0;14029.0;293044685.0;125751389166.93564;124928548883.0007;5266169.560017733;69416112.91074574;0.0;0.0;989;3428.897093920766;3426.51494787541
94_levy_v2_flood_all_pt_reroute;4;student;289456;1.0;289456;16209536.0;14681027.0;1528509.0;0.905703099706247;550312.0;723372.0;495696.0;14681027.0;527718.0;14672422.0;8605.0;0.0;2185.0;15311324.0;50153591989.283005;50107467208.01251;1186667.0860798124;9946473.870776623;0.0;0.0;398;3416.218224330151;3415.0781110311927
