scenario;metric;n;mean;standard_deviation;ci95_lower;ci95_upper;inferential
13_levy_v2_flood_all;pt_fulfillment_rate;5;0.9410206373562835;0.0;0.9410206373562835;0.9410206373562835;True
13_levy_v2_flood_all;pt_unmet;5;169736.0;0.0;169736.0;169736.0;True
13_levy_v2_flood_all;pt_mean_distance_per_traveler;5;85.69679220584446;0.4257667299427033;85.16813298564166;86.22545142604726;True
13_levy_v2_flood_all;pt_rerouted_fulfilled;5;0.0;0.0;0.0;0.0;True
13_levy_v2_flood_all;levy_fulfillment_rate;5;0.8488726257352489;0.0007707793893392543;0.8479155767169488;0.849829674753549;True
13_levy_v2_flood_all;levy_unmet;5;1032192.2;5198.38457600051;1025737.5530231624;1038646.8469768375;True
13_levy_v2_flood_all;levy_population_moved;5;5797758.2;5637.1477007437015;5790758.756647429;5804757.643352571;True
13_levy_v2_flood_all;levy_packet_count;5;656152.0;131.33164127505603;655988.9302292038;656315.0697707962;True
13_levy_v2_flood_all;levy_actual_blob_fragments;5;669836.6;3146.206493541071;665930.0686660551;673743.1313339449;True
13_levy_v2_flood_all;levy_mean_outbound_distance;5;1364.9328056115123;1.7190116528452573;1362.7983707296817;1367.067240493343;True
13_levy_v2_flood_all;levy_occupancy_person_hours;5;34718490.4;38139.416255365;34671134.0599232;34765846.740076795;True
13_levy_v2_flood_all;levy_temporary_returns;5;13150.0;126.23192939981548;12993.26235784045;13306.73764215955;True
13_levy_v2_flood_all;levy_return_blocked;5;0.0;0.0;0.0;0.0;True
13_levy_v2_flood_all;levy_repatriations;5;5601.8;62.07012163674242;5524.729764599529;5678.870235400472;True
13_levy_v2_flood_all_pt_reroute;pt_fulfillment_rate;5;1.0;0.0;1.0;1.0;True
13_levy_v2_flood_all_pt_reroute;pt_unmet;5;0.0;0.0;0.0;0.0;True
13_levy_v2_flood_all_pt_reroute;pt_mean_distance_per_traveler;5;86.5985278026994;0.36774454812978713;86.14191263675093;87.05514296864786;True
13_levy_v2_flood_all_pt_reroute;pt_rerouted_fulfilled;5;169736.0;0.0;169736.0;169736.0;True
13_levy_v2_flood_all_pt_reroute;levy_fulfillment_rate;5;0.8476158973965513;0.0004848971019432516;0.847013818122235;0.8482179766708676;True
13_levy_v2_flood_all_pt_reroute;levy_unmet;5;1040775.8;3287.8664358516753;1036693.3746157004;1044858.2253842996;True
13_levy_v2_flood_all_pt_reroute;levy_population_moved;5;5789174.6;3466.3905290662215;5784870.507676343;5793478.692323656;True
13_levy_v2_flood_all_pt_reroute;levy_packet_count;5;656152.0;131.33164127505603;655988.9302292038;656315.0697707962;True
13_levy_v2_flood_all_pt_reroute;levy_actual_blob_fragments;5;669985.8;2643.9819780021194;666702.8627660152;673268.7372339849;True
13_levy_v2_flood_all_pt_reroute;levy_mean_outbound_distance;5;1364.4703551068615;1.2241109762203055;1362.9504205778826;1365.9902896358403;True
13_levy_v2_flood_all_pt_reroute;levy_occupancy_person_hours;5;34678457.0;29882.259737175165;34641353.27389938;34715560.72610062;True
13_levy_v2_flood_all_pt_reroute;levy_temporary_returns;5;13076.6;173.63121839116374;12861.008367159437;13292.191632840564;True
13_levy_v2_flood_all_pt_reroute;levy_return_blocked;5;0.0;0.0;0.0;0.0;True
13_levy_v2_flood_all_pt_reroute;levy_repatriations;5;5560.8;148.32632942266184;5376.628536770169;5744.971463229831;True
13_levy_v2_flood_destinations;pt_fulfillment_rate;5;0.9410206373562835;0.0;0.9410206373562835;0.9410206373562835;True
13_levy_v2_flood_destinations;pt_unmet;5;169736.0;0.0;169736.0;169736.0;True
13_levy_v2_flood_destinations;pt_mean_distance_per_traveler;5;84.38385826815926;0.0098168661211775;84.37166901892141;84.39604751739711;True
13_levy_v2_flood_destinations;pt_rerouted_fulfilled;5;0.0;0.0;0.0;0.0;True
13_levy_v2_flood_destinations;levy_fulfillment_rate;5;0.9247264672991097;0.0004658111609834423;0.924148086350555;0.9253048482476643;True
13_levy_v2_flood_destinations;levy_unmet;5;514114.4;3162.507754931203;510187.6279766617;518041.1720233383;True
13_levy_v2_flood_destinations;levy_population_moved;5;6315836.0;3433.4441163356655;6311572.816050901;6320099.183949099;True
13_levy_v2_flood_destinations;levy_packet_count;5;656152.0;131.33164127505603;655988.9302292038;656315.0697707962;True
13_levy_v2_flood_destinations;levy_actual_blob_fragments;5;634169.8;282.04645007516046;633819.5930771205;634520.0069228796;True
13_levy_v2_flood_destinations;levy_mean_outbound_distance;5;1382.6669235512068;3.0162240829072346;1378.9217866969457;1386.4120604054679;True
13_levy_v2_flood_destinations;levy_occupancy_person_hours;5;37859856.0;22669.884196881114;37831707.62094928;37888004.37905072;True
13_levy_v2_flood_destinations;levy_temporary_returns;5;0.0;0.0;0.0;0.0;True
13_levy_v2_flood_destinations;levy_return_blocked;5;0.0;0.0;0.0;0.0;True
13_levy_v2_flood_destinations;levy_repatriations;5;0.0;0.0;0.0;0.0;True
13_levy_v2_flood_homes;pt_fulfillment_rate;5;1.0;0.0;1.0;1.0;True
13_levy_v2_flood_homes;pt_unmet;5;0.0;0.0;0.0;0.0;True
13_levy_v2_flood_homes;pt_mean_distance_per_traveler;5;102.6550149839854;0.2050253695338168;102.40044236391684;102.90958760405395;True
13_levy_v2_flood_homes;pt_rerouted_fulfilled;5;0.0;0.0;0.0;0.0;True
13_levy_v2_flood_homes;levy_fulfillment_rate;5;0.8926616143570211;0.00040747038740536164;0.8921556730466457;0.8931675556673965;True
13_levy_v2_flood_homes;levy_unmet;5;733115.8;2766.865681597139;729680.2824952954;736551.3175047047;True
13_levy_v2_flood_homes;levy_population_moved;5;6096834.6;2943.5480801237136;6093179.702321928;6100489.497678071;True
13_levy_v2_flood_homes;levy_packet_count;5;656152.0;131.33164127505603;655988.9302292038;656315.0697707962;True
13_levy_v2_flood_homes;levy_actual_blob_fragments;5;732406.8;4167.206222398887;727232.5300605566;737581.0699394435;True
13_levy_v2_flood_homes;levy_mean_outbound_distance;5;1408.287567877071;2.0962344319459425;1405.6847490511286;1410.8903867030135;True
13_levy_v2_flood_homes;levy_occupancy_person_hours;5;36635631.0;16047.732347593537;36615705.10849118;36655556.89150882;True
13_levy_v2_flood_homes;levy_temporary_returns;5;16650.8;21.67256330017287;16623.88995840138;16677.710041598617;True
13_levy_v2_flood_homes;levy_return_blocked;5;0.0;0.0;0.0;0.0;True
13_levy_v2_flood_homes;levy_repatriations;5;6538.0;57.253820833198546;6466.909991911809;6609.090008088191;True
13_levy_v2_flood_none;pt_fulfillment_rate;5;1.0;0.0;1.0;1.0;True
13_levy_v2_flood_none;pt_unmet;5;0.0;0.0;0.0;0.0;True
13_levy_v2_flood_none;pt_mean_distance_per_traveler;5;86.52547327642618;0.008718880327383008;86.51464735661902;86.53629919623334;True
13_levy_v2_flood_none;pt_rerouted_fulfilled;5;0.0;0.0;0.0;0.0;True
13_levy_v2_flood_none;levy_fulfillment_rate;5;0.999999590043922;1.2247987797667256e-07;0.9999994379650671;0.999999742122777;True
13_levy_v2_flood_none;levy_unmet;5;2.8;0.8366600265340756;1.7611493663164322;3.8388506336835677;True
13_levy_v2_flood_none;levy_population_moved;5;6829947.6;445.15424293159333;6829394.868002904;6830500.331997096;True
13_levy_v2_flood_none;levy_packet_count;5;656152.0;131.33164127505603;655988.9302292038;656315.0697707962;True
13_levy_v2_flood_none;levy_actual_blob_fragments;5;690069.2;137.2049561787037;689898.8375455377;690239.5624544622;True
13_levy_v2_flood_none;levy_mean_outbound_distance;5;1411.1521548399387;2.2497932580963504;1408.358667547959;1413.9456421319185;True
13_levy_v2_flood_none;levy_occupancy_person_hours;5;41068038.0;2184.151894901085;41065326.0172255;41070749.9827745;True
13_levy_v2_flood_none;levy_temporary_returns;5;0.0;0.0;0.0;0.0;True
13_levy_v2_flood_none;levy_return_blocked;5;0.0;0.0;0.0;0.0;True
13_levy_v2_flood_none;levy_repatriations;5;0.0;0.0;0.0;0.0;True
94_levy_v2_flood_all;pt_fulfillment_rate;5;0.9493977070959252;0.0;0.9493977070959252;0.9493977070959252;True
94_levy_v2_flood_all;pt_unmet;5;1212705.0;0.0;1212705.0;1212705.0;True
94_levy_v2_flood_all;pt_mean_distance_per_traveler;5;92.36981644458834;0.19467083671880475;92.12810067513439;92.61153221404228;True
94_levy_v2_flood_all;pt_rerouted_fulfilled;5;0.0;0.0;0.0;0.0;True
94_levy_v2_flood_all;levy_fulfillment_rate;5;0.9031469392728217;0.00012515197405531898;0.9029915425723332;0.9033023359733103;True
94_levy_v2_flood_all;levy_unmet;5;5512150.6;7054.688285105161;5503391.047537834;5520910.152462165;True
94_levy_v2_flood_all;levy_population_moved;5;51400358.2;7807.075073290893;51390664.43595023;51410051.96404978;True
94_levy_v2_flood_all;levy_packet_count;5;4185787.2;690.868438995443;4184929.3735318044;4186645.026468196;True
94_levy_v2_flood_all;levy_actual_blob_fragments;5;4402165.4;4811.360077982108;4396191.307408775;4408139.492591226;True
94_levy_v2_flood_all;levy_mean_outbound_distance;5;3423.6897961328914;2.1439356080026655;3421.027748473967;3426.3518437918156;True
94_levy_v2_flood_all;levy_occupancy_person_hours;5;308611683.8;56499.9476123651;308541529.84914935;308681837.7508507;True
94_levy_v2_flood_all;levy_temporary_returns;5;46748.2;345.9222455986316;46318.680801462375;47177.71919853762;True
94_levy_v2_flood_all;levy_return_blocked;5;0.0;0.0;0.0;0.0;True
94_levy_v2_flood_all;levy_repatriations;5;16088.6;221.44367229613945;15813.641364479852;16363.558635520149;True
94_levy_v2_flood_all_pt_reroute;pt_fulfillment_rate;5;0.9999993073352034;8.740742725609027e-07;0.9999982220286474;1.0000003926417593;True
94_levy_v2_flood_all_pt_reroute;pt_unmet;5;16.6;20.94755355644186;-9.409823101479077;42.60982310147908;True
94_levy_v2_flood_all_pt_reroute;pt_mean_distance_per_traveler;5;106.04588426330068;0.6164295493576861;105.28048588443427;106.81128264216709;True
94_levy_v2_flood_all_pt_reroute;pt_rerouted_fulfilled;5;1212688.4;20.94755355644186;1212662.3901768983;1212714.4098231015;True
94_levy_v2_flood_all_pt_reroute;levy_fulfillment_rate;5;0.9023690592875141;0.0003561363561728223;0.9019268575956029;0.9028112609794253;True
94_levy_v2_flood_all_pt_reroute;levy_unmet;5;5556421.6;20209.663525155484;5531327.988385002;5581515.211614997;True
94_levy_v2_flood_all_pt_reroute;levy_population_moved;5;51356087.2;20833.936310740704;51330218.45134208;51381955.94865792;True
94_levy_v2_flood_all_pt_reroute;levy_packet_count;5;4185787.2;690.868438995443;4184929.3735318044;4186645.026468196;True
94_levy_v2_flood_all_pt_reroute;levy_actual_blob_fragments;5;4412622.8;5449.791986856012;4405855.989492222;4419389.610507778;True
94_levy_v2_flood_all_pt_reroute;levy_mean_outbound_distance;5;3423.2530218744732;1.225971888974285;3421.730776717124;3424.7752670318223;True
94_levy_v2_flood_all_pt_reroute;levy_occupancy_person_hours;5;308333699.8;127979.20432320244;308174792.62947315;308492606.9705269;True
94_levy_v2_flood_all_pt_reroute;levy_temporary_returns;5;46700.8;514.273954230622;46062.24454581795;47339.355454182056;True
94_levy_v2_flood_all_pt_reroute;levy_return_blocked;5;0.0;0.0;0.0;0.0;True
94_levy_v2_flood_all_pt_reroute;levy_repatriations;5;16142.6;314.0633694017817;15752.638821059238;16532.561178940763;True
94_levy_v2_flood_destinations;pt_fulfillment_rate;5;0.9493977070959252;0.0;0.9493977070959252;0.9493977070959252;True
94_levy_v2_flood_destinations;pt_unmet;5;1212705.0;0.0;1212705.0;1212705.0;True
94_levy_v2_flood_destinations;pt_mean_distance_per_traveler;5;88.87701446109129;0.01203922035625756;88.86206579460848;88.8919631275741;True
94_levy_v2_flood_destinations;pt_rerouted_fulfilled;5;0.0;0.0;0.0;0.0;True
94_levy_v2_flood_destinations;levy_fulfillment_rate;5;0.9436139349034715;7.385153705943853e-05;0.9435222361086928;0.9437056336982501;True
94_levy_v2_flood_destinations;levy_unmet;5;3209072.4;4178.665552541864;3203883.9014228745;3214260.8985771253;True
94_levy_v2_flood_destinations;levy_population_moved;5;53703436.4;4728.427412998956;53697565.28191316;53709307.518086836;True
94_levy_v2_flood_destinations;levy_packet_count;5;4185787.2;690.868438995443;4184929.3735318044;4186645.026468196;True
94_levy_v2_flood_destinations;levy_actual_blob_fragments;5;4216945.8;791.4838595953805;4215963.042986381;4217928.557013619;True
94_levy_v2_flood_destinations;levy_mean_outbound_distance;5;3505.3180747974975;5.239751309750132;3498.81206423664;3511.824085358355;True
94_levy_v2_flood_destinations;levy_occupancy_person_hours;5;321997598.4;29935.928953349685;321960428.03476584;322034768.7652341;True
94_levy_v2_flood_destinations;levy_temporary_returns;5;0.0;0.0;0.0;0.0;True
94_levy_v2_flood_destinations;levy_return_blocked;5;0.0;0.0;0.0;0.0;True
94_levy_v2_flood_destinations;levy_repatriations;5;0.0;0.0;0.0;0.0;True
94_levy_v2_flood_homes;pt_fulfillment_rate;5;0.999999924891769;8.026309269053123e-08;0.9999998252319765;1.0000000245515617;True
94_levy_v2_flood_homes;pt_unmet;5;1.8;1.9235384061671346;-0.5883883880999805;4.18838838809998;True
94_levy_v2_flood_homes;pt_mean_distance_per_traveler;5;185.64215352005408;0.6694461399168262;184.81092634938287;186.4733806907253;True
94_levy_v2_flood_homes;pt_rerouted_fulfilled;5;0.0;0.0;0.0;0.0;True
94_levy_v2_flood_homes;levy_fulfillment_rate;5;0.9315992061732665;0.00013978907794028034;0.9314256351078459;0.9317727772386871;True
94_levy_v2_flood_homes;levy_unmet;5;3892860.8;7967.897194366905;3882967.3489123657;3902754.251087634;True
94_levy_v2_flood_homes;levy_population_moved;5;53019648.0;7867.046618649212;53009879.77144143;53029416.22855857;True
94_levy_v2_flood_homes;levy_packet_count;5;4185787.2;690.868438995443;4184929.3735318044;4186645.026468196;True
94_levy_v2_flood_homes;levy_actual_blob_fragments;5;4645581.4;5082.047599147414;4639271.204458981;4651891.59554102;True
94_levy_v2_flood_homes;levy_mean_outbound_distance;5;3654.2559360361165;3.4665025680780484;3649.951704597653;3658.56016747458;True
94_levy_v2_flood_homes;levy_occupancy_person_hours;5;318419093.2;70418.55827621011;318331657.011383;318506529.388617;True
94_levy_v2_flood_homes;levy_temporary_returns;5;71372.0;103.76656494266349;71243.15679209342;71500.84320790658;True
94_levy_v2_flood_homes;levy_return_blocked;5;0.0;0.0;0.0;0.0;True
94_levy_v2_flood_homes;levy_repatriations;5;27005.8;372.69518376281707;26543.037808017772;27468.562191982226;True
94_levy_v2_flood_none;pt_fulfillment_rate;5;1.0;0.0;1.0;1.0;True
94_levy_v2_flood_none;pt_unmet;5;0.0;0.0;0.0;0.0;True
94_levy_v2_flood_none;pt_mean_distance_per_traveler;5;90.01654706892785;0.005065348220522607;90.01025760840406;90.02283652945164;True
94_levy_v2_flood_none;pt_rerouted_fulfilled;5;0.0;0.0;0.0;0.0;True
94_levy_v2_flood_none;levy_fulfillment_rate;5;0.9999849171942723;1.4628791299168793e-06;0.9999831007899229;0.9999867335986217;True
94_levy_v2_flood_none;levy_unmet;5;858.4;83.25142641420626;755.0297010223702;961.7702989776297;True
94_levy_v2_flood_none;levy_population_moved;5;56911650.4;1183.482488252361;56910180.91240183;56913119.887598164;True
94_levy_v2_flood_none;levy_packet_count;5;4185787.2;690.868438995443;4184929.3735318044;4186645.026468196;True
94_levy_v2_flood_none;levy_actual_blob_fragments;5;4505792.8;674.5777938829591;4504955.201039348;4506630.398960652;True
94_levy_v2_flood_none;levy_mean_outbound_distance;5;3687.908280529909;1.6789348586975608;3685.823607560535;3689.992953499283;True
94_levy_v2_flood_none;levy_occupancy_person_hours;5;341442729.8;13251.422742483162;341426275.9854557;341459183.61454433;True
94_levy_v2_flood_none;levy_temporary_returns;5;0.0;0.0;0.0;0.0;True
94_levy_v2_flood_none;levy_return_blocked;5;0.0;0.0;0.0;0.0;True
94_levy_v2_flood_none;levy_repatriations;5;0.0;0.0;0.0;0.0;True
