day; bestBeta; bestGamma; Error; expTotalInf; simTotalInf; totalVac
0; 0.0; 0.07142857142857142; 0; 1; 1; 0
0; 0.0; 0.07142857142857142; 0; 1; 1; 0
0; 0.0; 0.07142857142857142; 0; 1; 1; 0
0; 0.0; 0.07142857142857142; 0; 1; 1; 0
0; 0.0; 0.07142857142857142; 0; 1; 1; 0
0; 0.0; 0.07142857142857142; 0; 1; 1; 0
0; 0.0; 0.07142857142857142; 0; 1; 1; 0
0; 0.0; 0.07142857142857142; 0; 1; 1; 0
0; 0.0; 0.07142857142857142; 0; 1; 1; 0
0; 0.0; 0.07142857142857142; 0; 1; 1; 0
0; 0.0; 0.07142857142857142; 0; 1; 1; 0
0; 0.0; 0.07142857142857142; 0; 1; 1; 0
0; 0.0; 0.07142857142857142; 0; 1; 1; 0
0; 0.0; 0.07142857142857142; 0; 1; 1; 0
0; 0.0; 0.07142857142857142; 0; 1; 1; 0
0; 0.0; 0.07142857142857142; 0; 1; 1; 0
0; 0.0; 0.07142857142857142; 0; 1; 1; 0
0; 0.0; 0.07142857142857142; 0; 1; 1; 0
0; 0.0; 0.07142857142857142; 0; 1; 1; 0
0; 0.0; 0.07142857142857142; 0; 1; 1; 0
0; 0.0; 0.07142857142857142; 0; 1; 1; 0
0; 0.0; 0.07142857142857142; 0; 1; 1; 0
0; 0.0; 0.07142857142857142; 0; 1; 1; 0
0; 0.0; 0.07142857142857142; 0; 1; 1; 0
1; 0.0; 0.07142857142857142; 0; 1; 1; 6
1; 0.0; 0.07142857142857142; 0; 1; 1; 6
1; 0.0; 0.07142857142857142; 0; 1; 1; 6
1; 0.0; 0.07142857142857142; 0; 1; 1; 6
1; 0.0; 0.07142857142857142; 0; 1; 1; 6
1; 0.0; 0.07142857142857142; 0; 1; 1; 6
1; 0.0; 0.07142857142857142; 0; 1; 1; 6
1; 0.0; 0.07142857142857142; 0; 1; 1; 6
1; 0.0; 0.07142857142857142; 0; 1; 1; 6
1; 0.0; 0.07142857142857142; 0; 1; 1; 0
1; 0.0; 0.07142857142857142; 0; 1; 1; 0
1; 0.0; 0.07142857142857142; 0; 1; 1; 0
1; 0.0; 0.07142857142857142; 0; 1; 1; 0
1; 0.0; 0.07142857142857142; 0; 1; 1; 0
1; 0.0; 0.07142857142857142; 0; 1; 1; 0
1; 0.0; 0.07142857142857142; 0; 1; 1; 0
1; 0.0; 0.07142857142857142; 0; 1; 1; 0
1; 0.0; 0.07142857142857142; 0; 1; 1; 0
1; 0.0; 0.07142857142857142; 0; 1; 1; 0
1; 0.0; 0.07142857142857142; 0; 1; 1; 0
1; 0.0; 0.07142857142857142; 0; 1; 1; 0
1; 0.0; 0.07142857142857142; 0; 1; 1; 0
1; 0.0; 0.07142857142857142; 0; 1; 1; 0
1; 0.0; 0.07142857142857142; 0; 1; 1; 0
2; 0.0; 0.07142857142857142; 0; 1; 1; 56
2; 0.0; 0.07142857142857142; 0; 1; 1; 74
2; 0.0; 0.07142857142857142; 0; 1; 1; 74
2; 0.0; 0.07142857142857142; 0; 1; 1; 74
2; 0.0; 0.07142857142857142; 0; 1; 1; 74
2; 0.0; 0.07142857142857142; 0; 1; 1; 74
2; 0.0; 0.07142857142857142; 0; 1; 1; 74
2; 0.0; 0.07142857142857142; 0; 1; 1; 74
2; 0.0; 0.07142857142857142; 0; 1; 1; 74
2; 0.0; 0.07142857142857142; 0; 1; 1; 26
2; 0.0; 0.07142857142857142; 0; 1; 1; 26
2; 0.0; 0.07142857142857142; 0; 1; 1; 26
2; 0.0; 0.07142857142857142; 0; 1; 1; 26
2; 0.0; 0.07142857142857142; 0; 1; 1; 26
2; 0.0; 0.07142857142857142; 0; 1; 1; 26
2; 0.0; 0.07142857142857142; 0; 1; 1; 26
2; 0.0; 0.07142857142857142; 0; 1; 1; 26
2; 0.0; 0.07142857142857142; 0; 1; 1; 26
2; 0.0; 0.07142857142857142; 0; 1; 1; 26
2; 0.0; 0.07142857142857142; 0; 1; 1; 26
2; 0.0; 0.07142857142857142; 0; 1; 1; 26
2; 0.0; 0.07142857142857142; 0; 1; 1; 26
2; 0.0; 0.07142857142857142; 0; 1; 1; 26
2; 0.0; 0.07142857142857142; 0; 1; 1; 26
3; 0.0; 0.07142857142857142; 0; 1; 1; 141
3; 0.0; 0.07142857142857142; 0; 1; 1; 150
3; 0.0; 0.07142857142857142; 0; 1; 1; 150
3; 0.0; 0.07142857142857142; 0; 1; 1; 150
3; 0.0; 0.07142857142857142; 0; 1; 1; 150
3; 0.0; 0.07142857142857142; 0; 1; 1; 150
3; 0.0; 0.07142857142857142; 0; 1; 1; 150
3; 0.0; 0.07142857142857142; 0; 1; 1; 150
3; 0.0; 0.07142857142857142; 0; 1; 1; 150
3; 0.0; 0.07142857142857142; 0; 1; 1; 43
3; 0.0; 0.07142857142857142; 0; 1; 1; 43
3; 0.0; 0.07142857142857142; 0; 1; 1; 43
3; 0.0; 0.07142857142857142; 0; 1; 1; 43
3; 0.0; 0.07142857142857142; 0; 1; 1; 43
3; 0.0; 0.07142857142857142; 0; 1; 1; 43
3; 0.0; 0.07142857142857142; 0; 1; 1; 43
3; 0.0; 0.07142857142857142; 0; 1; 1; 43
3; 0.0; 0.07142857142857142; 0; 1; 1; 43
3; 0.0; 0.07142857142857142; 0; 1; 1; 43
3; 0.0; 0.07142857142857142; 0; 1; 1; 43
3; 0.0; 0.07142857142857142; 0; 1; 1; 43
3; 0.0; 0.07142857142857142; 0; 1; 1; 43
3; 0.0; 0.07142857142857142; 0; 1; 1; 43
3; 0.0; 0.07142857142857142; 0; 1; 1; 43
4; 0.0; 0.07142857142857142; 0; 1; 1; 210
4; 0.0; 0.07142857142857142; 0; 1; 1; 210
4; 0.0; 0.07142857142857142; 0; 1; 1; 210
4; 0.0; 0.07142857142857142; 0; 1; 1; 210
4; 0.0; 0.07142857142857142; 0; 1; 1; 210
4; 0.0; 0.07142857142857142; 0; 1; 1; 210
4; 0.0; 0.07142857142857142; 0; 1; 1; 210
4; 0.0; 0.07142857142857142; 0; 1; 1; 210
4; 0.0; 0.07142857142857142; 0; 1; 1; 210
4; 0.0; 0.07142857142857142; 0; 1; 1; 68
4; 0.0; 0.07142857142857142; 0; 1; 1; 68
4; 0.0; 0.07142857142857142; 0; 1; 1; 68
4; 0.0; 0.07142857142857142; 0; 1; 1; 68
4; 0.0; 0.07142857142857142; 0; 1; 1; 68
4; 0.0; 0.07142857142857142; 0; 1; 1; 68
4; 0.0; 0.07142857142857142; 0; 1; 1; 68
4; 0.0; 0.07142857142857142; 0; 1; 1; 68
4; 0.0; 0.07142857142857142; 0; 1; 1; 68
4; 0.0; 0.07142857142857142; 0; 1; 1; 68
4; 0.0; 0.07142857142857142; 0; 1; 1; 68
4; 0.0; 0.07142857142857142; 0; 1; 1; 68
4; 0.0; 0.07142857142857142; 0; 1; 1; 68
4; 0.0; 0.07142857142857142; 0; 1; 1; 68
4; 0.0; 0.07142857142857142; 0; 1; 1; 68
5; 0.0; 0.07142857142857142; 0; 1; 1; 228
5; 0.0; 0.07142857142857142; 0; 1; 1; 227
5; 0.0; 0.07142857142857142; 0; 1; 1; 227
5; 0.0; 0.07142857142857142; 0; 1; 1; 227
5; 0.0; 0.07142857142857142; 0; 1; 1; 227
5; 0.0; 0.07142857142857142; 0; 1; 1; 227
5; 0.0; 0.07142857142857142; 0; 1; 1; 227
5; 0.0; 0.07142857142857142; 0; 1; 1; 227
5; 0.0; 0.07142857142857142; 0; 1; 1; 227
5; 0.0; 0.07142857142857142; 0; 1; 1; 73
5; 0.0; 0.07142857142857142; 0; 1; 1; 73
5; 0.0; 0.07142857142857142; 0; 1; 1; 73
5; 0.0; 0.07142857142857142; 0; 1; 1; 73
5; 0.0; 0.07142857142857142; 0; 1; 1; 73
5; 0.0; 0.07142857142857142; 0; 1; 1; 73
5; 0.0; 0.07142857142857142; 0; 1; 1; 73
5; 0.0; 0.07142857142857142; 0; 1; 1; 73
5; 0.0; 0.07142857142857142; 0; 1; 1; 73
5; 0.0; 0.07142857142857142; 0; 1; 1; 73
5; 0.0; 0.07142857142857142; 0; 1; 1; 73
5; 0.0; 0.07142857142857142; 0; 1; 1; 73
5; 0.0; 0.07142857142857142; 0; 1; 1; 73
5; 0.0; 0.07142857142857142; 0; 1; 1; 73
5; 0.0; 0.07142857142857142; 0; 1; 1; 73
6; 0.0; 0.07142857142857142; 0; 1; 1; 214
6; 0.0; 0.07142857142857142; 0; 1; 1; 227
6; 0.0; 0.07142857142857142; 0; 1; 1; 227
6; 0.0; 0.07142857142857142; 0; 1; 1; 227
6; 0.0; 0.07142857142857142; 0; 1; 1; 227
6; 0.0; 0.07142857142857142; 0; 1; 1; 227
6; 0.0; 0.07142857142857142; 0; 1; 1; 227
6; 0.0; 0.07142857142857142; 0; 1; 1; 227
6; 0.0; 0.07142857142857142; 0; 1; 1; 227
6; 0.0; 0.07142857142857142; 0; 1; 1; 65
6; 0.0; 0.07142857142857142; 0; 1; 1; 65
6; 0.0; 0.07142857142857142; 0; 1; 1; 65
6; 0.0; 0.07142857142857142; 0; 1; 1; 65
6; 0.0; 0.07142857142857142; 0; 1; 1; 65
6; 0.0; 0.07142857142857142; 0; 1; 1; 65
6; 0.0; 0.07142857142857142; 0; 1; 1; 65
6; 0.0; 0.07142857142857142; 0; 1; 1; 65
6; 0.0; 0.07142857142857142; 0; 1; 1; 65
6; 0.0; 0.07142857142857142; 0; 1; 1; 65
6; 0.0; 0.07142857142857142; 0; 1; 1; 65
6; 0.0; 0.07142857142857142; 0; 1; 1; 65
6; 0.0; 0.07142857142857142; 0; 1; 1; 65
6; 0.0; 0.07142857142857142; 0; 1; 1; 65
6; 0.0; 0.07142857142857142; 0; 1; 1; 65
7; 0.0; 0.07142857142857142; -1; 2; 1; 265
7; 0.0; 0.07142857142857142; -1; 2; 1; 271
7; 0.0; 0.07142857142857142; -1; 2; 1; 271
7; 0.0; 0.07142857142857142; -1; 2; 1; 271
7; 0.0; 0.07142857142857142; -1; 2; 1; 271
7; 0.0; 0.07142857142857142; -1; 2; 1; 271
7; 0.0; 0.07142857142857142; -1; 2; 1; 271
7; 0.0; 0.07142857142857142; -1; 2; 1; 271
7; 0.0; 0.07142857142857142; -1; 2; 1; 271
7; 0.0; 0.07142857142857142; -1; 2; 1; 64
7; 0.0; 0.07142857142857142; -1; 2; 1; 64
7; 0.0; 0.07142857142857142; -1; 2; 1; 64
7; 0.0; 0.07142857142857142; -1; 2; 1; 64
7; 0.0; 0.07142857142857142; -1; 2; 1; 64
7; 0.0; 0.07142857142857142; -1; 2; 1; 64
7; 0.0; 0.07142857142857142; -1; 2; 1; 64
7; 0.0; 0.07142857142857142; -1; 2; 1; 64
7; 0.0; 0.07142857142857142; -1; 2; 1; 64
7; 0.0; 0.07142857142857142; -1; 2; 1; 64
7; 0.0; 0.07142857142857142; -1; 2; 1; 64
7; 0.0; 0.07142857142857142; -1; 2; 1; 64
7; 0.0; 0.07142857142857142; -1; 2; 1; 64
7; 0.0; 0.07142857142857142; -1; 2; 1; 64
7; 0.0; 0.07142857142857142; -1; 2; 1; 64
8; 0.0; 0.07142857142857142; -2; 3; 1; 299
8; 0.0; 0.07142857142857142; -2; 3; 1; 305
8; 0.0; 0.07142857142857142; -2; 3; 1; 305
8; 0.0; 0.07142857142857142; -2; 3; 1; 305
8; 0.0; 0.07142857142857142; -2; 3; 1; 305
8; 0.0; 0.07142857142857142; -2; 3; 1; 305
8; 0.0; 0.07142857142857142; -2; 3; 1; 305
8; 0.0; 0.07142857142857142; -2; 3; 1; 305
8; 0.0; 0.07142857142857142; -2; 3; 1; 305
8; 0.0; 0.07142857142857142; -2; 3; 1; 94
8; 0.0; 0.07142857142857142; -2; 3; 1; 94
8; 0.0; 0.07142857142857142; -2; 3; 1; 94
8; 0.0; 0.07142857142857142; -2; 3; 1; 94
8; 0.0; 0.07142857142857142; -2; 3; 1; 94
8; 0.0; 0.07142857142857142; -2; 3; 1; 94
8; 0.0; 0.07142857142857142; -2; 3; 1; 94
8; 0.0; 0.07142857142857142; -2; 3; 1; 94
8; 0.0; 0.07142857142857142; -2; 3; 1; 94
8; 0.0; 0.07142857142857142; -2; 3; 1; 94
8; 0.0; 0.07142857142857142; -2; 3; 1; 94
8; 0.0; 0.07142857142857142; -2; 3; 1; 94
8; 0.0; 0.07142857142857142; -2; 3; 1; 94
8; 0.0; 0.07142857142857142; -2; 3; 1; 94
8; 0.0; 0.07142857142857142; -2; 3; 1; 94
9; 0.0; 0.07142857142857142; -2; 3; 1; 349
9; 0.0; 0.07142857142857142; -2; 3; 1; 332
9; 0.0; 0.07142857142857142; -2; 3; 1; 332
9; 0.0; 0.07142857142857142; -2; 3; 1; 332
9; 0.0; 0.07142857142857142; -2; 3; 1; 332
9; 0.0; 0.07142857142857142; -2; 3; 1; 332
9; 0.0; 0.07142857142857142; -2; 3; 1; 332
9; 0.0; 0.07142857142857142; -2; 3; 1; 332
9; 0.0; 0.07142857142857142; -2; 3; 1; 332
9; 0.0; 0.07142857142857142; -2; 3; 1; 111
9; 0.0; 0.07142857142857142; -2; 3; 1; 111
9; 0.0; 0.07142857142857142; -2; 3; 1; 111
9; 0.0; 0.07142857142857142; -2; 3; 1; 111
9; 0.0; 0.07142857142857142; -2; 3; 1; 111
9; 0.0; 0.07142857142857142; -2; 3; 1; 111
9; 0.0; 0.07142857142857142; -2; 3; 1; 111
9; 0.0; 0.07142857142857142; -2; 3; 1; 111
9; 0.0; 0.07142857142857142; -2; 3; 1; 111
9; 0.0; 0.07142857142857142; -2; 3; 1; 111
9; 0.0; 0.07142857142857142; -2; 3; 1; 111
9; 0.0; 0.07142857142857142; -2; 3; 1; 111
9; 0.0; 0.07142857142857142; -2; 3; 1; 111
9; 0.0; 0.07142857142857142; -2; 3; 1; 111
9; 0.0; 0.07142857142857142; -2; 3; 1; 111
10; 0.75; 0.07142857142857142; 0; 5; 1; 383
10; 0.75; 0.07142857142857142; 0; 5; 2; 376
10; 0.75; 0.07142857142857142; 0; 5; 2; 376
10; 0.75; 0.07142857142857142; 0; 5; 2; 376
10; 0.75; 0.07142857142857142; 0; 5; 2; 376
10; 0.75; 0.07142857142857142; 0; 5; 2; 376
10; 0.75; 0.07142857142857142; 0; 5; 2; 376
10; 0.75; 0.07142857142857142; 0; 5; 2; 376
10; 0.75; 0.07142857142857142; 0; 5; 2; 376
10; 0.75; 0.07142857142857142; 0; 5; 3; 137
10; 0.75; 0.07142857142857142; 0; 5; 3; 137
10; 0.75; 0.07142857142857142; 0; 5; 3; 137
10; 0.75; 0.07142857142857142; 0; 5; 3; 137
10; 0.75; 0.07142857142857142; 0; 5; 3; 137
10; 0.75; 0.07142857142857142; 0; 5; 3; 137
10; 0.75; 0.07142857142857142; 0; 5; 3; 137
10; 0.75; 0.07142857142857142; 0; 5; 3; 137
10; 0.75; 0.07142857142857142; 0; 5; 5; 137
10; 0.75; 0.07142857142857142; 0; 5; 5; 137
10; 0.75; 0.07142857142857142; 0; 5; 5; 137
10; 0.75; 0.07142857142857142; 0; 5; 5; 137
10; 0.75; 0.07142857142857142; 0; 5; 5; 137
10; 0.75; 0.07142857142857142; 0; 5; 5; 137
10; 0.75; 0.07142857142857142; 0; 5; 5; 137
11; 0.125; 0.07142857142857142; 0; 8; 5; 435
11; 0.125; 0.07142857142857142; 0; 8; 6; 422
11; 0.125; 0.07142857142857142; 0; 8; 6; 422
11; 0.125; 0.07142857142857142; 0; 8; 6; 422
11; 0.125; 0.07142857142857142; 0; 8; 6; 422
11; 0.125; 0.07142857142857142; 0; 8; 6; 422
11; 0.125; 0.07142857142857142; 0; 8; 6; 422
11; 0.125; 0.07142857142857142; 0; 8; 6; 422
11; 0.125; 0.07142857142857142; 0; 8; 6; 422
11; 0.125; 0.07142857142857142; 0; 8; 7; 157
11; 0.125; 0.07142857142857142; 0; 8; 7; 157
11; 0.125; 0.07142857142857142; 0; 8; 7; 157
11; 0.125; 0.07142857142857142; 0; 8; 7; 157
11; 0.125; 0.07142857142857142; 0; 8; 7; 157
11; 0.125; 0.07142857142857142; 0; 8; 7; 157
11; 0.125; 0.07142857142857142; 0; 8; 7; 157
11; 0.125; 0.07142857142857142; 0; 8; 7; 157
11; 0.125; 0.07142857142857142; 0; 8; 8; 157
11; 0.125; 0.07142857142857142; 0; 8; 8; 157
11; 0.125; 0.07142857142857142; 0; 8; 8; 157
11; 0.125; 0.07142857142857142; 0; 8; 8; 157
11; 0.125; 0.07142857142857142; 0; 8; 8; 157
11; 0.125; 0.07142857142857142; 0; 8; 8; 157
11; 0.125; 0.07142857142857142; 0; 8; 8; 157
12; 0.0; 0.07142857142857142; -1; 9; 8; 468
12; 0.0; 0.07142857142857142; -1; 9; 8; 438
12; 0.0; 0.07142857142857142; -1; 9; 8; 438
12; 0.0; 0.07142857142857142; -1; 9; 8; 438
12; 0.0; 0.07142857142857142; -1; 9; 8; 438
12; 0.0; 0.07142857142857142; -1; 9; 8; 438
12; 0.0; 0.07142857142857142; -1; 9; 8; 438
12; 0.0; 0.07142857142857142; -1; 9; 8; 438
12; 0.0; 0.07142857142857142; -1; 9; 8; 438
12; 0.0; 0.07142857142857142; -1; 9; 8; 171
12; 0.0; 0.07142857142857142; -1; 9; 8; 171
12; 0.0; 0.07142857142857142; -1; 9; 8; 171
12; 0.0; 0.07142857142857142; -1; 9; 8; 171
12; 0.0; 0.07142857142857142; -1; 9; 8; 171
12; 0.0; 0.07142857142857142; -1; 9; 8; 171
12; 0.0; 0.07142857142857142; -1; 9; 8; 171
12; 0.0; 0.07142857142857142; -1; 9; 8; 171
12; 0.0; 0.07142857142857142; -1; 9; 8; 171
12; 0.0; 0.07142857142857142; -1; 9; 8; 171
12; 0.0; 0.07142857142857142; -1; 9; 8; 171
12; 0.0; 0.07142857142857142; -1; 9; 8; 171
12; 0.0; 0.07142857142857142; -1; 9; 8; 171
12; 0.0; 0.07142857142857142; -1; 9; 8; 171
12; 0.0; 0.07142857142857142; -1; 9; 8; 171
13; 0.25; 0.07142857142857142; 0; 15; 8; 171
13; 0.25; 0.07142857142857142; 0; 15; 10; 438
13; 0.25; 0.07142857142857142; 0; 15; 10; 438
13; 0.25; 0.07142857142857142; 0; 15; 10; 438
13; 0.25; 0.07142857142857142; 0; 15; 10; 438
13; 0.25; 0.07142857142857142; 0; 15; 10; 438
13; 0.25; 0.07142857142857142; 0; 15; 10; 438
13; 0.25; 0.07142857142857142; 0; 15; 10; 438
13; 0.25; 0.07142857142857142; 0; 15; 10; 438
13; 0.25; 0.07142857142857142; 0; 15; 12; 125
13; 0.25; 0.07142857142857142; 0; 15; 12; 125
13; 0.25; 0.07142857142857142; 0; 15; 12; 125
13; 0.25; 0.07142857142857142; 0; 15; 12; 125
13; 0.25; 0.07142857142857142; 0; 15; 12; 125
13; 0.25; 0.07142857142857142; 0; 15; 12; 125
13; 0.25; 0.07142857142857142; 0; 15; 12; 125
13; 0.25; 0.07142857142857142; 0; 15; 12; 125
13; 0.25; 0.07142857142857142; 0; 15; 15; 125
13; 0.25; 0.07142857142857142; 0; 15; 15; 125
13; 0.25; 0.07142857142857142; 0; 15; 15; 125
13; 0.25; 0.07142857142857142; 0; 15; 15; 125
13; 0.25; 0.07142857142857142; 0; 15; 15; 125
13; 0.25; 0.07142857142857142; 0; 15; 15; 125
13; 0.25; 0.07142857142857142; 0; 15; 15; 125
14; 0.125; 0.07142857142857142; 1; 20; 15; 512
14; 0.125; 0.07142857142857142; 1; 20; 17; 495
14; 0.125; 0.07142857142857142; 1; 20; 17; 495
14; 0.125; 0.07142857142857142; 1; 20; 17; 495
14; 0.125; 0.07142857142857142; 1; 20; 17; 495
14; 0.125; 0.07142857142857142; 1; 20; 17; 495
14; 0.125; 0.07142857142857142; 1; 20; 17; 495
14; 0.125; 0.07142857142857142; 1; 20; 17; 495
14; 0.125; 0.07142857142857142; 1; 20; 17; 495
14; 0.125; 0.07142857142857142; 1; 20; 19; 116
14; 0.125; 0.07142857142857142; 1; 20; 19; 116
14; 0.125; 0.07142857142857142; 1; 20; 19; 116
14; 0.125; 0.07142857142857142; 1; 20; 19; 116
14; 0.125; 0.07142857142857142; 1; 20; 19; 116
14; 0.125; 0.07142857142857142; 1; 20; 19; 116
14; 0.125; 0.07142857142857142; 1; 20; 19; 116
14; 0.125; 0.07142857142857142; 1; 20; 19; 116
14; 0.125; 0.07142857142857142; 1; 20; 21; 116
14; 0.125; 0.07142857142857142; 1; 20; 21; 116
14; 0.125; 0.07142857142857142; 1; 20; 21; 116
14; 0.125; 0.07142857142857142; 1; 20; 21; 116
14; 0.125; 0.07142857142857142; 1; 20; 21; 116
14; 0.125; 0.07142857142857142; 1; 20; 21; 116
14; 0.125; 0.07142857142857142; 1; 20; 21; 116
15; 0.25; 0.07142857142857142; -1; 37; 21; 472
15; 0.25; 0.07142857142857142; -1; 37; 25; 496
15; 0.25; 0.07142857142857142; -1; 37; 25; 496
15; 0.25; 0.07142857142857142; -1; 37; 25; 496
15; 0.25; 0.07142857142857142; -1; 37; 25; 496
15; 0.25; 0.07142857142857142; -1; 37; 25; 496
15; 0.25; 0.07142857142857142; -1; 37; 25; 496
15; 0.25; 0.07142857142857142; -1; 37; 25; 496
15; 0.25; 0.07142857142857142; -1; 37; 25; 496
15; 0.25; 0.07142857142857142; -1; 37; 30; 163
15; 0.25; 0.07142857142857142; -1; 37; 30; 163
15; 0.25; 0.07142857142857142; -1; 37; 30; 163
15; 0.25; 0.07142857142857142; -1; 37; 30; 163
15; 0.25; 0.07142857142857142; -1; 37; 30; 163
15; 0.25; 0.07142857142857142; -1; 37; 30; 163
15; 0.25; 0.07142857142857142; -1; 37; 30; 163
15; 0.25; 0.07142857142857142; -1; 37; 30; 163
15; 0.25; 0.07142857142857142; -1; 37; 36; 163
15; 0.25; 0.07142857142857142; -1; 37; 36; 163
15; 0.25; 0.07142857142857142; -1; 37; 36; 163
15; 0.25; 0.07142857142857142; -1; 37; 36; 163
15; 0.25; 0.07142857142857142; -1; 37; 36; 163
15; 0.25; 0.07142857142857142; -1; 37; 36; 163
15; 0.25; 0.07142857142857142; -1; 37; 36; 163
16; 0.171875; 0.07142857142857142; 0; 51; 36; 550
16; 0.171875; 0.07142857142857142; 0; 51; 41; 526
16; 0.171875; 0.07142857142857142; 0; 51; 41; 526
16; 0.171875; 0.07142857142857142; 0; 51; 41; 526
16; 0.171875; 0.07142857142857142; 0; 51; 41; 526
16; 0.171875; 0.07142857142857142; 0; 51; 41; 526
16; 0.171875; 0.07142857142857142; 0; 51; 41; 526
16; 0.171875; 0.07142857142857142; 0; 51; 41; 526
16; 0.171875; 0.07142857142857142; 0; 51; 41; 526
16; 0.171875; 0.07142857142857142; 0; 51; 46; 164
16; 0.171875; 0.07142857142857142; 0; 51; 46; 164
16; 0.171875; 0.07142857142857142; 0; 51; 46; 164
16; 0.171875; 0.07142857142857142; 0; 51; 46; 164
16; 0.171875; 0.07142857142857142; 0; 51; 46; 164
16; 0.171875; 0.07142857142857142; 0; 51; 46; 164
16; 0.171875; 0.07142857142857142; 0; 51; 46; 164
16; 0.171875; 0.07142857142857142; 0; 51; 46; 164
16; 0.171875; 0.07142857142857142; 0; 51; 51; 164
16; 0.171875; 0.07142857142857142; 0; 51; 51; 164
16; 0.171875; 0.07142857142857142; 0; 51; 51; 164
16; 0.171875; 0.07142857142857142; 0; 51; 51; 164
16; 0.171875; 0.07142857142857142; 0; 51; 51; 164
16; 0.171875; 0.07142857142857142; 0; 51; 51; 164
16; 0.171875; 0.07142857142857142; 0; 51; 51; 164
17; 0.109375; 0.07142857142857142; 0; 63; 51; 566
17; 0.109375; 0.07142857142857142; 0; 63; 55; 570
17; 0.109375; 0.07142857142857142; 0; 63; 55; 570
17; 0.109375; 0.07142857142857142; 0; 63; 55; 570
17; 0.109375; 0.07142857142857142; 0; 63; 55; 570
17; 0.109375; 0.07142857142857142; 0; 63; 55; 570
17; 0.109375; 0.07142857142857142; 0; 63; 55; 570
17; 0.109375; 0.07142857142857142; 0; 63; 55; 570
17; 0.109375; 0.07142857142857142; 0; 63; 55; 570
17; 0.109375; 0.07142857142857142; 0; 63; 59; 192
17; 0.109375; 0.07142857142857142; 0; 63; 59; 192
17; 0.109375; 0.07142857142857142; 0; 63; 59; 192
17; 0.109375; 0.07142857142857142; 0; 63; 59; 192
17; 0.109375; 0.07142857142857142; 0; 63; 59; 192
17; 0.109375; 0.07142857142857142; 0; 63; 59; 192
17; 0.109375; 0.07142857142857142; 0; 63; 59; 192
17; 0.109375; 0.07142857142857142; 0; 63; 59; 192
17; 0.109375; 0.07142857142857142; 0; 63; 63; 192
17; 0.109375; 0.07142857142857142; 0; 63; 63; 192
17; 0.109375; 0.07142857142857142; 0; 63; 63; 192
17; 0.109375; 0.07142857142857142; 0; 63; 63; 192
17; 0.109375; 0.07142857142857142; 0; 63; 63; 192
17; 0.109375; 0.07142857142857142; 0; 63; 63; 192
17; 0.109375; 0.07142857142857142; 0; 63; 63; 192
18; 0.0625; 0.07142857142857142; 0; 69; 63; 630
18; 0.0625; 0.07142857142857142; 0; 69; 65; 593
18; 0.0625; 0.07142857142857142; 0; 69; 65; 593
18; 0.0625; 0.07142857142857142; 0; 69; 65; 593
18; 0.0625; 0.07142857142857142; 0; 69; 65; 593
18; 0.0625; 0.07142857142857142; 0; 69; 65; 593
18; 0.0625; 0.07142857142857142; 0; 69; 65; 593
18; 0.0625; 0.07142857142857142; 0; 69; 65; 593
18; 0.0625; 0.07142857142857142; 0; 69; 65; 593
18; 0.0625; 0.07142857142857142; 0; 69; 67; 169
18; 0.0625; 0.07142857142857142; 0; 69; 67; 169
18; 0.0625; 0.07142857142857142; 0; 69; 67; 169
18; 0.0625; 0.07142857142857142; 0; 69; 67; 169
18; 0.0625; 0.07142857142857142; 0; 69; 67; 169
18; 0.0625; 0.07142857142857142; 0; 69; 67; 169
18; 0.0625; 0.07142857142857142; 0; 69; 67; 169
18; 0.0625; 0.07142857142857142; 0; 69; 67; 169
18; 0.0625; 0.07142857142857142; 0; 69; 69; 169
18; 0.0625; 0.07142857142857142; 0; 69; 69; 169
18; 0.0625; 0.07142857142857142; 0; 69; 69; 169
18; 0.0625; 0.07142857142857142; 0; 69; 69; 169
18; 0.0625; 0.07142857142857142; 0; 69; 69; 169
18; 0.0625; 0.07142857142857142; 0; 69; 69; 169
18; 0.0625; 0.07142857142857142; 0; 69; 69; 169
19; 0.125; 0.07142857142857142; 0; 84; 69; 657
19; 0.125; 0.07142857142857142; 0; 84; 74; 664
19; 0.125; 0.07142857142857142; 0; 84; 74; 664
19; 0.125; 0.07142857142857142; 0; 84; 74; 664
19; 0.125; 0.07142857142857142; 0; 84; 74; 664
19; 0.125; 0.07142857142857142; 0; 84; 74; 664
19; 0.125; 0.07142857142857142; 0; 84; 74; 664
19; 0.125; 0.07142857142857142; 0; 84; 74; 664
19; 0.125; 0.07142857142857142; 0; 84; 74; 664
19; 0.125; 0.07142857142857142; 0; 84; 79; 177
19; 0.125; 0.07142857142857142; 0; 84; 79; 177
19; 0.125; 0.07142857142857142; 0; 84; 79; 177
19; 0.125; 0.07142857142857142; 0; 84; 79; 177
19; 0.125; 0.07142857142857142; 0; 84; 79; 177
19; 0.125; 0.07142857142857142; 0; 84; 79; 177
19; 0.125; 0.07142857142857142; 0; 84; 79; 177
19; 0.125; 0.07142857142857142; 0; 84; 79; 177
19; 0.125; 0.07142857142857142; 0; 84; 84; 177
19; 0.125; 0.07142857142857142; 0; 84; 84; 177
19; 0.125; 0.07142857142857142; 0; 84; 84; 177
19; 0.125; 0.07142857142857142; 0; 84; 84; 177
19; 0.125; 0.07142857142857142; 0; 84; 84; 177
19; 0.125; 0.07142857142857142; 0; 84; 84; 177
19; 0.125; 0.07142857142857142; 0; 84; 84; 177
20; 0.03125; 0.07142857142857142; 0; 87; 84; 177
20; 0.03125; 0.07142857142857142; 0; 87; 85; 664
20; 0.03125; 0.07142857142857142; 0; 87; 85; 664
20; 0.03125; 0.07142857142857142; 0; 87; 85; 664
20; 0.03125; 0.07142857142857142; 0; 87; 85; 664
20; 0.03125; 0.07142857142857142; 0; 87; 85; 664
20; 0.03125; 0.07142857142857142; 0; 87; 85; 664
20; 0.03125; 0.07142857142857142; 0; 87; 85; 664
20; 0.03125; 0.07142857142857142; 0; 87; 85; 664
20; 0.03125; 0.07142857142857142; 0; 87; 86; 118
20; 0.03125; 0.07142857142857142; 0; 87; 86; 118
20; 0.03125; 0.07142857142857142; 0; 87; 86; 118
20; 0.03125; 0.07142857142857142; 0; 87; 86; 118
20; 0.03125; 0.07142857142857142; 0; 87; 86; 118
20; 0.03125; 0.07142857142857142; 0; 87; 86; 118
20; 0.03125; 0.07142857142857142; 0; 87; 86; 118
20; 0.03125; 0.07142857142857142; 0; 87; 86; 118
20; 0.03125; 0.07142857142857142; 0; 87; 87; 118
20; 0.03125; 0.07142857142857142; 0; 87; 87; 118
20; 0.03125; 0.07142857142857142; 0; 87; 87; 118
20; 0.03125; 0.07142857142857142; 0; 87; 87; 118
20; 0.03125; 0.07142857142857142; 0; 87; 87; 118
20; 0.03125; 0.07142857142857142; 0; 87; 87; 118
20; 0.03125; 0.07142857142857142; 0; 87; 87; 118
21; 0.0859375; 0.07142857142857142; 0; 97; 87; 730
21; 0.0859375; 0.07142857142857142; 0; 97; 90; 686
21; 0.0859375; 0.07142857142857142; 0; 97; 90; 686
21; 0.0859375; 0.07142857142857142; 0; 97; 90; 686
21; 0.0859375; 0.07142857142857142; 0; 97; 90; 686
21; 0.0859375; 0.07142857142857142; 0; 97; 90; 686
21; 0.0859375; 0.07142857142857142; 0; 97; 90; 686
21; 0.0859375; 0.07142857142857142; 0; 97; 90; 686
21; 0.0859375; 0.07142857142857142; 0; 97; 90; 686
21; 0.0859375; 0.07142857142857142; 0; 97; 93; 95
21; 0.0859375; 0.07142857142857142; 0; 97; 93; 95
21; 0.0859375; 0.07142857142857142; 0; 97; 93; 95
21; 0.0859375; 0.07142857142857142; 0; 97; 93; 95
21; 0.0859375; 0.07142857142857142; 0; 97; 93; 95
21; 0.0859375; 0.07142857142857142; 0; 97; 93; 95
21; 0.0859375; 0.07142857142857142; 0; 97; 93; 95
21; 0.0859375; 0.07142857142857142; 0; 97; 93; 95
21; 0.0859375; 0.07142857142857142; 0; 97; 97; 95
21; 0.0859375; 0.07142857142857142; 0; 97; 97; 95
21; 0.0859375; 0.07142857142857142; 0; 97; 97; 95
21; 0.0859375; 0.07142857142857142; 0; 97; 97; 95
21; 0.0859375; 0.07142857142857142; 0; 97; 97; 95
21; 0.0859375; 0.07142857142857142; 0; 97; 97; 95
21; 0.0859375; 0.07142857142857142; 0; 97; 97; 95
22; 0.125; 0.07142857142857142; 0; 113; 97; 752
22; 0.125; 0.07142857142857142; 0; 113; 102; 716
22; 0.125; 0.07142857142857142; 0; 113; 102; 716
22; 0.125; 0.07142857142857142; 0; 113; 102; 716
22; 0.125; 0.07142857142857142; 0; 113; 102; 716
22; 0.125; 0.07142857142857142; 0; 113; 102; 716
22; 0.125; 0.07142857142857142; 0; 113; 102; 716
22; 0.125; 0.07142857142857142; 0; 113; 102; 716
22; 0.125; 0.07142857142857142; 0; 113; 102; 716
22; 0.125; 0.07142857142857142; 0; 113; 107; 147
22; 0.125; 0.07142857142857142; 0; 113; 107; 147
22; 0.125; 0.07142857142857142; 0; 113; 107; 147
22; 0.125; 0.07142857142857142; 0; 113; 107; 147
22; 0.125; 0.07142857142857142; 0; 113; 107; 147
22; 0.125; 0.07142857142857142; 0; 113; 107; 147
22; 0.125; 0.07142857142857142; 0; 113; 107; 147
22; 0.125; 0.07142857142857142; 0; 113; 107; 147
22; 0.125; 0.07142857142857142; 0; 113; 113; 147
22; 0.125; 0.07142857142857142; 0; 113; 113; 147
22; 0.125; 0.07142857142857142; 0; 113; 113; 147
22; 0.125; 0.07142857142857142; 0; 113; 113; 147
22; 0.125; 0.07142857142857142; 0; 113; 113; 147
22; 0.125; 0.07142857142857142; 0; 113; 113; 147
22; 0.125; 0.07142857142857142; 0; 113; 113; 147
23; 0.09375; 0.07142857142857142; 0; 126; 113; 765
23; 0.09375; 0.07142857142857142; 0; 126; 117; 802
23; 0.09375; 0.07142857142857142; 0; 126; 117; 802
23; 0.09375; 0.07142857142857142; 0; 126; 117; 802
23; 0.09375; 0.07142857142857142; 0; 126; 117; 802
23; 0.09375; 0.07142857142857142; 0; 126; 117; 802
23; 0.09375; 0.07142857142857142; 0; 126; 117; 802
23; 0.09375; 0.07142857142857142; 0; 126; 117; 802
23; 0.09375; 0.07142857142857142; 0; 126; 117; 802
23; 0.09375; 0.07142857142857142; 0; 126; 121; 137
23; 0.09375; 0.07142857142857142; 0; 126; 121; 137
23; 0.09375; 0.07142857142857142; 0; 126; 121; 137
23; 0.09375; 0.07142857142857142; 0; 126; 121; 137
23; 0.09375; 0.07142857142857142; 0; 126; 121; 137
23; 0.09375; 0.07142857142857142; 0; 126; 121; 137
23; 0.09375; 0.07142857142857142; 0; 126; 121; 137
23; 0.09375; 0.07142857142857142; 0; 126; 121; 137
23; 0.09375; 0.07142857142857142; 0; 126; 126; 137
23; 0.09375; 0.07142857142857142; 0; 126; 126; 137
23; 0.09375; 0.07142857142857142; 0; 126; 126; 137
23; 0.09375; 0.07142857142857142; 0; 126; 126; 137
23; 0.09375; 0.07142857142857142; 0; 126; 126; 137
23; 0.09375; 0.07142857142857142; 0; 126; 126; 137
23; 0.09375; 0.07142857142857142; 0; 126; 126; 137
24; 0.109375; 0.07142857142857142; 0; 144; 126; 850
24; 0.109375; 0.07142857142857142; 0; 144; 132; 873
24; 0.109375; 0.07142857142857142; 0; 144; 132; 873
24; 0.109375; 0.07142857142857142; 0; 144; 132; 873
24; 0.109375; 0.07142857142857142; 0; 144; 132; 873
24; 0.109375; 0.07142857142857142; 0; 144; 132; 873
24; 0.109375; 0.07142857142857142; 0; 144; 132; 873
24; 0.109375; 0.07142857142857142; 0; 144; 132; 873
24; 0.109375; 0.07142857142857142; 0; 144; 132; 873
24; 0.109375; 0.07142857142857142; 0; 144; 138; 174
24; 0.109375; 0.07142857142857142; 0; 144; 138; 174
24; 0.109375; 0.07142857142857142; 0; 144; 138; 174
24; 0.109375; 0.07142857142857142; 0; 144; 138; 174
24; 0.109375; 0.07142857142857142; 0; 144; 138; 174
24; 0.109375; 0.07142857142857142; 0; 144; 138; 174
24; 0.109375; 0.07142857142857142; 0; 144; 138; 174
24; 0.109375; 0.07142857142857142; 0; 144; 138; 174
24; 0.109375; 0.07142857142857142; 0; 144; 144; 174
24; 0.109375; 0.07142857142857142; 0; 144; 144; 174
24; 0.109375; 0.07142857142857142; 0; 144; 144; 174
24; 0.109375; 0.07142857142857142; 0; 144; 144; 174
24; 0.109375; 0.07142857142857142; 0; 144; 144; 174
24; 0.109375; 0.07142857142857142; 0; 144; 144; 174
24; 0.109375; 0.07142857142857142; 0; 144; 144; 174
25; 0.046875; 0.07142857142857142; 0; 153; 144; 961
25; 0.046875; 0.07142857142857142; 0; 153; 147; 945
25; 0.046875; 0.07142857142857142; 0; 153; 147; 945
25; 0.046875; 0.07142857142857142; 0; 153; 147; 945
25; 0.046875; 0.07142857142857142; 0; 153; 147; 945
25; 0.046875; 0.07142857142857142; 0; 153; 147; 945
25; 0.046875; 0.07142857142857142; 0; 153; 147; 945
25; 0.046875; 0.07142857142857142; 0; 153; 147; 945
25; 0.046875; 0.07142857142857142; 0; 153; 147; 945
25; 0.046875; 0.07142857142857142; 0; 153; 150; 199
25; 0.046875; 0.07142857142857142; 0; 153; 150; 199
25; 0.046875; 0.07142857142857142; 0; 153; 150; 199
25; 0.046875; 0.07142857142857142; 0; 153; 150; 199
25; 0.046875; 0.07142857142857142; 0; 153; 150; 199
25; 0.046875; 0.07142857142857142; 0; 153; 150; 199
25; 0.046875; 0.07142857142857142; 0; 153; 150; 199
25; 0.046875; 0.07142857142857142; 0; 153; 150; 199
25; 0.046875; 0.07142857142857142; 0; 153; 153; 199
25; 0.046875; 0.07142857142857142; 0; 153; 153; 199
25; 0.046875; 0.07142857142857142; 0; 153; 153; 199
25; 0.046875; 0.07142857142857142; 0; 153; 153; 199
25; 0.046875; 0.07142857142857142; 0; 153; 153; 199
25; 0.046875; 0.07142857142857142; 0; 153; 153; 199
25; 0.046875; 0.07142857142857142; 0; 153; 153; 199
26; 0.109375; 0.07142857142857142; 0; 171; 153; 998
26; 0.109375; 0.07142857142857142; 0; 171; 159; 957
26; 0.109375; 0.07142857142857142; 0; 171; 159; 957
26; 0.109375; 0.07142857142857142; 0; 171; 159; 957
26; 0.109375; 0.07142857142857142; 0; 171; 159; 957
26; 0.109375; 0.07142857142857142; 0; 171; 159; 957
26; 0.109375; 0.07142857142857142; 0; 171; 159; 957
26; 0.109375; 0.07142857142857142; 0; 171; 159; 957
26; 0.109375; 0.07142857142857142; 0; 171; 159; 957
26; 0.109375; 0.07142857142857142; 0; 171; 165; 176
26; 0.109375; 0.07142857142857142; 0; 171; 165; 176
26; 0.109375; 0.07142857142857142; 0; 171; 165; 176
26; 0.109375; 0.07142857142857142; 0; 171; 165; 176
26; 0.109375; 0.07142857142857142; 0; 171; 165; 176
26; 0.109375; 0.07142857142857142; 0; 171; 165; 176
26; 0.109375; 0.07142857142857142; 0; 171; 165; 176
26; 0.109375; 0.07142857142857142; 0; 171; 165; 176
26; 0.109375; 0.07142857142857142; 0; 171; 171; 176
26; 0.109375; 0.07142857142857142; 0; 171; 171; 176
26; 0.109375; 0.07142857142857142; 0; 171; 171; 176
26; 0.109375; 0.07142857142857142; 0; 171; 171; 176
26; 0.109375; 0.07142857142857142; 0; 171; 171; 176
26; 0.109375; 0.07142857142857142; 0; 171; 171; 176
26; 0.109375; 0.07142857142857142; 0; 171; 171; 176
27; 0.015625; 0.07142857142857142; 0; 174; 171; 176
27; 0.015625; 0.07142857142857142; 0; 174; 172; 957
27; 0.015625; 0.07142857142857142; 0; 174; 172; 957
27; 0.015625; 0.07142857142857142; 0; 174; 172; 957
27; 0.015625; 0.07142857142857142; 0; 174; 172; 957
27; 0.015625; 0.07142857142857142; 0; 174; 172; 957
27; 0.015625; 0.07142857142857142; 0; 174; 172; 957
27; 0.015625; 0.07142857142857142; 0; 174; 172; 957
27; 0.015625; 0.07142857142857142; 0; 174; 172; 957
27; 0.015625; 0.07142857142857142; 0; 174; 173; 170
27; 0.015625; 0.07142857142857142; 0; 174; 173; 170
27; 0.015625; 0.07142857142857142; 0; 174; 173; 170
27; 0.015625; 0.07142857142857142; 0; 174; 173; 170
27; 0.015625; 0.07142857142857142; 0; 174; 173; 170
27; 0.015625; 0.07142857142857142; 0; 174; 173; 170
27; 0.015625; 0.07142857142857142; 0; 174; 173; 170
27; 0.015625; 0.07142857142857142; 0; 174; 173; 170
27; 0.015625; 0.07142857142857142; 0; 174; 174; 170
27; 0.015625; 0.07142857142857142; 0; 174; 174; 170
27; 0.015625; 0.07142857142857142; 0; 174; 174; 170
27; 0.015625; 0.07142857142857142; 0; 174; 174; 170
27; 0.015625; 0.07142857142857142; 0; 174; 174; 170
27; 0.015625; 0.07142857142857142; 0; 174; 174; 170
27; 0.015625; 0.07142857142857142; 0; 174; 174; 170
28; 0.09375; 0.07142857142857142; -1; 190; 174; 949
28; 0.09375; 0.07142857142857142; -1; 190; 179; 973
28; 0.09375; 0.07142857142857142; -1; 190; 179; 973
28; 0.09375; 0.07142857142857142; -1; 190; 179; 973
28; 0.09375; 0.07142857142857142; -1; 190; 179; 973
28; 0.09375; 0.07142857142857142; -1; 190; 179; 973
28; 0.09375; 0.07142857142857142; -1; 190; 179; 973
28; 0.09375; 0.07142857142857142; -1; 190; 179; 973
28; 0.09375; 0.07142857142857142; -1; 190; 179; 973
28; 0.09375; 0.07142857142857142; -1; 190; 184; 143
28; 0.09375; 0.07142857142857142; -1; 190; 184; 143
28; 0.09375; 0.07142857142857142; -1; 190; 184; 143
28; 0.09375; 0.07142857142857142; -1; 190; 184; 143
28; 0.09375; 0.07142857142857142; -1; 190; 184; 143
28; 0.09375; 0.07142857142857142; -1; 190; 184; 143
28; 0.09375; 0.07142857142857142; -1; 190; 184; 143
28; 0.09375; 0.07142857142857142; -1; 190; 184; 143
28; 0.09375; 0.07142857142857142; -1; 190; 189; 143
28; 0.09375; 0.07142857142857142; -1; 190; 189; 143
28; 0.09375; 0.07142857142857142; -1; 190; 189; 143
28; 0.09375; 0.07142857142857142; -1; 190; 189; 143
28; 0.09375; 0.07142857142857142; -1; 190; 189; 143
28; 0.09375; 0.07142857142857142; -1; 190; 189; 143
28; 0.09375; 0.07142857142857142; -1; 190; 189; 143
29; 0.12109375; 0.07142857142857142; 0; 210; 189; 994
29; 0.12109375; 0.07142857142857142; 0; 210; 196; 1014
29; 0.12109375; 0.07142857142857142; 0; 210; 196; 1014
29; 0.12109375; 0.07142857142857142; 0; 210; 196; 1014
29; 0.12109375; 0.07142857142857142; 0; 210; 196; 1014
29; 0.12109375; 0.07142857142857142; 0; 210; 196; 1014
29; 0.12109375; 0.07142857142857142; 0; 210; 196; 1014
29; 0.12109375; 0.07142857142857142; 0; 210; 196; 1014
29; 0.12109375; 0.07142857142857142; 0; 210; 196; 1014
29; 0.12109375; 0.07142857142857142; 0; 210; 203; 208
29; 0.12109375; 0.07142857142857142; 0; 210; 203; 208
29; 0.12109375; 0.07142857142857142; 0; 210; 203; 208
29; 0.12109375; 0.07142857142857142; 0; 210; 203; 208
29; 0.12109375; 0.07142857142857142; 0; 210; 203; 208
29; 0.12109375; 0.07142857142857142; 0; 210; 203; 208
29; 0.12109375; 0.07142857142857142; 0; 210; 203; 208
29; 0.12109375; 0.07142857142857142; 0; 210; 203; 208
29; 0.12109375; 0.07142857142857142; 0; 210; 210; 208
29; 0.12109375; 0.07142857142857142; 0; 210; 210; 208
29; 0.12109375; 0.07142857142857142; 0; 210; 210; 208
29; 0.12109375; 0.07142857142857142; 0; 210; 210; 208
29; 0.12109375; 0.07142857142857142; 0; 210; 210; 208
29; 0.12109375; 0.07142857142857142; 0; 210; 210; 208
29; 0.12109375; 0.07142857142857142; 0; 210; 210; 208
30; 0.1640625; 0.07142857142857142; -1; 244; 210; 1092
30; 0.1640625; 0.07142857142857142; -1; 244; 220; 1038
30; 0.1640625; 0.07142857142857142; -1; 244; 220; 1038
30; 0.1640625; 0.07142857142857142; -1; 244; 220; 1038
30; 0.1640625; 0.07142857142857142; -1; 244; 220; 1038
30; 0.1640625; 0.07142857142857142; -1; 244; 220; 1038
30; 0.1640625; 0.07142857142857142; -1; 244; 220; 1038
30; 0.1640625; 0.07142857142857142; -1; 244; 220; 1038
30; 0.1640625; 0.07142857142857142; -1; 244; 220; 1038
30; 0.1640625; 0.07142857142857142; -1; 244; 231; 223
30; 0.1640625; 0.07142857142857142; -1; 244; 231; 223
30; 0.1640625; 0.07142857142857142; -1; 244; 231; 223
30; 0.1640625; 0.07142857142857142; -1; 244; 231; 223
30; 0.1640625; 0.07142857142857142; -1; 244; 231; 223
30; 0.1640625; 0.07142857142857142; -1; 244; 231; 223
30; 0.1640625; 0.07142857142857142; -1; 244; 231; 223
30; 0.1640625; 0.07142857142857142; -1; 244; 231; 223
30; 0.1640625; 0.07142857142857142; -1; 244; 243; 223
30; 0.1640625; 0.07142857142857142; -1; 244; 243; 223
30; 0.1640625; 0.07142857142857142; -1; 244; 243; 223
30; 0.1640625; 0.07142857142857142; -1; 244; 243; 223
30; 0.1640625; 0.07142857142857142; -1; 244; 243; 223
30; 0.1640625; 0.07142857142857142; -1; 244; 243; 223
30; 0.1640625; 0.07142857142857142; -1; 244; 243; 223
31; 0.046875; 0.07142857142857142; -1; 256; 243; 1106
31; 0.046875; 0.07142857142857142; -1; 256; 247; 1061
31; 0.046875; 0.07142857142857142; -1; 256; 247; 1061
31; 0.046875; 0.07142857142857142; -1; 256; 247; 1061
31; 0.046875; 0.07142857142857142; -1; 256; 247; 1061
31; 0.046875; 0.07142857142857142; -1; 256; 247; 1061
31; 0.046875; 0.07142857142857142; -1; 256; 247; 1061
31; 0.046875; 0.07142857142857142; -1; 256; 247; 1061
31; 0.046875; 0.07142857142857142; -1; 256; 247; 1061
31; 0.046875; 0.07142857142857142; -1; 256; 251; 254
31; 0.046875; 0.07142857142857142; -1; 256; 251; 254
31; 0.046875; 0.07142857142857142; -1; 256; 251; 254
31; 0.046875; 0.07142857142857142; -1; 256; 251; 254
31; 0.046875; 0.07142857142857142; -1; 256; 251; 254
31; 0.046875; 0.07142857142857142; -1; 256; 251; 254
31; 0.046875; 0.07142857142857142; -1; 256; 251; 254
31; 0.046875; 0.07142857142857142; -1; 256; 251; 254
31; 0.046875; 0.07142857142857142; -1; 256; 255; 254
31; 0.046875; 0.07142857142857142; -1; 256; 255; 254
31; 0.046875; 0.07142857142857142; -1; 256; 255; 254
31; 0.046875; 0.07142857142857142; -1; 256; 255; 254
31; 0.046875; 0.07142857142857142; -1; 256; 255; 254
31; 0.046875; 0.07142857142857142; -1; 256; 255; 254
31; 0.046875; 0.07142857142857142; -1; 256; 255; 254
32; 0.125; 0.07142857142857142; -1; 284; 255; 1081
32; 0.125; 0.07142857142857142; -1; 284; 264; 1078
32; 0.125; 0.07142857142857142; -1; 284; 264; 1078
32; 0.125; 0.07142857142857142; -1; 284; 264; 1078
32; 0.125; 0.07142857142857142; -1; 284; 264; 1078
32; 0.125; 0.07142857142857142; -1; 284; 264; 1078
32; 0.125; 0.07142857142857142; -1; 284; 264; 1078
32; 0.125; 0.07142857142857142; -1; 284; 264; 1078
32; 0.125; 0.07142857142857142; -1; 284; 264; 1078
32; 0.125; 0.07142857142857142; -1; 284; 273; 227
32; 0.125; 0.07142857142857142; -1; 284; 273; 227
32; 0.125; 0.07142857142857142; -1; 284; 273; 227
32; 0.125; 0.07142857142857142; -1; 284; 273; 227
32; 0.125; 0.07142857142857142; -1; 284; 273; 227
32; 0.125; 0.07142857142857142; -1; 284; 273; 227
32; 0.125; 0.07142857142857142; -1; 284; 273; 227
32; 0.125; 0.07142857142857142; -1; 284; 273; 227
32; 0.125; 0.07142857142857142; -1; 284; 283; 227
32; 0.125; 0.07142857142857142; -1; 284; 283; 227
32; 0.125; 0.07142857142857142; -1; 284; 283; 227
32; 0.125; 0.07142857142857142; -1; 284; 283; 227
32; 0.125; 0.07142857142857142; -1; 284; 283; 227
32; 0.125; 0.07142857142857142; -1; 284; 283; 227
32; 0.125; 0.07142857142857142; -1; 284; 283; 227
33; 0.04296875; 0.07142857142857142; 0; 293; 283; 227
33; 0.04296875; 0.07142857142857142; 0; 293; 287; 1078
33; 0.04296875; 0.07142857142857142; 0; 293; 287; 1078
33; 0.04296875; 0.07142857142857142; 0; 293; 287; 1078
33; 0.04296875; 0.07142857142857142; 0; 293; 287; 1078
33; 0.04296875; 0.07142857142857142; 0; 293; 287; 1078
33; 0.04296875; 0.07142857142857142; 0; 293; 287; 1078
33; 0.04296875; 0.07142857142857142; 0; 293; 287; 1078
33; 0.04296875; 0.07142857142857142; 0; 293; 287; 1078
33; 0.04296875; 0.07142857142857142; 0; 293; 290; 245
33; 0.04296875; 0.07142857142857142; 0; 293; 290; 245
33; 0.04296875; 0.07142857142857142; 0; 293; 290; 245
33; 0.04296875; 0.07142857142857142; 0; 293; 290; 245
33; 0.04296875; 0.07142857142857142; 0; 293; 290; 245
33; 0.04296875; 0.07142857142857142; 0; 293; 290; 245
33; 0.04296875; 0.07142857142857142; 0; 293; 290; 245
33; 0.04296875; 0.07142857142857142; 0; 293; 290; 245
33; 0.04296875; 0.07142857142857142; 0; 293; 293; 245
33; 0.04296875; 0.07142857142857142; 0; 293; 293; 245
33; 0.04296875; 0.07142857142857142; 0; 293; 293; 245
33; 0.04296875; 0.07142857142857142; 0; 293; 293; 245
33; 0.04296875; 0.07142857142857142; 0; 293; 293; 245
33; 0.04296875; 0.07142857142857142; 0; 293; 293; 245
33; 0.04296875; 0.07142857142857142; 0; 293; 293; 245
34; 0.015625; 0.07142857142857142; 0; 296; 293; 245
34; 0.015625; 0.07142857142857142; 0; 296; 294; 1078
34; 0.015625; 0.07142857142857142; 0; 296; 294; 1078
34; 0.015625; 0.07142857142857142; 0; 296; 294; 1078
34; 0.015625; 0.07142857142857142; 0; 296; 294; 1078
34; 0.015625; 0.07142857142857142; 0; 296; 294; 1078
34; 0.015625; 0.07142857142857142; 0; 296; 294; 1078
34; 0.015625; 0.07142857142857142; 0; 296; 294; 1078
34; 0.015625; 0.07142857142857142; 0; 296; 294; 1078
34; 0.015625; 0.07142857142857142; 0; 296; 295; 209
34; 0.015625; 0.07142857142857142; 0; 296; 295; 209
34; 0.015625; 0.07142857142857142; 0; 296; 295; 209
34; 0.015625; 0.07142857142857142; 0; 296; 295; 209
34; 0.015625; 0.07142857142857142; 0; 296; 295; 209
34; 0.015625; 0.07142857142857142; 0; 296; 295; 209
34; 0.015625; 0.07142857142857142; 0; 296; 295; 209
34; 0.015625; 0.07142857142857142; 0; 296; 295; 209
34; 0.015625; 0.07142857142857142; 0; 296; 296; 209
34; 0.015625; 0.07142857142857142; 0; 296; 296; 209
34; 0.015625; 0.07142857142857142; 0; 296; 296; 209
34; 0.015625; 0.07142857142857142; 0; 296; 296; 209
34; 0.015625; 0.07142857142857142; 0; 296; 296; 209
34; 0.015625; 0.07142857142857142; 0; 296; 296; 209
34; 0.015625; 0.07142857142857142; 0; 296; 296; 209
35; 0.015625; 0.07142857142857142; 0; 299; 296; 1126
35; 0.015625; 0.07142857142857142; 0; 299; 297; 1088
35; 0.015625; 0.07142857142857142; 0; 299; 297; 1088
35; 0.015625; 0.07142857142857142; 0; 299; 297; 1088
35; 0.015625; 0.07142857142857142; 0; 299; 297; 1088
35; 0.015625; 0.07142857142857142; 0; 299; 297; 1088
35; 0.015625; 0.07142857142857142; 0; 299; 297; 1088
35; 0.015625; 0.07142857142857142; 0; 299; 297; 1088
35; 0.015625; 0.07142857142857142; 0; 299; 297; 1088
35; 0.015625; 0.07142857142857142; 0; 299; 298; 175
35; 0.015625; 0.07142857142857142; 0; 299; 298; 175
35; 0.015625; 0.07142857142857142; 0; 299; 298; 175
35; 0.015625; 0.07142857142857142; 0; 299; 298; 175
35; 0.015625; 0.07142857142857142; 0; 299; 298; 175
35; 0.015625; 0.07142857142857142; 0; 299; 298; 175
35; 0.015625; 0.07142857142857142; 0; 299; 298; 175
35; 0.015625; 0.07142857142857142; 0; 299; 298; 175
35; 0.015625; 0.07142857142857142; 0; 299; 299; 175
35; 0.015625; 0.07142857142857142; 0; 299; 299; 175
35; 0.015625; 0.07142857142857142; 0; 299; 299; 175
35; 0.015625; 0.07142857142857142; 0; 299; 299; 175
35; 0.015625; 0.07142857142857142; 0; 299; 299; 175
35; 0.015625; 0.07142857142857142; 0; 299; 299; 175
35; 0.015625; 0.07142857142857142; 0; 299; 299; 175
36; 0.09375; 0.07142857142857142; -1; 315; 299; 1101
36; 0.09375; 0.07142857142857142; -1; 315; 304; 1098
36; 0.09375; 0.07142857142857142; -1; 315; 304; 1098
36; 0.09375; 0.07142857142857142; -1; 315; 304; 1098
36; 0.09375; 0.07142857142857142; -1; 315; 304; 1098
36; 0.09375; 0.07142857142857142; -1; 315; 304; 1098
36; 0.09375; 0.07142857142857142; -1; 315; 304; 1098
36; 0.09375; 0.07142857142857142; -1; 315; 304; 1098
36; 0.09375; 0.07142857142857142; -1; 315; 304; 1098
36; 0.09375; 0.07142857142857142; -1; 315; 309; 240
36; 0.09375; 0.07142857142857142; -1; 315; 309; 240
36; 0.09375; 0.07142857142857142; -1; 315; 309; 240
36; 0.09375; 0.07142857142857142; -1; 315; 309; 240
36; 0.09375; 0.07142857142857142; -1; 315; 309; 240
36; 0.09375; 0.07142857142857142; -1; 315; 309; 240
36; 0.09375; 0.07142857142857142; -1; 315; 309; 240
36; 0.09375; 0.07142857142857142; -1; 315; 309; 240
36; 0.09375; 0.07142857142857142; -1; 315; 314; 240
36; 0.09375; 0.07142857142857142; -1; 315; 314; 240
36; 0.09375; 0.07142857142857142; -1; 315; 314; 240
36; 0.09375; 0.07142857142857142; -1; 315; 314; 240
36; 0.09375; 0.07142857142857142; -1; 315; 314; 240
36; 0.09375; 0.07142857142857142; -1; 315; 314; 240
36; 0.09375; 0.07142857142857142; -1; 315; 314; 240
37; 0.03125; 0.07142857142857142; 1; 319; 314; 1090
37; 0.03125; 0.07142857142857142; 1; 319; 316; 1106
37; 0.03125; 0.07142857142857142; 1; 319; 316; 1106
37; 0.03125; 0.07142857142857142; 1; 319; 316; 1106
37; 0.03125; 0.07142857142857142; 1; 319; 316; 1106
37; 0.03125; 0.07142857142857142; 1; 319; 316; 1106
37; 0.03125; 0.07142857142857142; 1; 319; 316; 1106
37; 0.03125; 0.07142857142857142; 1; 319; 316; 1106
37; 0.03125; 0.07142857142857142; 1; 319; 316; 1106
37; 0.03125; 0.07142857142857142; 1; 319; 318; 253
37; 0.03125; 0.07142857142857142; 1; 319; 318; 253
37; 0.03125; 0.07142857142857142; 1; 319; 318; 253
37; 0.03125; 0.07142857142857142; 1; 319; 318; 253
37; 0.03125; 0.07142857142857142; 1; 319; 318; 253
37; 0.03125; 0.07142857142857142; 1; 319; 318; 253
37; 0.03125; 0.07142857142857142; 1; 319; 318; 253
37; 0.03125; 0.07142857142857142; 1; 319; 318; 253
37; 0.03125; 0.07142857142857142; 1; 319; 320; 253
37; 0.03125; 0.07142857142857142; 1; 319; 320; 253
37; 0.03125; 0.07142857142857142; 1; 319; 320; 253
37; 0.03125; 0.07142857142857142; 1; 319; 320; 253
37; 0.03125; 0.07142857142857142; 1; 319; 320; 253
37; 0.03125; 0.07142857142857142; 1; 319; 320; 253
37; 0.03125; 0.07142857142857142; 1; 319; 320; 253
38; 0.078125; 0.07142857142857142; -1; 333; 320; 1122
38; 0.078125; 0.07142857142857142; -1; 333; 324; 1115
38; 0.078125; 0.07142857142857142; -1; 333; 324; 1115
38; 0.078125; 0.07142857142857142; -1; 333; 324; 1115
38; 0.078125; 0.07142857142857142; -1; 333; 324; 1115
38; 0.078125; 0.07142857142857142; -1; 333; 324; 1115
38; 0.078125; 0.07142857142857142; -1; 333; 324; 1115
38; 0.078125; 0.07142857142857142; -1; 333; 324; 1115
38; 0.078125; 0.07142857142857142; -1; 333; 324; 1115
38; 0.078125; 0.07142857142857142; -1; 333; 328; 284
38; 0.078125; 0.07142857142857142; -1; 333; 328; 284
38; 0.078125; 0.07142857142857142; -1; 333; 328; 284
38; 0.078125; 0.07142857142857142; -1; 333; 328; 284
38; 0.078125; 0.07142857142857142; -1; 333; 328; 284
38; 0.078125; 0.07142857142857142; -1; 333; 328; 284
38; 0.078125; 0.07142857142857142; -1; 333; 328; 284
38; 0.078125; 0.07142857142857142; -1; 333; 328; 284
38; 0.078125; 0.07142857142857142; -1; 333; 332; 284
38; 0.078125; 0.07142857142857142; -1; 333; 332; 284
38; 0.078125; 0.07142857142857142; -1; 333; 332; 284
38; 0.078125; 0.07142857142857142; -1; 333; 332; 284
38; 0.078125; 0.07142857142857142; -1; 333; 332; 284
38; 0.078125; 0.07142857142857142; -1; 333; 332; 284
38; 0.078125; 0.07142857142857142; -1; 333; 332; 284
39; 0.0625; 0.07142857142857142; -1; 342; 332; 1179
39; 0.0625; 0.07142857142857142; -1; 342; 335; 1139
39; 0.0625; 0.07142857142857142; -1; 342; 335; 1139
39; 0.0625; 0.07142857142857142; -1; 342; 335; 1139
39; 0.0625; 0.07142857142857142; -1; 342; 335; 1139
39; 0.0625; 0.07142857142857142; -1; 342; 335; 1139
39; 0.0625; 0.07142857142857142; -1; 342; 335; 1139
39; 0.0625; 0.07142857142857142; -1; 342; 335; 1139
39; 0.0625; 0.07142857142857142; -1; 342; 335; 1139
39; 0.0625; 0.07142857142857142; -1; 342; 338; 281
39; 0.0625; 0.07142857142857142; -1; 342; 338; 281
39; 0.0625; 0.07142857142857142; -1; 342; 338; 281
39; 0.0625; 0.07142857142857142; -1; 342; 338; 281
39; 0.0625; 0.07142857142857142; -1; 342; 338; 281
39; 0.0625; 0.07142857142857142; -1; 342; 338; 281
39; 0.0625; 0.07142857142857142; -1; 342; 338; 281
39; 0.0625; 0.07142857142857142; -1; 342; 338; 281
39; 0.0625; 0.07142857142857142; -1; 342; 341; 281
39; 0.0625; 0.07142857142857142; -1; 342; 341; 281
39; 0.0625; 0.07142857142857142; -1; 342; 341; 281
39; 0.0625; 0.07142857142857142; -1; 342; 341; 281
39; 0.0625; 0.07142857142857142; -1; 342; 341; 281
39; 0.0625; 0.07142857142857142; -1; 342; 341; 281
39; 0.0625; 0.07142857142857142; -1; 342; 341; 281
40; 0.015625; 0.07142857142857142; 1; 343; 341; 1197
40; 0.015625; 0.07142857142857142; 1; 343; 342; 1147
40; 0.015625; 0.07142857142857142; 1; 343; 342; 1147
40; 0.015625; 0.07142857142857142; 1; 343; 342; 1147
40; 0.015625; 0.07142857142857142; 1; 343; 342; 1147
40; 0.015625; 0.07142857142857142; 1; 343; 342; 1147
40; 0.015625; 0.07142857142857142; 1; 343; 342; 1147
40; 0.015625; 0.07142857142857142; 1; 343; 342; 1147
40; 0.015625; 0.07142857142857142; 1; 343; 342; 1147
40; 0.015625; 0.07142857142857142; 1; 343; 343; 248
40; 0.015625; 0.07142857142857142; 1; 343; 343; 248
40; 0.015625; 0.07142857142857142; 1; 343; 343; 248
40; 0.015625; 0.07142857142857142; 1; 343; 343; 248
40; 0.015625; 0.07142857142857142; 1; 343; 343; 248
40; 0.015625; 0.07142857142857142; 1; 343; 343; 248
40; 0.015625; 0.07142857142857142; 1; 343; 343; 248
40; 0.015625; 0.07142857142857142; 1; 343; 343; 248
40; 0.015625; 0.07142857142857142; 1; 343; 344; 248
40; 0.015625; 0.07142857142857142; 1; 343; 344; 248
40; 0.015625; 0.07142857142857142; 1; 343; 344; 248
40; 0.015625; 0.07142857142857142; 1; 343; 344; 248
40; 0.015625; 0.07142857142857142; 1; 343; 344; 248
40; 0.015625; 0.07142857142857142; 1; 343; 344; 248
40; 0.015625; 0.07142857142857142; 1; 343; 344; 248
41; 0.0; 0.07142857142857142; -1; 345; 344; 248
41; 0.0; 0.07142857142857142; -1; 345; 344; 1147
41; 0.0; 0.07142857142857142; -1; 345; 344; 1147
41; 0.0; 0.07142857142857142; -1; 345; 344; 1147
41; 0.0; 0.07142857142857142; -1; 345; 344; 1147
41; 0.0; 0.07142857142857142; -1; 345; 344; 1147
41; 0.0; 0.07142857142857142; -1; 345; 344; 1147
41; 0.0; 0.07142857142857142; -1; 345; 344; 1147
41; 0.0; 0.07142857142857142; -1; 345; 344; 1147
41; 0.0; 0.07142857142857142; -1; 345; 344; 235
41; 0.0; 0.07142857142857142; -1; 345; 344; 235
41; 0.0; 0.07142857142857142; -1; 345; 344; 235
41; 0.0; 0.07142857142857142; -1; 345; 344; 235
41; 0.0; 0.07142857142857142; -1; 345; 344; 235
41; 0.0; 0.07142857142857142; -1; 345; 344; 235
41; 0.0; 0.07142857142857142; -1; 345; 344; 235
41; 0.0; 0.07142857142857142; -1; 345; 344; 235
41; 0.0; 0.07142857142857142; -1; 345; 344; 235
41; 0.0; 0.07142857142857142; -1; 345; 344; 235
41; 0.0; 0.07142857142857142; -1; 345; 344; 235
41; 0.0; 0.07142857142857142; -1; 345; 344; 235
41; 0.0; 0.07142857142857142; -1; 345; 344; 235
41; 0.0; 0.07142857142857142; -1; 345; 344; 235
41; 0.0; 0.07142857142857142; -1; 345; 344; 235
42; 0.0625; 0.07142857142857142; 1; 349; 344; 1100
42; 0.0625; 0.07142857142857142; 1; 349; 346; 1157
42; 0.0625; 0.07142857142857142; 1; 349; 346; 1157
42; 0.0625; 0.07142857142857142; 1; 349; 346; 1157
42; 0.0625; 0.07142857142857142; 1; 349; 346; 1157
42; 0.0625; 0.07142857142857142; 1; 349; 346; 1157
42; 0.0625; 0.07142857142857142; 1; 349; 346; 1157
42; 0.0625; 0.07142857142857142; 1; 349; 346; 1157
42; 0.0625; 0.07142857142857142; 1; 349; 346; 1157
42; 0.0625; 0.07142857142857142; 1; 349; 348; 210
42; 0.0625; 0.07142857142857142; 1; 349; 348; 210
42; 0.0625; 0.07142857142857142; 1; 349; 348; 210
42; 0.0625; 0.07142857142857142; 1; 349; 348; 210
42; 0.0625; 0.07142857142857142; 1; 349; 348; 210
42; 0.0625; 0.07142857142857142; 1; 349; 348; 210
42; 0.0625; 0.07142857142857142; 1; 349; 348; 210
42; 0.0625; 0.07142857142857142; 1; 349; 348; 210
42; 0.0625; 0.07142857142857142; 1; 349; 350; 210
42; 0.0625; 0.07142857142857142; 1; 349; 350; 210
42; 0.0625; 0.07142857142857142; 1; 349; 350; 210
42; 0.0625; 0.07142857142857142; 1; 349; 350; 210
42; 0.0625; 0.07142857142857142; 1; 349; 350; 210
42; 0.0625; 0.07142857142857142; 1; 349; 350; 210
42; 0.0625; 0.07142857142857142; 1; 349; 350; 210
43; 0.1484375; 0.07142857142857142; 0; 367; 350; 1146
43; 0.1484375; 0.07142857142857142; 0; 367; 355; 1193
43; 0.1484375; 0.07142857142857142; 0; 367; 355; 1193
43; 0.1484375; 0.07142857142857142; 0; 367; 355; 1193
43; 0.1484375; 0.07142857142857142; 0; 367; 355; 1193
43; 0.1484375; 0.07142857142857142; 0; 367; 355; 1193
43; 0.1484375; 0.07142857142857142; 0; 367; 355; 1193
43; 0.1484375; 0.07142857142857142; 0; 367; 355; 1193
43; 0.1484375; 0.07142857142857142; 0; 367; 355; 1193
43; 0.1484375; 0.07142857142857142; 0; 367; 361; 268
43; 0.1484375; 0.07142857142857142; 0; 367; 361; 268
43; 0.1484375; 0.07142857142857142; 0; 367; 361; 268
43; 0.1484375; 0.07142857142857142; 0; 367; 361; 268
43; 0.1484375; 0.07142857142857142; 0; 367; 361; 268
43; 0.1484375; 0.07142857142857142; 0; 367; 361; 268
43; 0.1484375; 0.07142857142857142; 0; 367; 361; 268
43; 0.1484375; 0.07142857142857142; 0; 367; 361; 268
43; 0.1484375; 0.07142857142857142; 0; 367; 367; 268
43; 0.1484375; 0.07142857142857142; 0; 367; 367; 268
43; 0.1484375; 0.07142857142857142; 0; 367; 367; 268
43; 0.1484375; 0.07142857142857142; 0; 367; 367; 268
43; 0.1484375; 0.07142857142857142; 0; 367; 367; 268
43; 0.1484375; 0.07142857142857142; 0; 367; 367; 268
43; 0.1484375; 0.07142857142857142; 0; 367; 367; 268
44; 0.171875; 0.07142857142857142; 0; 392; 367; 1232
44; 0.171875; 0.07142857142857142; 0; 392; 375; 1232
44; 0.171875; 0.07142857142857142; 0; 392; 375; 1232
44; 0.171875; 0.07142857142857142; 0; 392; 375; 1232
44; 0.171875; 0.07142857142857142; 0; 392; 375; 1232
44; 0.171875; 0.07142857142857142; 0; 392; 375; 1232
44; 0.171875; 0.07142857142857142; 0; 392; 375; 1232
44; 0.171875; 0.07142857142857142; 0; 392; 375; 1232
44; 0.171875; 0.07142857142857142; 0; 392; 375; 1232
44; 0.171875; 0.07142857142857142; 0; 392; 383; 286
44; 0.171875; 0.07142857142857142; 0; 392; 383; 286
44; 0.171875; 0.07142857142857142; 0; 392; 383; 286
44; 0.171875; 0.07142857142857142; 0; 392; 383; 286
44; 0.171875; 0.07142857142857142; 0; 392; 383; 286
44; 0.171875; 0.07142857142857142; 0; 392; 383; 286
44; 0.171875; 0.07142857142857142; 0; 392; 383; 286
44; 0.171875; 0.07142857142857142; 0; 392; 383; 286
44; 0.171875; 0.07142857142857142; 0; 392; 392; 286
44; 0.171875; 0.07142857142857142; 0; 392; 392; 286
44; 0.171875; 0.07142857142857142; 0; 392; 392; 286
44; 0.171875; 0.07142857142857142; 0; 392; 392; 286
44; 0.171875; 0.07142857142857142; 0; 392; 392; 286
44; 0.171875; 0.07142857142857142; 0; 392; 392; 286
44; 0.171875; 0.07142857142857142; 0; 392; 392; 286
45; 0.078125; 0.07142857142857142; 0; 404; 392; 1290
45; 0.078125; 0.07142857142857142; 0; 404; 396; 1250
45; 0.078125; 0.07142857142857142; 0; 404; 396; 1250
45; 0.078125; 0.07142857142857142; 0; 404; 396; 1250
45; 0.078125; 0.07142857142857142; 0; 404; 396; 1250
45; 0.078125; 0.07142857142857142; 0; 404; 396; 1250
45; 0.078125; 0.07142857142857142; 0; 404; 396; 1250
45; 0.078125; 0.07142857142857142; 0; 404; 396; 1250
45; 0.078125; 0.07142857142857142; 0; 404; 396; 1250
45; 0.078125; 0.07142857142857142; 0; 404; 400; 306
45; 0.078125; 0.07142857142857142; 0; 404; 400; 306
45; 0.078125; 0.07142857142857142; 0; 404; 400; 306
45; 0.078125; 0.07142857142857142; 0; 404; 400; 306
45; 0.078125; 0.07142857142857142; 0; 404; 400; 306
45; 0.078125; 0.07142857142857142; 0; 404; 400; 306
45; 0.078125; 0.07142857142857142; 0; 404; 400; 306
45; 0.078125; 0.07142857142857142; 0; 404; 400; 306
45; 0.078125; 0.07142857142857142; 0; 404; 404; 306
45; 0.078125; 0.07142857142857142; 0; 404; 404; 306
45; 0.078125; 0.07142857142857142; 0; 404; 404; 306
45; 0.078125; 0.07142857142857142; 0; 404; 404; 306
45; 0.078125; 0.07142857142857142; 0; 404; 404; 306
45; 0.078125; 0.07142857142857142; 0; 404; 404; 306
45; 0.078125; 0.07142857142857142; 0; 404; 404; 306
46; 0.078125; 0.07142857142857142; -1; 417; 404; 1222
46; 0.078125; 0.07142857142857142; -1; 417; 408; 1289
46; 0.078125; 0.07142857142857142; -1; 417; 408; 1289
46; 0.078125; 0.07142857142857142; -1; 417; 408; 1289
46; 0.078125; 0.07142857142857142; -1; 417; 408; 1289
46; 0.078125; 0.07142857142857142; -1; 417; 408; 1289
46; 0.078125; 0.07142857142857142; -1; 417; 408; 1289
46; 0.078125; 0.07142857142857142; -1; 417; 408; 1289
46; 0.078125; 0.07142857142857142; -1; 417; 408; 1289
46; 0.078125; 0.07142857142857142; -1; 417; 412; 315
46; 0.078125; 0.07142857142857142; -1; 417; 412; 315
46; 0.078125; 0.07142857142857142; -1; 417; 412; 315
46; 0.078125; 0.07142857142857142; -1; 417; 412; 315
46; 0.078125; 0.07142857142857142; -1; 417; 412; 315
46; 0.078125; 0.07142857142857142; -1; 417; 412; 315
46; 0.078125; 0.07142857142857142; -1; 417; 412; 315
46; 0.078125; 0.07142857142857142; -1; 417; 412; 315
46; 0.078125; 0.07142857142857142; -1; 417; 416; 315
46; 0.078125; 0.07142857142857142; -1; 417; 416; 315
46; 0.078125; 0.07142857142857142; -1; 417; 416; 315
46; 0.078125; 0.07142857142857142; -1; 417; 416; 315
46; 0.078125; 0.07142857142857142; -1; 417; 416; 315
46; 0.078125; 0.07142857142857142; -1; 417; 416; 315
46; 0.078125; 0.07142857142857142; -1; 417; 416; 315
47; 0.0625; 0.07142857142857142; 0; 425; 416; 1320
47; 0.0625; 0.07142857142857142; 0; 425; 419; 1291
47; 0.0625; 0.07142857142857142; 0; 425; 419; 1291
47; 0.0625; 0.07142857142857142; 0; 425; 419; 1291
47; 0.0625; 0.07142857142857142; 0; 425; 419; 1291
47; 0.0625; 0.07142857142857142; 0; 425; 419; 1291
47; 0.0625; 0.07142857142857142; 0; 425; 419; 1291
47; 0.0625; 0.07142857142857142; 0; 425; 419; 1291
47; 0.0625; 0.07142857142857142; 0; 425; 419; 1291
47; 0.0625; 0.07142857142857142; 0; 425; 422; 312
47; 0.0625; 0.07142857142857142; 0; 425; 422; 312
47; 0.0625; 0.07142857142857142; 0; 425; 422; 312
47; 0.0625; 0.07142857142857142; 0; 425; 422; 312
47; 0.0625; 0.07142857142857142; 0; 425; 422; 312
47; 0.0625; 0.07142857142857142; 0; 425; 422; 312
47; 0.0625; 0.07142857142857142; 0; 425; 422; 312
47; 0.0625; 0.07142857142857142; 0; 425; 422; 312
47; 0.0625; 0.07142857142857142; 0; 425; 425; 312
47; 0.0625; 0.07142857142857142; 0; 425; 425; 312
47; 0.0625; 0.07142857142857142; 0; 425; 425; 312
47; 0.0625; 0.07142857142857142; 0; 425; 425; 312
47; 0.0625; 0.07142857142857142; 0; 425; 425; 312
47; 0.0625; 0.07142857142857142; 0; 425; 425; 312
47; 0.0625; 0.07142857142857142; 0; 425; 425; 312
48; 0.015625; 0.07142857142857142; 0; 428; 425; 312
48; 0.015625; 0.07142857142857142; 0; 428; 426; 1291
48; 0.015625; 0.07142857142857142; 0; 428; 426; 1291
48; 0.015625; 0.07142857142857142; 0; 428; 426; 1291
48; 0.015625; 0.07142857142857142; 0; 428; 426; 1291
48; 0.015625; 0.07142857142857142; 0; 428; 426; 1291
48; 0.015625; 0.07142857142857142; 0; 428; 426; 1291
48; 0.015625; 0.07142857142857142; 0; 428; 426; 1291
48; 0.015625; 0.07142857142857142; 0; 428; 426; 1291
48; 0.015625; 0.07142857142857142; 0; 428; 427; 292
48; 0.015625; 0.07142857142857142; 0; 428; 427; 292
48; 0.015625; 0.07142857142857142; 0; 428; 427; 292
48; 0.015625; 0.07142857142857142; 0; 428; 427; 292
48; 0.015625; 0.07142857142857142; 0; 428; 427; 292
48; 0.015625; 0.07142857142857142; 0; 428; 427; 292
48; 0.015625; 0.07142857142857142; 0; 428; 427; 292
48; 0.015625; 0.07142857142857142; 0; 428; 427; 292
48; 0.015625; 0.07142857142857142; 0; 428; 428; 292
48; 0.015625; 0.07142857142857142; 0; 428; 428; 292
48; 0.015625; 0.07142857142857142; 0; 428; 428; 292
48; 0.015625; 0.07142857142857142; 0; 428; 428; 292
48; 0.015625; 0.07142857142857142; 0; 428; 428; 292
48; 0.015625; 0.07142857142857142; 0; 428; 428; 292
48; 0.015625; 0.07142857142857142; 0; 428; 428; 292
49; 0.09375; 0.07142857142857142; -1; 441; 428; 1346
49; 0.09375; 0.07142857142857142; -1; 441; 432; 1302
49; 0.09375; 0.07142857142857142; -1; 441; 432; 1302
49; 0.09375; 0.07142857142857142; -1; 441; 432; 1302
49; 0.09375; 0.07142857142857142; -1; 441; 432; 1302
49; 0.09375; 0.07142857142857142; -1; 441; 432; 1302
49; 0.09375; 0.07142857142857142; -1; 441; 432; 1302
49; 0.09375; 0.07142857142857142; -1; 441; 432; 1302
49; 0.09375; 0.07142857142857142; -1; 441; 432; 1302
49; 0.09375; 0.07142857142857142; -1; 441; 436; 257
49; 0.09375; 0.07142857142857142; -1; 441; 436; 257
49; 0.09375; 0.07142857142857142; -1; 441; 436; 257
49; 0.09375; 0.07142857142857142; -1; 441; 436; 257
49; 0.09375; 0.07142857142857142; -1; 441; 436; 257
49; 0.09375; 0.07142857142857142; -1; 441; 436; 257
49; 0.09375; 0.07142857142857142; -1; 441; 436; 257
49; 0.09375; 0.07142857142857142; -1; 441; 436; 257
49; 0.09375; 0.07142857142857142; -1; 441; 440; 257
49; 0.09375; 0.07142857142857142; -1; 441; 440; 257
49; 0.09375; 0.07142857142857142; -1; 441; 440; 257
49; 0.09375; 0.07142857142857142; -1; 441; 440; 257
49; 0.09375; 0.07142857142857142; -1; 441; 440; 257
49; 0.09375; 0.07142857142857142; -1; 441; 440; 257
49; 0.09375; 0.07142857142857142; -1; 441; 440; 257
