id,Latitude,Longitude,name,region,address,abrigo,capacity,shelteredPeople,obs
1,-30.154210,-51.182870,Igreja Reviver,Aberta dos Morros,"Estrada Gedeon Leite, 780, Aberta dos Morros",Sim,125,125,
2,-30.148028,-51.2037516,Igreja Pentecostal Deus é Amor,Aberta dos Morros,"Av Juca Batista, 3230, Aberta dos Morros",Sim,50,50,
3,-30.087620,-51.116180,COOTEEPA - Cooperativa Habitacional,Agronomia,"Estr. Antônio José Santana, 659 - Agronomia",Sim,11,11,
4,-30.0227144,-51.1960165,Paróquia Nossa Senhora Auxiliadora,Auxiliadora,"R. 24 de Outubro, 1751 - Auxiliadora",Sim,77,40,
5,-30.0230105,-51.1921611,Casa da Criança Nossa Senhora Auxiliadora,Auxiliadora,"R. Felipe Neri, 78 - Auxiliadora",Sim,,,Não a dados sobre quantas pessoas estão no abrigo
6,-30.2107728,-51.1828224,Igreja Belém Novo,Belém Novo,"Av. Heitor Viêira, 494 - Belém Novo",Sim,180,106,
7,-30.1173594,-51.1773674,Amparo Santa Cruz,Belém Velho,"Estr. Costa Gama, 719 - Belém Velho",Sim,75,75,
8,-30.1171782,-51.1829718,CTG Estância da Figueira,Belém Velho,"R. Dr. Vergara, 5345 - Belém Velho",Sim,56,56,
9,-30.027710,-51.171940,Nilo 2400,Boa Vista,"Av Dr Nilo Pecanha 2400 , Porto Alegre, Bairro Boa Vista",Sim,500,,
10,-30.0209904,-51.1744412,UCERGS - União de Cegos Do Rio Grande Do Sul,Boa Vista,"R. Frei Henrique Golland Trindade, 425 - Boa Vista",Sim,50,10,
11,-5.4955601,-47.4343078,Bom Jesus,Bom Jesus,"R. Dezessete, 80 - Bom Jesus",Sim,150,60,
12,-25.4576918,-49.550833,De Tudo da Rose - Antiga Sede do Clubinho,Bom Jesus,Tv Sao Pedro - Bom Jesus,Sim,30,0,
13,-30.1074229,-51.241116223946104,Paróquia São Vicente Mártir,Camaquã,"Rua Victor Silva, 186 - Camaquã",Sim,46,46,
14,-30.1073229,-51.241016223946104,Igreja Desatadora de Nós,Camaquã,"Rua Victor Silva, 186 - Camaquã",Sim,40,40,
15,-30.0979806,-51.166828,Associação dos Moradores dos Vales dos Canudos,Cascata,"Rua Dos Canudos, 625- Cascata",Sim,30,30,
16,-30.0858562,-51.1834629,Abrigo Renascer - Associação de Moradores Tabajara,Cascata,"Estrada dos Batillanas, 515 - Cascata",Sim,40,25,
17,-30.097040,-51.226990,AFISVEC,Cavalhada,"Rua salvador calamussi, 56 - Cavalhada, Porto Alegre",Sim,200,,
18,-30.1431307,-51.2172435,OSC Amurt Amurtel,Cavalhada,"Av. Juca Batista, 6841 - Cavalhada",Sim,46,45,
19,-30.1188013,-51.2243584,AFSVEC,Cavalhada,"Av. da Cavalhada, 1902 - Cavalhada",Sim,150,140,
20,-30.1030341,-51.2267141,Núcleo Comunitário Majagru,Cavalhada,"Av. Paulo Pontes, 97 - Cavalhada",Sim,25,4,
21,-30.0827549,-51.1737469,Associação Comunitária Chacará do Primeiro,Cel. Aparicio Borges,"R. Maria Apolônia Chaves, 30 - Cel. Aparicio Borges",Sim,70,70,
22,-30.04239565,-51.22012940550634,Paróquia Sagrada Família,Cidade Baixa,"R. José Do Patrocínio, 954 - Cidade Baixa, Porto Alegre",Sim,120,,
23,-30.0125739,-51.123841,Centro Humanista,Costa e Silva,"Av. Baltazar de Oliveira Garcia, 2132 - Porto Alegre",Sim,800,800,
24,-30.097557,-51.2429391,Paróquia São Martinho,Cristal,"R. Coronel Claudino, 220 - Cristal",Sim,60,60,
25,-30.0866655,-51.2381293,Escola Elyseu Paglioli,Cristal,"R. Butuí, 221 - Cristal",Sim,120,28,
26,-30.013890,-51.154650,Igreja Da Paz,Cristo Redentor,"Rua Dim Diogo De Souza 370/390, Cristo Redentor",Sim,50,50,
27,-30.013848698285,-51.148869168069,Colégio Santa Doroteia,Cristo Redentor,"R. Mali, 405 - Cristo Redentor",Sim,390,390,
28,-30.027445999999998,-51.216889619256406,Igreja Pompeia,Floresta,"R. Dr. Barros Cassal, 220 - Floresta",Sim,50,30,
29,-30.08352505,-51.18950331017788,Vila Betânia,Glória,"R. da Gruta, 230 - Glória, Porto Alegre - RS, 91712-160",Sim,114,56,
30,-30.0776683,-51.2065986,Ginásio Brigada,Glória,"R. Cel. Aparício Borges, 2001 - Glória",Sim,495,495,
31,-30.0752032,-51.2027854,Colégio Marista Assunção,Glória,"R. Dom Bosco, 103 - Glória",Sim,86,86,
32,-30.1604167,-51.2205309,CTG Roda de Chimarrão,Guarujá,"Av. da Serraria, 1835 - Guarujá",Sim,70,70,
33,-30.03050415,-51.21799877923745,Colégio Matrista Rosário,Independência,"Praça Dom Sebastião, 2 - Independência",Sim,180,180,
34,-30.029168849999998,-51.21920497314472,Igreja Nossa Senhora da Conceição,Independência,"Av. Independência, 230 - Independência",Sim,160,0,Não a dados sobre quantas pessoas estão no abrigo
35,-30.1306086,-51.2379639,Enjoy Sushi,Ipanema,"Av. Cel. Marcos, 1085 - Ipanema",Sim,60,60,
36,-30.0506547,-51.1844963,ESEFID,Jardim Botânico,"R. Felizardo, 750 - Jardim Botânico",Sim,306,306,
37,-30.051682200000002,-51.176703296206895,Projeto Angelina Luz,Jardim Botânico,"R. Dr. Salvador França, 300 - Jardim Botânico",Sim,50,50,
38,-30.04448042041606,-51.13628152385921,Igreja Rosa De Sarom,Jardim Carvalho,"Rua Beco Souza Costa, 174, Morro Santana",Sim,100,80,
39,-30.019863,-51.118579,CTG Herdeiros da Tradição,Jardim Dona Leopoldina,"Rua Professora Ziláh Totta, 898 - Jardim Dona Leopoldina",Sim,60,10,
40,-29.9971131,-51.1542151,CTG Maragatos,Jardim Floresta,"R. Ouro Preto, 408 A - Jardim Floresta",Sim,100,86,
41,-29.9991131,-51.1562151,Igreja Batista Nacional de Porto Alegre,Jardim Floresta,"R. Ouro Preto, 785 - Jardim Floresta",Sim,100,60,
42,-29.9981131,-51.1552151,Igreja Evangélica Ponto de Fé,Jardim Floresta,"R. Ouro Preto, 682 - Jardim Floresta",Sim,40,35,
43,-30.002899861982897,-51.15229110587865,Lindóia Tênis Clube,Jardim Lindóia,"Tv. Cmte. Gustavo Cramer, 90 - Jardim Lindóia",Sim,259,259,
44,-30.0041919,-51.1649581,Paróquia Divino Espírito Santo,Jardim São Pedro,"R. Bôrtolo Barbieri, 80 - Jardim São Pedro",Sim,85,60,
45,-30.048501478250113,-51.13901738175068,Associação do Trabalhadores de Telecom,Jardim Ypu,"Beco Souza Costa, 750 - Jardim Ypu, Porto Alegre - Rs, 91450-140",Sim,120,97,
46,-30.0965263,-51.1261823,Abrigo Cozinha Solidária União do Vale - CEPA,Lomba do Pinheiro,"R. Dolores Duran, 1211 - Lomba do Pinheiro",Sim,20,0,
47,-30.1213807,-51.0989256,Ministério Betânia,Lomba do Pinheiro,"R. Gervazio Braga Pinheiro, 740 - Lomba do Pinheiro",Sim,55,7,
48,-30.0238933,-51.0964305,CESMAR Mário Quintana,Mário Quintana,"Estr. Antônio Severino, 1493 - Mário Quintana",Sim,66,66,
49,-30.0250783,-51.0914955,Igreja São Martir,Mário Quintana,"R. 6, 250 - Mário Quintana",Sim,46,30,
50,-30.0655827,-51.2122543,Paroquia Nossa Senhora Medianeira,Medianeira,"R. Cel. Neves, 114 - Medianeira",Sim,44,5,
51,-30.0689847,-51.2050688,Lord Sale,Medianeira,"R. Dom João VI, 240 - Medianeira",Sim,70,70,
52,-30.045392007843684,-51.2195979726091,Tesourinha (Ginásio Municipal Osmar Fortes Barcellos),Menino Deus,"Av. Érico Veríssimo, s/n - Menino Deus, Porto Alegre - RS, 90160-180",Sim,,,
53,-30.0498859,-51.2201314,CETE Menino Deus,Menino Deus,"R. Gonçalves Dias, 700 - Menino Deus",Sim,450,450,
54,-30.02251165,-51.19780107059192,GNU - Grêmio Náutico União - Sede Moinhos de Vento,Moinhos de Vento,"R. Quintino Bocaiúva, 500 - Moinhos de Vento, Porto Alegre - RS, 90440-050",Sim,275,275,
55,-30.02729135,-51.20839161175612,Colégio Bom Conselho,Moinhos de Vento,"R. Ramiro Barcelos, 996 - Moinhos de Vento",Sim,100,100,
56,-30.0424534,-51.1213891,Igreja Aspirantes De Cristo,Morro Santana,"R. Parlamento, 115 - Morro Santana",Sim,60,60,
57,-30.0400628,-51.123060027251654,EEEM Alcides Cunha,Morro Santana,"R. Hélio Pimpão, 52 - Morro Santana, Porto Alegre - RS, 91450-330",Sim,30,,
58,-30.03937257999005,-51.126790456232655,Condomínio Residencial Açorianos,Morro Santana,"R. Amadeu F. de Oliveira Freitas, 65 - Morro Santana",Sim,23,0,
59,-30.0365264,-51.1239728,Associação Missionária SOS Resgatando Vidas,Morro Santana,"R. Três, 178 - Morro Santana",Sim,300,250,
60,-30.03761935,-51.125632316320306,Escola Estadual Porto Alegre,Morro Santana,"Rua João Dallegrave, 130 - Morro Santana",Sim,126,106,
61,-30.092874232547594,-51.205816899912044,Apamecor,Nonoai,"R. Fernando Osório, 1156 - Nonoai",Sim,200,200,
62,-30.0140585,-51.1082266,Escola São Francisco - Santa Fé,Parque Santa Fé,"Av. Delmar Rocha Barbosa, 234 - Parque Santa Fé",Sim,120,120,
63,-30.0534981,-51.2023835,Manacial de Vida e Atacadão Miranda,Partenon,"Av. Bento Gonçalves, 6623 - Partenon",Sim,110,60,
64,-30.0787291,-51.1175472,Igreja Lugar De Adoração,Partenon,"Av. Bento Gonçalves, 7196 - Agronomia",Sim,60,20,
65,-30.0622325,-51.1520384,Igreja da Lagoinha,Partenon,"R. Prof. Guerreiro Lima, 476 - Partenon",Sim,72,72,
66,-30.0587992,-51.1530981,PUCRS - Parque Esportivo,Partenon,"Av. Ipiranga, 6690 - Partenon",Sim,230,253,
67,-30.0574594,-51.1596155,CTG Sentinela dos Pampas,Partenon,"R. Ivo Janson, 31 - Partenon",Sim,150,150,
68,-30.058231,-51.1858897,AMRIGS,Partenon,"Av. Ipiranga, 5311 - Partenon, Porto Alegre - RS, 90610-001",Sim,,,
69,-30.0490415,-51.1976501,Ginásio do Sindicato dos Gráficos,Partenon,"R. Veador Porto, 241 - Partenon",Sim,52,52,
70,-30.0073857,-51.1676283,CF Vikings,Passo d'Areia,"Rua Visconde De Pelotas, 473",Sim,28,24,
71,-30.010154649663217,-51.16959837127592,Instituto São Francisco - Pallotti,Passo d'Areia,"R. Tupi, 212 - Passo D'areia, Porto Alegre - Rs, 90010-090",Sim,72,19,
72,-30.0156266,-51.1750355,Igreja Nossa Senhora da Fátima,Passo d'Areia,"R. Dr. Napoleão Laureano, s/n - Passo d'Areia",Sim,78,73,
73,-30.016961,-51.1669475,South Training,Passo d'Areia,"R. Jari, 221 - Passo d'Areia",Sim,61,30,
74,-30.0100902,-51.1742748,Escola Gonçalves Dias,Passo DAreia,"R. Candiota, 145 - Passo d'Areia",Sim,50,50,
75,-30.033257300000002,-51.12352533470412,Uniritter - Campus Fapa,Passo Das Pedras,"Av. Manoel Elias, 2001 - Passo Das Pedras",Sim,140,120,
76,-30.129133228902443,-51.24303627100766,Morro Do Sabiá,Pedra Redonda,"R. Ney Castilhos Ferreira, 301 - Pedra Redonda",Sim,142,142,
77,-30.1242214,-51.2457765,AABB,Pedra Redonda,"Av. Cel. Marcos, 1000 - Pedra Redonda",Sim,120,105,
78,-30.0404473,-51.1950768,SESC Petrópolis,Petrópolis,"Av. Protásio Alves, 6220 - Petrópolis",Sim,300,300,
79,-30.046509162539557,-51.12699607149765,Igreja Missionária Pentecostal Fonte de Água Viva,Petrópolis,"R. Alfazema, 160 - Petrópolis",Sim,25,3,
80,-30.1786956,-51.1759895,Associação Beneficiente Casa de Abraão ,Ponta Grossa,"Av. Principal da Ponta Grossa, 191 - Ponta Grossa",Sim,34,4,
81,-30.0430201,-51.2301325,OAB,Praia de Belas,"Av. Aureliano de Figueiredo Pinto, 620 - Praia de Belas",Sim,62,62,
82,-30.1472062,-51.1527162,Igreja Casa Church Rerstinga,Restinga,"Av. Ignês e Fagundes, 1191 - Restinga",Sim,80,60,
83,-30.152511517893785,-51.152085943118685,21 Bpm,Restinga,"R. Gov Peracchi Barcellos, 4600 - Restinga, Porto Alegre",Sim,,,
84,-30.16397285,-51.14558795051163,Centro Social Padre Pedro Leonardi,Restinga,"Estr. Chácara do Banco, 71 - Restinga",Sim,25,40,
85,-30.1659677,-51.1551524,ADMA - Ministério de Atos de Avivamento,Restinga,"Estrada João Antônio da Silveira, 6725 - Restinga",Sim,35,28,
86,-30.1656847,-51.1551755,Ginásio Aliança,Restinga,"Estrada João Antônio da Silveira, 7325 - Restinga",Sim,125,125,
87,-30.0287142,-51.19838525813008,Caixeiros Viajantes,Rio Banco,"R. Dona Laura, 646 - Rio Branco",Sim,73,73,
88,-30.03421745,-51.197288639766306,Ipa - Centro Universitário Metodista,Rio Banco,"R. Coronel Joaquim Pedro Salgado, 80 - Rio Branco",Sim,150,136,
89,-30.0240205,-51.10387481218034,Escola Municipal Grande Oriente,Rubem Berta,"R. Wolfram Metzler, 600 - Rubem Berta",Sim,315,315,
90,-30.005172299999998,-51.094820839608914,Escola Jean Piaget,Rubem Berta,"Av. Maj. Manoel José Monteiro, 1 - Rubem Berta",Sim,134,104,
91,-30.0210854,-51.1068407,Igreja Pentecostal de Poder e Milagre Ministério Gideão e os 300,Rubem Berta,"Av. Adelino Ferreira Jardim, 586 - Rubem Berta",Sim,50,30,
92,-30.0230668,-51.1016695,CTG Estância do Rubem Berta,Rubem Berta,"R. Prof. Augusto Osvaldo Thiesen, 280 - Rubem Berta",Sim,35,35,
93,-30.0010083,-51.1061849,Escola Mun. Porto Novo,Santa Rosa de Lima,"R. Amélia Santini Fortunati, 101 - Santa Rosa de Lima",Sim,200,200,
94,-29.99684794927321,-51.100490913510335,Escola Santa Rosa,Santa Rosa de Lima,"Av. Bernardino de Oliveira Paim, 665 - Santa Rosa de Lima",Sim,120,120,
95,-30.0001702,-51.1026361,Escola Bento Gonçalves,Santa Rosa de Lima,"R. Jorge Furtado, 47 - Santa Rosa de Lima",Sim,100,100,
96,-29.9902635,-51.0926194,SESI Porto Alegre - Centro Esportivo,Santa Rosa de Lima,"Rua Paulino Gonçalves Barcelos, 307 - Santa Rosa de Lima",Sim,300,380,
97,-29.9984634,-51.09314927851022,Centro Assistencial PAS,Santa Rosa de Lima,"Rua Tarcila Moráes Dutra, 799 - Santa Rosa de Lima",Sim,100,100,
98,-30.0839531,-51.230165,ACM Cruzeiro,Santa Tereza,"R. Cruzeiro do Sul, 2702 - Santa Tereza",Sim,30,0,
99,-30.0804018,-51.2235835,Centro Africano,Santa Tereza,"Rua Manoel Lentz da Silva, 23 - Santa Tereza",Sim,10,1,
100,-30.0693055,-51.2153896,Igreja Deus é Amor - Unidade Santa Teresa,Santa Tereza,"R. Prof. Manoel Lobato, 275 - Santa Tereza",Sim,35,0,
101,-30.0450921,-51.2052337,Cremers,Santana,"Rua Bernardo Pires, 415 - Santana, Porto Alegre",Sim,,,
102,-30.044165011399155,-51.21274134164265,Colégio Júlio De Castilhos,Santana,"Av. Piratini, 76 - Santana, Porto Alegre - Rs, 90040-160",Sim,155,130,
103,-30.0557279,-51.200604727888994,Geraldo Santana,Santo Antônio,"R. Luiz de Camões, 337 - Santo Antônio",Sim,100,100,
104,-30.0576985,-51.2007312248214,Colégio Rainha Do Brasil,Santo Antônio,"R. Paulino Chaves, 262 - Santo Antônio",Sim,150,100,
105,-30.0102938,-51.187306026641494,Sogipa,São João,"R. Barão do Cotegipe, 415 - São João",Sim,460,460,
106,-30.013428249460603,-51.1831297423889,Clínica Ametista,São João,"R. Portugal, 544 - São João, Porto Alegre - RS, 90520-310",Sim,,,
107,-30.066938704970706,-51.16961954164893,Igreja Deus É Amor,São José,"R. Padre Cornélio, 33 - São José",Sim,110,90,
108,-30.0626385,-51.1614952,CTG Estancia Pasqualetto ,São José,"R. São Guilherme, 1800 - São José",Sim,35,20,
109,-30.015637809436434,-51.10964714142476,Aliança Cristã De Porto Alegre,São Sebastião,"Av. Baltazar de Oliveira Garcia, 3580 - São Sebastião",Sim,70,70,
110,-30.012834320639943,-51.09716209941857,Escola São Fransisco,São Sebastião,"Av. Baltazar de Oliveira Garcia, 4879 - São Sebastião",Sim,300,300,
111,-30.010341,-51.1384177,ABBA Church,Sarandi,"R. Dona Alzira, 420 - Sarandi, Porto Alegre - Rs, 91110-010 - Jardim Itu",Sim,100,100,
112,-29.9955924,-51.1259173,Colégio Kennedy,Sarandi,"Av. Alcídes São Severiano, 99 - Sarandi, Porto Alegre - Rs, 91130-500",Sim,180,100,Está como zerado na tabela
113,-29.9920305,-51.1124772,Igreja Batista do Passo da Areia,Sarandi,"Av. Francisco Silveira Bitencourt, 1135 - Sarandi, Porto Alegre - RS, 91150-010",Sim,110,110,
114,-29.9978075,-51.1398507,Igreja Batista Brasa - ZN,Sarandi,"R. Dona Alzira, 275 - Sarandi",Sim,188,130,
115,-29.9956892,-51.12561,Colégio Luterano da Paz,Sarandi,"Avenida Alcídes São Severiano, 100 - Sarandi",Sim,115,115,
116,-29.985817928471974,-51.12988322828508,AMVEP,Sarandi,"Av. 21 de Abril, 792 - Sarandi, Porto Alegre - RS, 91120-630",Sim,,,
117,-30.1643191,-51.22797064967313,Escola Custódio,Serraria,"Rua Argemiro Ogando Corrêa, 220 - Serraria, Porto Alegre",Sim,40,40,
118,-30.11184375,-51.2484498546649,Colégio Mãe De Deus,Tristeza,"R. Dr. Mário Totta, 1252 - Tristeza",Sim,116,116,
119,-30.0187248,-51.1544672,Igreja Luterana Congregação São Paulo,Vila Ipiranga,"Rua Cipó, 450 - Vila Ipiranga, Porto Alegre",Sim,156,156,
120,-30.01221015,-51.153793596657636,Colégio Mesquita,Vila Ipiranga,"Av. do Forte, 171",Sim,130,130,
121,-30.02263359614389,-51.152595941172194,Escola Gomes Carneiro,Vila Ipiranga,"Praça Paulo De Aragao Bozano, S/N - Vila Ipiranga",Sim,200,200,
122,-30.0676715,-51.1738791547386,Escola Jerônimo De Albuquerque,Vila João Pessoa,"R. Juarez Távora, 550 - Vila Joao Pessoa",Sim,50,15,
123,-30.1155941,-51.2122557,Mulheres Em Rede / Consepro,Vila Nova,"João Salomoni, 1105 - Vila Nova",Sim,40,40,
124,-30.1022956,-51.2168006,Casa Da Juventude Marista,Vila Nova,"Estrada Aracaju, 651 - Vila Nova, Porto Alegre",Sim,110,110,
125,-30.115323,-51.2120608,Paróquia São José da Vila Nova,Vila Nova,"Av. Rodrigues da Fonseca, 1459 - Vila Nova",Sim,78,18,
126,-30.1032956,-51.2178006,Capela São João Calábria,Vila Nova,"Estrada Aracaju, 650 - Vila Nova",Sim,100,100,
127,-30.1130914,-51.2261185,Associação Cultural e Social Vila Nova,Vila Nova,"Av. João Salomoni, 1095 - Vila Nova",Sim,35,13,
128,-30.1086727,-51.2185432,CTG Inhanduí,Vila Nova,"R. Gervásio da Rosa, 190 - Vila Nova",Sim,98,55,