distance;frequency
54.38444977016625;1000
67.6711913324525;1000
118.76968968051581;7500
132.170951689056;1500
155.57856093160635;2000
165.48510473214907;1000
167.12535480260303;1500
170.23158712202425;1000
193.0743953121895;1000
203.50618957119514;1000
226.29738967318727;500
236.49210755645424;500
236.78098182743886;4000
242.80968349538472;7000
252.46886129150403;1000
253.33847915106136;2500
264.6372626882736;500
273.80027523713966;500
274.10993288050344;500
278.4408515876943;6000
281.19023188384847;1500
285.86782904377156;2500
286.0373895896952;8500
286.3972317200989;2500
292.4642280473222;1000
297.10795071559056;2500
306.19302480126635;500
307.0665645662336;1000
313.33227870295195;3000
317.0650092675266;9000
318.5039903654181;500
320.5582298766957;4000
323.54058219180524;5500
329.3622353347565;5500
338.523031800774;500
342.5665074640956;2500
355.47418724798916;1000
356.52843582604424;1500
357.24013083207495;2000
358.68820607875296;2500
360.1502854199132;1500
367.88922342652154;1128
372.72770482646195;2500
378.3971804696374;2500
383.58902923441417;1000
387.9505710125113;3000
392.66527278834116;8500
394.2682916829174;500
408.2924255753875;2000
413.04231024815186;500
414.01179866799094;3500
414.5560361211717;2000
435.83928628924934;500
447.35057715468054;2000
449.15426168310415;2000
454.37692848050204;3000
456.85717470618323;1500
464.86157100677804;1500
468.9151700247925;500
472.09681648799597;3872
473.616145701286;2500
481.64358932627607;4500
489.0876204465355;1000
490.7771528455276;500
494.4284729133704;3000
496.3383005972912;7500
510.3384966038188;1500
513.5027185532115;500
521.7077744444127;2500
534.0516985703906;1500
534.2316596598412;1000
535.8431299981296;1500
537.3724781438957;6000
537.9580808217597;4000
540.7903425914983;2000
547.4940793994418;1000
547.8570806514699;6500
548.8722118231051;500
560.508542286025;3500
565.317650934867;1500
565.719730811165;6000
566.5707034972751;1000
573.4382189550472;4000
573.9018066550601;1000
576.8156637049826;1000
577.2119525060579;5000
580.056317836532;9500
581.0210750100288;1500
582.4581748030581;500
586.9069951823255;3500
594.6777355436724;500
597.6720365884369;2500
600.6261788815568;2000
607.0967520914733;1000
613.4133333489757;3000
617.0027599377388;500
624.0593468020853;2500
631.1481632201825;1500
631.2650865978716;2000
632.2957647572209;500
645.1554882592332;4500
655.485109064238;4000
668.9186161316046;1000
675.9736416321449;2000
676.4671296720742;4000
676.9832457998143;500
679.994743250963;6500
686.02483611632;4000
691.1535265898922;2000
697.3629446419386;1500
699.4055045890783;500
700.4773058815118;1000
709.3471119276358;6000
717.4216033822665;1500
720.6901376420844;1000
722.5733787643225;3000
727.5968450792659;500
727.9496631008311;500
732.067545669309;7500
734.0204720462639;2000
734.5686478984763;1000
743.0104994888906;12500
748.2157927249881;500
753.0522233955323;4500
756.7703781106056;1000
759.4421921870453;500
768.7648660193317;500
777.252590669379;6000
780.3049346758851;3000
783.8250246515368;2000
787.2612120803881;1000
790.6406618606553;296
791.9089471891714;5000
794.635668423232;1500
796.8839096836657;500
798.5583922290476;1500
799.0682828584718;3500
801.6939206136202;500
805.3077896363426;1500
810.1504261590327;1000
812.1417803661041;500
825.9876045263734;2898
835.9154227222592;8000
838.7095894961005;500
839.0742950944151;5500
840.1243996118399;500
841.3390196029674;9000
845.3288665669049;500
848.0608245035115;1000
854.0422972283627;500
854.6515163581628;4000
855.6604743916876;1500
859.6242671519833;500
861.1764475178107;1500
863.5773255366478;2500
872.6820881254524;188
874.6541252160497;3776
875.8758334689347;500
876.3591208711124;2000
876.7839839846124;2000
877.2623289983851;500
877.6089419763101;18000
880.1648148215157;4500
885.3596195200489;4000
885.3724956695494;1000
886.9101751748909;500
888.4363006998092;1500
891.7688104759138;2500
894.634884380218;4000
904.1429620080678;2500
907.7291678603158;500
912.2432018888546;2000
915.1717425181414;1500
917.0640691441001;5500
919.1125589870928;2500
919.4353015458465;1500
931.2299420238927;500
935.161835379759;500
935.2653235051081;2500
935.8422879501527;3000
936.2379483620731;4500
937.5606122640584;6500
939.1380114010651;1500
940.2515689776598;500
942.8175649909793;5500
942.9032048210036;1500
944.5724297185781;2500
946.8513850642578;500
950.6145254274769;1000
951.5809912039266;1000
964.3536362336916;500
965.8594279901465;1000
968.1872455483287;4000
974.7192725573012;2000
974.765516392346;378
979.9868472496447;1000
989.9169013191595;4000
991.7649131125332;9394
991.9869058197245;500
992.550693583471;1500
996.4284368966516;1000
997.2079288187208;500
999.5818009174878;6000
1002.1552305448788;1500
1006.7949579531717;500
1009.2848328727594;2500
1010.1731799173043;500
1011.2719534300422;1500
1021.7296390149786;500
1022.3587429862484;2000
1025.2171969094857;1500
1027.6402132343746;8500
1030.4806657668794;2000
1035.493255670216;1000
1035.7973689969292;1000
1036.4874808047648;4500
1040.4446514647552;2000
1042.273590271282;1500
1043.0855714473946;500
1045.2797871960684;1000
1046.6288694827683;2000
1047.8381467505353;500
1052.915573068624;1500
1054.5279422603633;784
1058.8343494821956;2000
1058.9360254220067;500
1059.5725594797814;3000
1059.8180111522;1500
1061.8024203577927;3000
1065.6833814180823;1000
1073.6603347711955;1500
1073.7386454030259;2000
1078.103258460607;2000
1080.9025864983423;500
1083.8029910769012;500
1085.2994954956982;1000
1086.1344708752815;2000
1087.512482915628;1000
1089.2505936361097;500
1090.171744768749;500
1092.8281003758773;500
1098.8388908207319;2000
1099.225415470912;86
1105.9649889613033;3000
1106.9929784874166;1000
1108.3925041455363;1500
1110.4942878476359;500
1111.125352381068;1500
1113.5664120888039;1000
1115.3802146008377;500
1119.7504377975924;3000
1124.0783996607329;500
1131.3605366512404;1500
1131.436997551772;500
1132.0607822742672;3000
1136.5736085210856;1000
1138.4660126172023;500
1140.7425365784923;4500
1141.997901676946;1500
1144.0762112726818;1000
1146.3825927017083;7000
1149.2657449295714;1000
1153.5027364645562;480
1153.5746445453844;500
1157.6715700207337;500
1158.2409721437791;1000
1160.8614694850917;500
1164.551827342821;500
1165.0371534929268;500
1167.935589362736;1000
1168.3224425999722;500
1172.7289527886307;4500
1175.02560036969;1000
1175.189481897498;500
1176.3126764660972;500
1176.8677023589412;500
1179.1171894824856;500
1179.7949294959417;500
1183.060842817681;1500
1184.0412464970468;500
1184.9707931255034;500
1185.2342249454312;500
1186.2331078711802;500
1187.6234167519842;500
1188.0910787834662;250
1190.3677734210019;458
1198.8695261303792;500
1199.4760553977824;1000
1205.9839911408942;1000
1206.4177404841585;1000
1208.4440825131455;500
1209.3291938007658;2000
1211.4252815480606;1000
1215.1999197376417;1500
1215.6308563616753;500
1219.7103106043562;1000
1225.4763416536032;1000
1227.9828360417441;500
1228.5271289453865;1000
1230.7778919930415;500
1232.1020085619157;500
1240.5729222734892;1000
1240.9838748654438;3000
1241.6077077328084;2000
1244.945699217032;500
1245.4645786782075;2000
1245.8035381462732;1500
1251.874312086482;500
1253.5832044845852;500
1255.1928416641636;500
1256.8941616548113;1500
1258.7115954582596;6000
1266.4658493131135;3000
1273.803023393686;500
1274.1199886556058;500
1277.4090337541127;1000
1277.4326611777087;500
1278.3305084716546;256
1282.6279746464568;9000
1288.0659042792297;2500
1289.9149362482242;1000
1292.0146074040463;2500
1293.0461691820328;500
1294.8837698948457;1500
1295.483920979287;1000
1302.9339586307547;1000
1313.3367067109573;1000
1315.4802921817773;500
1320.4872960106632;1500
1321.3519528435968;500
1324.8445895732364;10000
1326.3708495718538;3500
1328.8414631678886;2500
1331.540710600081;500
1338.299200410484;500
1341.4676760954355;6500
1342.243496136283;3000
1345.098742232193;500
1347.540086759944;1500
1350.2910104541602;500
1350.407321560424;1000
1350.6194851094579;1000
1354.3934744077023;4500
1354.62744080085;500
1355.7030252155087;500
1357.7214132649274;500
1361.8802254944362;1000
1363.3807367668605;4000
1365.385841907801;1000
1366.5439531325942;500
1370.994832713303;500
1372.9953829895146;500
1374.0428287784187;2000
1379.459901269569;500
1381.0644158567777;500
1381.1920236472629;500
1386.3974447684238;2000
1387.4543642477495;1500
1391.3323360974541;2000
1395.7954799996755;500
1401.4472689694553;1000
1403.5619138960917;1500
1403.9382493353623;2000
1406.0803087390298;2192
1407.9071178693716;1000
1408.7848975060015;500
1412.7847567855438;3500
1415.181899853842;2500
1416.9028214417967;1000
1417.149373296612;16500
1422.9774748847872;9500
1424.2650528676952;3000
1425.8804053215517;1000
1426.7089112303577;1000
1428.453492515538;1000
1431.7425980683365;1000
1436.012883395151;1000
1439.3547034807684;4500
1447.027099325165;500
1447.6702557562307;500
1450.7104578804147;1500
1462.1126207867292;500
1467.2226282562792;1000
1468.582767293852;2000
1473.4082019939583;1000
1476.7696463307411;500
1479.7354603941776;1500
1480.3403634509298;500
1487.8427020319682;500
1488.710156346825;2500
1489.800231874261;500
1490.5404701683015;500
1490.8095015623187;500
1490.9689655747216;500
1498.3089674873765;500
1499.0206743918948;1000
1499.328295196902;1500
1505.3088585453477;10000
1515.0909262760651;500
1515.1600783846422;2000
1518.0940127170115;794
1520.5800638032256;1000
1521.6124522066625;1000
1526.5885466529157;0
1527.741304079131;500
1531.6727460859383;1000
1536.3117291490983;1500
1547.1064288387574;500
1548.0991278842048;1500
1549.3067880521362;500
1551.5211341817972;1000
1556.4064243187956;2000
1559.3473410961794;1000
1559.4994995042382;500
1559.7444871106657;1000
1562.9210245244747;1500
1567.2076990624698;500
1569.7548307905627;500
1573.1703169047414;2000
1579.4018424832477;500
1580.0259500078732;500
1581.8946733918444;500
1585.0965905066043;3500
1594.1823827398744;500
1595.262408919989;500
1595.624535276483;2500
1596.3497754946009;4500
1602.1062200840893;1000
1605.8170817312248;1000
1610.8993078191372;1220
1611.2367844374776;1000
1613.2468638786534;500
1613.426672904868;1500
1615.4074877442108;766
1617.5395152310334;1000
1620.3185315737685;1500
1630.2072912948818;2500
1634.1361558347194;1000
1634.230385307441;500
1636.4976075339446;926
1637.8036334317146;500
1644.2639548741436;500
1646.385242679365;1000
1649.1400119721866;1510
1651.728955334871;1000
1654.7868983495323;806
1656.2781019213992;500
1656.8808625937884;1500
1660.2482329059349;3500
1660.4743163483051;1000
1664.2418430280165;500
1666.483067707196;1000
1667.7490651122368;500
1668.810537896093;500
1669.473037946796;2000
1672.3964069676613;500
1673.1227276260759;500
1674.4393279058604;1000
1674.7116102361085;1500
1675.399607343846;500
1676.2260182249827;1000
1678.076856789761;500
1681.6007529664867;2000
1689.838627048371;2000
1691.2971862960003;2000
1691.8509234711707;500
1692.0332687096434;500
1692.7133346952821;500
1693.5275317614442;500
1694.745302543579;2000
1696.7159884708058;1500
1697.5220442179032;1000
1704.1322063644684;500
1708.322796452826;640
1711.0859407388798;500
1714.358741506554;1000
1714.7125754716187;5500
1723.2112067047653;500
1726.8732691576886;1746
1727.0334966944797;500
1727.7912205791629;500
1731.1748943763096;500
1737.0829046465913;500
1738.0534258548191;500
1740.066999670844;1500
1748.0903456070646;500
1750.061901902574;1000
1751.8089287889718;500
1761.6010871311737;904
1763.3741624722452;500
1770.3509341250087;1000
1771.2146822353973;1000
1773.3222666221204;1500
1773.354646647561;500
1777.1810599369678;2000
1779.870248576932;500
1783.6657074852628;500
1784.8682619752885;500
1787.1184025577843;500
1787.6812850888305;500
1790.8409436238578;1000
1791.5802470595463;12000
1797.0189221786754;500
1803.6372330256288;3000
1805.5312271311234;500
1809.5289325815759;3500
1809.6179965571664;500
1809.724393852803;500
1818.332505393001;500
1818.4118809627832;500
1821.009235460765;1000
1825.5553075558628;500
1829.825946476677;500
1834.2754896162608;500
1835.1191123343638;3262
1840.4521181365783;500
1844.5299419006099;1000
1848.8982651638994;2000
1853.238758184946;500
1854.2214042281246;7000
1855.0933165959652;500
1858.9794562179668;658
1860.8446441529088;500
1861.3405599122539;500
1863.1427841957707;500
1864.9673704882455;500
1878.876922152829;500
1882.2586632940279;500
1882.994296262007;500
1884.3713368056208;1500
1884.9902473941393;1000
1890.7312117916788;500
1892.6554152861445;1000
1893.9002226428693;3000
1894.6240208246913;3000
1898.1045282356804;2000
1901.495642795579;1500
1903.4397474719551;1000
1904.2161383135374;500
1908.243111504528;1500
1914.9540818852802;3000
1915.879135566925;500
1921.7050184562745;1500
1925.2335354383447;1000
1930.444788263838;1500
1930.7910172081663;13000
1931.4554011540397;500
1934.4193312885407;1500
1934.6028672051168;500
1936.8070427233267;2000
1937.00886630127;4000
1941.0560299402757;1000
1942.7898815570245;500
1943.193146199301;500
1944.1135789946727;500
1944.8197015116846;500
1950.4512324232123;500
1953.3425939454585;500
1954.006313947336;1500
1957.7031873350259;500
1958.996740223298;500
1960.9724712582322;1000
1961.496780444339;500
1965.8182713258457;2000
1966.8574279147626;500
1968.9553349010343;500
1969.440691196347;3500
1972.4170465891675;500
1976.3091018292118;1500
1983.9345855046458;1000
1986.6642900315574;500
1989.9103159612707;2000
1990.295867036838;2000
1994.7222098432917;500
1996.8642651644657;500
1998.1399270930444;1000
2002.5962475211809;2000
2003.9207986703536;1500
2005.0046470697755;500
2005.7628753169233;2000
2016.7616920378523;1000
2017.7851792765846;500
2030.6239964423019;500
2031.398558168061;434
2033.5288550080152;2000
2033.7228929888688;500
2034.2536177548147;500
2038.9678721156076;3000
2039.2606196491452;1000
2039.546495044442;1000
2042.458767389183;566
2044.5876097980924;500
2050.962268136054;1000
2052.4434440003583;500
2053.0984010517295;1000
2057.575979788405;500
2059.404985579123;1000
2060.491608360175;6000
2066.7527436604373;500
2069.2222359564157;500
2071.995756295305;500
2079.910113880046;1000
2080.5596716610007;500
2084.5971683393213;500
2087.5727064867806;1000
2090.4049905483416;500
2098.124741360396;500
2106.551256771006;1000
2111.573080344779;500
2114.124495265902;500
2115.641988753309;500
2118.2964914491777;250
2119.027545031615;1500
2120.427077315847;500
2130.424880250975;500
2137.914358577948;500
2140.0573397291987;2500
2142.7928309730014;1000
2143.8774782974;500
2144.356098505247;1000
2145.774564856697;3000
2147.353895496104;500
2147.522943204451;500
2148.859411885727;500
2151.2068719552294;500
2152.689208599512;2500
2155.617182918937;500
2156.7027246785938;1000
2157.527641208074;500
2158.030794882379;2000
2161.865015698023;2000
2163.0358849586273;0
2166.158948462481;500
2168.2313222079492;500
2171.2709311679855;500
2191.2674119684493;500
2194.76068643956;500
2197.7577755146153;500
2198.2409144606236;1500
2202.3462183222114;500
2204.817727937997;500
2206.543967439717;1000
2209.1869066220206;500
2212.615711254832;1000
2213.3236019182136;1076
2217.04455674566;2500
2229.0805225005706;500
2231.355701350955;500
2235.356361431232;2500
2244.8270217902627;2500
2247.715257524542;500
2249.9927132122325;1000
2251.1262372322944;500
2263.3035663579667;1000
2267.5204285108784;500
2268.348355092065;500
2269.1134330980217;1000
2270.2635688921314;2500
2270.616277092895;500
2271.003050764161;500
2271.789817280692;1000
2272.5796408142824;500
2273.6616033104824;1000
2279.3954552050177;1000
2280.150565744545;4000
2281.740427351608;500
2286.2221496985194;500
2287.729794763802;500
2291.153021025601;1000
2291.235642819174;500
2292.2000129222033;1000
2297.9066151419447;500
2302.5171518294824;3000
2303.7965074783847;1000
2304.093658032785;500
2307.956857618098;2500
2311.1063295512527;500
2314.421284890954;500
2315.4064436395356;500
2323.659655523827;500
2323.817542820742;2000
2327.6714938054083;500
2328.9902699959393;500
2329.829692061679;3000
2333.960387437294;1500
2335.804573246171;466
2340.7358948547367;500
2342.0836024791483;1500
2348.3360773135155;500
2349.3253846084285;500
2349.521118296745;500
2354.4136052449376;3000
2357.593528711558;500
2358.6767641716065;1720
2359.522771343978;500
2365.70204075771;500
2374.4565806755563;500
2374.4993220790925;2000
2375.0748041095276;500
2383.0291621837546;500
2389.888334048866;1000
2390.1419887542233;1944
2390.367228509985;500
2390.432625866452;500
2390.538419530948;500
2391.23868930779;500
2391.3671072033376;500
2400.0879225527033;1000
2406.6624203024026;2000
2413.6770286001897;500
2417.124246930133;500
2422.704193690757;500
2429.1004475132663;500
2430.0544038259004;500
2431.1651503301377;500
2431.860870869897;1500
2432.388960682346;1000
2438.1630982266356;500
2440.065054532018;500
2445.325233600576;2000
2445.460796954419;500
2446.5432605258025;500
2447.4296213334005;500
2449.09262607716;500
2451.6294778032043;500
2453.042597045964;500
2453.551916784433;1500
2460.605690394099;2500
2466.5168752466675;500
2468.1548111788725;500
2468.7070539782403;1000
2469.757242666813;1000
2477.8371811266275;2000
2478.42524592094;500
2478.5928602472068;500
2481.789872574692;1000
2485.266763733345;1000
2486.1367648612622;1272
2491.9170317194835;500
2492.615469058883;500
2492.957224651899;500
2494.1205979100023;2500
2494.2082047183576;500
2497.4110535194527;500
2500.464533151401;500
2505.6708898602446;500
2506.09264818055;1500
2506.886700668015;2000
2507.4388002057426;500
2512.4886716369056;1000
2513.200190692431;500
2516.159240440455;9000
2517.028155810896;500
2517.7465223990725;500
2521.134704272883;2000
2525.7742812548877;500
2526.422270001445;5000
2536.7469207033137;500
2540.94025030648;500
2542.142311763073;500
2551.858018180591;3000
2558.972331387706;500
2562.6062231036008;500
2568.7175725775814;500
2576.496408167055;500
2584.8773941853733;3000
2594.080153008929;500
2599.9009038311665;500
2600.0531355026164;500
2607.2380200230596;1500
2611.0353369460945;2000
2616.7704451743425;500
2617.5642333859346;500
2622.241155292351;500
2625.275147913393;3000
2632.6663071343487;500
2633.0775292258077;1000
2636.1152414587095;500
2637.776786819808;500
2642.062249939677;500
2645.372196662419;1500
2647.4592890731838;500
2653.146607258361;500
2656.4893111757087;1000
2657.6859324307297;1000
2662.868634935488;500
2666.51116022754;1364
2667.7606351407458;2000
2669.226724748998;500
2672.9281917426497;1000
2676.191138326557;1000
2676.66478569302;1000
2683.0645518980573;500
2683.092489015711;500
2688.449062049309;5500
2690.871876578995;500
2694.4943062408115;500
2697.9863688117853;1000
2698.6121563758625;500
2703.3921980749988;500
2703.6347224484725;500
2703.8550374101796;1000
2704.964954632279;500
2707.9855168343634;1000
2712.1752244329164;500
2715.2521023549693;1000
2716.3339825677;500
2718.484228013579;2000
2720.5200154914332;1500
2724.509144190856;500
2728.6192798184225;500
2734.7815959959826;500
2740.5573268593653;500
2742.0172918965104;1500
2746.39273223001;500
2753.1706354964435;500
2755.751893020659;500
2759.8188785313214;500
2765.139317509369;1500
2768.2035732923055;500
2768.93966521472;500
2770.55031838433;0
2772.6818103914325;1500
2783.7553690913696;1000
2785.335637692439;500
2788.7407814599433;1000
2790.1060466485405;1500
2791.718711740088;2000
2795.116151803202;30
2797.3150526455775;500
2798.4306619572117;2000
2805.178479624345;500
2807.1176346814495;500
2812.55148791993;500
2816.1031142559364;10500
2817.928057683021;500
2827.4798361070484;500
2836.033892050721;500
2836.335182379023;2500
2843.0600375323534;500
2847.983523324355;500
2861.8921381668433;500
2869.736466996803;500
2873.4644501064727;500
2876.0076846076518;1000
2878.446391829231;600
2878.664116386746;500
2887.621727419896;1500
2892.5396496797507;1500
2898.748180449397;500
2902.6761050891178;1000
2902.9570843889965;500
2906.168055570708;500
2906.5504091002913;500
2908.6612390060595;942
2911.873427306539;1000
2912.0995514406786;500
2917.903479040825;500
2918.898068592776;500
2921.606248945599;500
2923.3634975624277;500
2924.8855503999544;500
2924.9249367473303;1460
2929.0633716050515;500
2929.3305753279687;500
2930.2447309940653;1000
2933.0704263265106;500
2935.5617343155714;500
2937.794178674759;1000
2942.1803499727766;500
2943.681401357171;3500
2944.9251455383283;1000
2951.245246666846;1000
2955.1478613678078;500
2960.1878863123084;500
2961.588647798492;500
2962.572572649173;500
2964.3203563902134;500
2964.334875179399;1000
2967.5298228033716;500
2971.05188643825;500
2971.6594879323397;500
2971.766643375718;500
2973.211082260005;500
2975.987483822314;500
2977.2274761948147;500
2979.077215104918;1500
2980.754944804076;74
2982.461768063538;500
2982.5572848709503;500
2984.5353841545457;1000
2992.198650663513;500
2994.4223220888985;500
2994.9971258998257;500
2995.0772496150657;500
2996.68057661838;500
2996.7949995555923;500
2999.1123591514033;1000
3005.964038522767;1000
3006.6932694173115;500
3008.9733952708325;500
3009.4108360557084;1000
3012.799635258851;500
3022.128374287357;2000
3023.337382907728;500
3025.8919529548234;500
3027.594538418855;1000
3028.969451249068;1000
3029.5003610625768;1000
3037.295436960678;500
3039.5628232281347;1000
3042.07959857616;500
3042.8366208204875;1500
3044.4261828737363;1000
3048.9935216815297;1500
3051.1969854985264;8000
3054.6260666448316;500
3056.260763224192;1274
3058.7990008656193;1000
3064.6929912480255;500
3066.500397423139;500
3070.726425949439;500
3071.365990946418;500
3071.4783724617273;1000
3078.8887155651787;500
3086.7136562443666;500
3091.0983318617623;1000
3091.9705408245727;250
3092.878332470406;0
3096.927729631199;1000
3097.225898531205;500
3097.582710000616;500
3098.3193371713865;1500
3098.756668645452;500
3099.6196443328345;850
3109.9344473088527;126
3113.9258892027624;500
3114.9827368899123;500
3115.250459153195;1500
3115.2957383476405;306
3118.6021109596177;500
3118.8051406662457;500
3126.442320810439;1500
3129.357891560321;500
3130.3619757687998;1500
3133.10099375555;500
3133.978267709105;500
3135.5066086580746;500
3153.14261132185;1000
3153.6506931140575;500
3154.1637549200686;1000
3158.734100566189;500
3159.9202003288337;500
3163.4337627783343;500
3164.0276145158437;1500
3166.239823769152;1000
3167.5002254986825;500
3171.286660822913;500
3176.140294576131;1000
3177.064896089554;500
3192.9506108803007;500
3194.9171978513823;1000
3204.3102507010262;1000
3204.3822834728244;1000
3210.3985533911678;2000
3211.902982971781;500
3212.557372032392;2500
3214.352047038004;500
3214.8941659307366;1000
3218.1542142422772;1000
3218.98758710894;500
3219.2780538456295;7000
3227.1325545545546;416
3234.5226069926016;1500
3237.241530120221;500
3240.1647178246963;1000
3240.1875811120644;500
3241.9793748078837;500
3242.167322463387;500
3242.3567182724023;500
3249.9336384565877;500
3250.872901429289;500
3251.573121247534;2000
3259.419247487196;500
3271.8039537776085;456
3291.6863174704504;0
3297.124931298964;500
3298.749638921516;500
3300.0082954279014;500
3308.5328092669283;500
3311.440097841028;500
3312.111100671116;500
3313.5421577585294;1500
3314.5552707896586;500
3315.9726206171777;1000
3317.45097903337;1000
3322.5829829730546;500
3322.8189626986014;500
3323.6245784529488;500
3325.5688946917344;500
3337.4643415487694;500
3341.3944204785366;500
3362.635727508891;500
3369.140505754401;1000
3370.7177771909305;0
3372.665063187574;500
3374.52446264335;500
3380.844015633604;1000
3382.3074381918796;500
3382.830210598651;0
3386.7480581619793;1000
3386.8446838132672;500
3387.6833879513465;500
3387.90523279073;500
3390.6770262652317;500
3391.272744227583;500
3394.065614328905;1500
3401.2947514507655;1000
3406.666903552343;500
3411.7242564325047;500
3412.75323565401;500
3415.5857901034055;500
3415.8118495424314;1500
3424.8045378100414;1000
3434.8408868883826;500
3435.2951985606014;500
3438.1768013905908;2000
3441.6729778412378;500
3444.1439431602653;500
3448.809638019282;500
3454.993975194511;500
3460.635194687306;500
3462.1973399362064;500
3467.2255836316626;430
3469.0594075344075;500
3471.2228659448238;1000
3474.1647216601123;500
3474.552030084543;1000
3478.4404597153775;500
3479.067195854645;500
3480.91664658071;5500
3489.2767107603554;500
3489.816789377577;500
3491.7597247798117;1500
3495.9014180063778;500
3496.319321665885;1000
3496.422114432454;500
3498.436116841855;1000
3500.8778549305885;500
3508.523617181514;500
3509.098561834951;500
3511.935378952433;1500
3512.119519769119;500
3514.5673281012478;500
3517.837582466529;500
3522.6619537792835;2000
3526.9892653726374;1000
3531.04741157151;500
3535.014466128597;500
3540.009532626792;500
3545.9807891757714;500
3548.494094137607;1000
3548.9952504527464;500
3551.121100310861;500
3556.156323817938;500
3557.331780833448;500
3559.4882117936113;500
3561.9016771833367;500
3563.6249963279984;500
3566.578442098437;500
3592.551811626038;3000
3593.083273938715;500
3595.7701055025104;2000
3597.812478939198;500
3601.125661612926;1500
3602.3075193733307;500
3608.5389817955415;500
3610.8295300067157;500
3619.2052067720247;500
3619.720891168405;1000
3620.021338259398;500
3620.4199687880505;500
3625.281865012112;1000
3642.60196114648;500
3645.0693852816303;2000
3646.7912071932246;500
3647.560648044434;500
3650.2047417659983;500
3655.1287846399628;500
3656.9013988094966;500
3658.4385546389963;1000
3672.2187065324874;500
3672.5899526082426;500
3673.470927703288;500
3674.393356907305;500
3676.868083178617;500
3680.7845822953586;500
3685.44567885949;500
3700.676504772082;500
3705.346142314606;500
3706.325540918998;500
3709.0309455726974;500
3712.697023225645;500
3713.1313305993763;1000
3713.8114434510794;500
3721.5465896072806;500
3723.079774200965;500
3734.2862964929463;1500
3752.8981555133546;500
3759.36100534641;1000
3761.3572734036998;500
3762.615592993951;500
3765.296396720996;1000
3766.5503822669725;1000
3770.613176325924;500
3775.289521858106;500
3781.301945707936;500
3781.4361530216083;500
3783.804210554432;500
3790.810732037854;1000
3793.189728583342;1000
3801.0675436067418;954
3802.470020801071;500
3805.519126534635;500
3810.3248460509003;0
3810.7416744418324;500
3813.5928720664615;500
3819.36553788609;1000
3821.4276143562192;500
3822.4445738742993;500
3826.268752108859;500
3833.226173388813;1000
3833.6456342130277;500
3834.9904395404615;500
3835.724094629138;500
3848.595579308006;500
3860.815704448512;1000
3864.005672754407;500
3869.0917397699873;500
3869.4199319125514;500
3871.5469709646936;500
3875.639044388312;1000
3876.890120838236;500
3877.36803033108;1000
3877.5785330924823;1000
3879.476704776665;500
3885.4929837737664;500
3890.789814064966;500
3891.396981485367;1000
3898.734334236998;500
3902.6046279072602;500
3903.5456856440373;500
3904.6685280008296;500
3905.930614121128;1000
3907.560781745928;500
3917.325334683618;1500
3921.4266919013166;500
3922.9490342530808;500
3927.0650354163777;500
3930.5583224739257;500
3930.572002084131;500
3936.8681240944434;4000
3940.3109772721855;1000
3949.7842627244036;500
3949.957082151545;500
3950.3718726296356;2000
3952.785585760154;500
3959.6672842544767;1000
3962.166406550602;0
3969.044664966624;500
3982.6416411353384;500
3984.1636927598656;1000
3986.3320678086766;500
3987.78835276318;500
3988.729881388221;500
3990.921657196385;500
3997.7435960733083;500
3998.145639057627;1000
4011.2374216117482;500
4013.8853532866374;500
4016.961782844221;500
4019.575419100132;1000
4020.712727568511;500
4021.745309669114;500
4024.280300425092;902
4025.972509355285;1000
4027.2082240552386;1000
4036.5791933248365;500
4038.087108355763;500
4040.309831129624;1500
4046.7682282816136;500
4049.613072143327;500
4050.9013137427855;500
4051.100103412237;1000
4052.852406017324;1000
4055.37976907523;500
4055.551904438285;500
4061.7066218731247;2500
4064.2780450085384;500
4065.1815634859904;500
4069.386158297945;1500
4076.9106263920685;500
4081.0245598551237;1500
4083.0240036969612;500
4087.2857129760255;4000
4090.3348031563532;1000
4092.8492429119265;500
4100.585402248187;500
4102.357622623494;500
4102.777412655794;500
4103.9653796679995;500
4108.00851465677;500
4110.857008511432;500
4111.091179791894;250
4122.058951803495;500
4122.331598664709;500
4127.608337294842;1000
4128.414144529769;500
4133.913233516872;500
4137.9939582712595;500
4138.725863945287;500
4142.215138462182;1500
4144.942590644762;1000
4146.774254868341;500
4147.62757899339;500
4149.9907860667345;1000
4156.626960631542;500
4160.615873738597;500
4160.772375053702;500
4167.929264860041;500
4179.335375245977;500
4179.555679695958;1000
4184.221354616007;1000
4185.087188483753;500
4206.700317310872;1000
4208.825569466505;550
4210.66060677019;1000
4221.113884070158;500
4232.6023691354585;500
4238.929874745388;114
4240.346284564392;500
4240.87908619036;500
4241.320581848077;500
4246.5402795828895;500
4248.856176119666;500
4250.373437987342;0
4252.34426606049;500
4252.742969113657;500
4253.95045051048;500
4260.007783735389;500
4262.558753977907;500
4263.248391239108;500
4264.60668677185;500
4270.782030251168;500
4272.477762451475;500
4272.963157416504;1000
4274.67348241295;500
4275.532107551434;500
4283.950362066697;500
4287.455957529628;500
4288.105244670023;500
4289.570434486161;454
4289.658454202341;500
4291.664600298385;500
4292.188753884435;2000
4294.567788657739;500
4297.176308529739;500
4297.320187500398;500
4297.438271526673;500
4308.599752454644;1000
4322.721354079768;500
4324.005857430762;1000
4325.3079768393345;500
4349.139434543876;500
4351.013741156603;1000
4353.086367347226;500
4359.811107709403;500
4364.680126580918;500
4366.176292605193;500
4366.370422419218;500
4380.063902244158;500
4385.66765693416;500
4387.102806200253;500
4389.940063370833;500
4396.002575228194;0
4401.848852575193;500
4405.048582300901;1000
4410.168309554967;500
4412.253780705462;1500
4419.400760208638;500
4420.02384606308;500
4421.713352049715;500
4423.869989154895;1000
4425.019604501105;500
4428.505624046542;500
4432.230724662748;500
4434.554595185246;1000
4436.442966632669;500
4437.903994924582;3000
4440.169823812485;1000
4440.184763343272;500
4441.866017153408;500
4448.763516595157;500
4449.570507095892;500
4452.703886554603;500
4464.924249942041;0
4474.2199528141555;500
4475.536540297716;500
4475.553306346992;500
4477.639645119139;500
4479.782032455333;500
4481.952660455187;500
4482.441385043551;500
4497.156504729295;500
4501.672848427625;500
4506.769535295002;2000
4506.828381290429;500
4507.220997652053;500
4510.744998475942;500
4513.688910131431;1000
4514.620991113323;500
4514.674634023204;500
4515.8221498431;500
4521.044593051322;500
4524.72854002893;1500
4529.545339262624;500
4531.805917704344;500
4538.0036851498735;1000
4540.971878300491;500
4551.348868642431;500
4553.210637270006;500
4560.088172609308;500
4582.067527406094;500
4588.478737935073;500
4596.717344520671;500
4601.538421313257;500
4604.709179144542;500
4607.994655292452;1500
4614.838621507367;1000
4623.613264324799;500
4626.9666888723;500
4627.272459424161;1500
4629.509166874223;500
4637.437973934984;500
4649.11346320257;1000
4651.111836543232;500
4652.091046834424;500
4657.648800277643;500
4658.004981547889;500
4659.554985228315;2500
4672.383507315408;500
4672.760581071547;500
4678.399820810323;500
4685.1919852169185;1000
4685.4500198324895;500
4685.701201338694;2000
4690.980890109613;1000
4693.837299991435;1500
4704.714715862717;500
4707.692849688477;500
4708.441396824769;500
4711.082307554879;500
4711.382609656361;1000
4712.599998838003;500
4712.973535779017;2500
4715.572603947011;500
4719.338628544335;500
4719.760156369031;500
4723.558433255639;500
4729.031526143218;500
4732.42078929024;1000
4733.496644166258;500
4739.666770360291;464
4750.191098392384;500
4754.480942960606;500
4758.564306928002;500
4760.922764552511;500
4773.214867294326;500
4774.996787906993;500
4779.602134978695;500
4781.185067382848;500
4784.451901755701;0
4785.402075038374;500
4787.387433982585;1000
4792.224110512826;500
4798.751152940265;500
4801.879950553815;500
4803.905824835863;500
4804.012657541072;500
4808.66271687729;500
4817.682107366432;2500
4821.636392405834;500
4827.701486215417;500
4831.0481912383075;500
4834.445781640694;500
4835.068154710381;500
4835.893773376653;1500
4835.926603658392;1000
4837.538732447211;500
4845.492228403747;500
4848.046757589345;1500
4850.206413031022;500
4860.619957177508;500
4862.888919449749;500
4868.235066219306;500
4871.707943111847;500
4879.267378722859;500
4886.035456534191;500
4890.767705928619;500
4894.9155583967695;500
4895.480601658346;500
4896.7553295917105;500
4897.40422660708;500
4899.7029609359015;488
4904.494989688141;1000
4908.321248988026;500
4916.142719890196;500
4920.714596834999;500
4922.822330890975;500
4925.66724245302;1000
4926.258910707026;500
4935.040524181216;500
4935.958435348888;500
4960.5902416986055;500
4961.088108828292;500
4962.236136289203;1000
4962.845049805592;1000
4965.802833068702;500
4968.259300665439;500
4975.6276751397945;1000
4982.493800220399;500
4993.520909780226;500
5011.712686607062;500
5018.669280309869;1000
5019.845376177607;500
5020.971140029097;500
5023.625673557921;500
5029.785230551938;500
5031.5291815590745;1500
5058.614987476638;1000
5059.149711514389;3000
5061.7136158100275;500
5061.768257767826;500
5067.425496493033;126
5075.485312337421;500
5081.3328871170015;500
5082.401737087292;1000
5084.436834512003;500
5091.345430322693;500
5092.364007634043;500
5093.531976773747;500
5093.842261812503;500
5099.363199659069;500
5101.075357584928;500
5107.181170396484;500
5110.978646733911;1000
5115.371603670614;500
5117.117955437825;500
5121.633517132115;500
5122.164882242036;500
5124.790331536975;500
5139.44347953691;2000
5140.420913795237;500
5141.612008231483;500
5146.974386684918;1500
5163.93303364325;500
5176.250068341658;500
5181.773111915676;500
5181.898176674759;500
5188.670982962024;2000
5191.011239277049;500
5191.110672386349;500
5192.198579549503;500
5197.696174660163;1000
5212.631513440077;500
5233.511016845137;500
5233.6777691595125;2500
5236.660118494779;500
5238.024190213964;500
5240.8577708764815;500
5248.391536360753;500
5255.510136142249;1000
5268.470620127904;500
5269.535735155636;500
5270.195412879304;500
5272.906654414805;500
5274.3906940989145;500
5275.132932371468;1000
5292.2063278627475;500
5295.910602340577;500
5297.350746878436;500
5300.256229140779;500
5304.985843950957;1000
5311.278127760332;500
5322.2980964890985;500
5328.356297803428;500
5333.832604041979;500
5346.399254219825;500
5353.125349464302;500
5357.410904391775;500
5359.017640132449;500
5359.356498910322;500
5367.201881531209;2000
5368.70757263896;3000
5368.891928541624;1000
5369.015098475406;500
5380.304951285747;500
5384.165098424081;1000
5386.311398465844;500
5389.7766671814525;500
5398.756289878491;1500
5398.837410591708;500
5403.550636843544;1500
5403.623722846206;500
5405.545667710627;500
5416.782404394116;500
5419.9121264713485;500
5422.429570410272;500
5424.727806578471;500
5425.641571532088;500
5431.652679286277;500
5440.217033424358;1500
5441.16388140621;500
5444.65105005517;1000
5455.5168945326905;500
5463.9614396900515;500
5473.273454432487;500
5474.963182663737;500
5475.132552731803;500
5487.982998473067;500
5489.328869933771;500
5502.559994383143;500
5506.79213528442;500
5511.191580040793;500
5512.570697206098;1000
5523.353623589618;500
5524.482357362286;432
5527.7665602744655;500
5531.906484300034;500
5533.814656434408;1000
5545.795227275337;2000
5546.491600648401;406
5549.276254884897;500
5549.767797597891;500
5551.091887843697;500
5553.035760352562;500
5554.332133635494;500
5563.675922382612;500
5579.297816725772;500
5583.544324514392;1000
5586.022528519298;500
5589.198215570514;500
5609.016964551593;500
5609.455405133446;500
5611.884402094672;500
5612.352625184711;500
5614.636225190162;500
5617.144555991294;500
5629.360483725962;0
5631.419801738399;500
5638.57461627477;500
5643.777877175978;500
5656.888982203292;500
5662.469249850026;500
5663.887824356229;500
5666.406919377509;500
5670.689300349461;500
5670.693507127571;500
5674.741699420283;1000
5679.29061915397;500
5689.144716336092;500
5694.4289016379;1000
5699.358741009959;500
5709.883696334099;0
5714.836547160548;500
5718.950867273822;500
5723.34443789085;250
5731.869274464364;1500
5736.280961222613;500
5738.571334959437;500
5756.628747431803;500
5758.024019442509;1500
5758.825909891036;500
5762.196552126991;500
5762.924546394659;500
5766.636756176441;500
5768.498281512341;500
5771.84285950014;500
5774.799501738437;500
5778.427730814629;500
5783.205277950378;500
5789.880981484361;500
5791.937925910215;500
5796.454298346383;1000
5798.527249440746;500
5804.353685265449;500
5806.151966216041;500
5810.413081451183;1000
5811.028667947273;500
5812.027528281184;1000
5814.085443580493;500
5818.459781873741;1000
5819.440378024863;500
5830.1333343471715;500
5830.240283310128;500
5833.034413733895;500
5846.535530989617;500
5848.7183849848;500
5850.910604880274;500
5851.341176009739;500
5851.81731740461;500
5857.929794029048;500
5859.6294432319655;500
5859.772094703304;500
5861.767721431481;500
5864.693190448471;2000
5866.794343457021;500
5874.441519604498;500
5880.956020714388;1000
5899.361685310192;500
5903.318554735375;500
5910.328400203865;500
5913.332642092458;250
5914.482207281764;250
5921.342860651512;1000
5924.889007465805;1000
5926.316646380696;500
5930.125063354208;500
5937.450653157784;500
5945.709775584057;1000
5947.639877838907;500
5952.464675276205;500
5958.971894183237;1500
5959.479387002272;500
5964.57879999609;500
5975.571582097448;500
5979.08171457375;500
5986.177095967643;500
5987.862527925427;500
5997.02448518047;500
6001.922945654993;500
6010.640114639782;500
6013.946880842545;500
6020.881785856771;500
6035.313141491536;500
6039.436218105177;500
6045.434384755252;500
6046.947553367389;500
6047.114135742392;1500
6053.345232824583;500
6054.423756339296;500
6078.791149000568;500
6078.955523919758;1500
6081.347118567779;500
6083.383010996442;500
6103.812935412687;500
6112.21613974371;500
6114.963499155973;500
6115.711605621454;500
6122.054627249512;1000
6122.07031676972;500
6127.398911831672;500
6130.352836425683;1000
6138.317435857053;500
6148.57488953928;500
6151.149433691518;500
6154.13343900375;500
6170.081903408093;500
6174.482346232041;500
6180.664291592597;500
6182.090095665514;1500
6185.395341918085;500
6187.112976770693;500
6194.059527026861;500
6197.726235899923;1000
6211.781514236226;500
6214.288450158082;500
6221.170408225528;0
6222.996905022829;500
6236.347191805561;500
6241.8715897821385;500
6243.039221727095;500
6247.100666125749;500
6249.2600232396435;500
6251.385477201741;1000
6257.838721543877;1000
6259.475385914593;500
6264.824849277704;500
6272.1456764857285;500
6273.725499206707;500
6280.563823834178;1500
6281.898203586829;500
6286.243189153256;500
6288.4747886348805;500
6291.9289317640205;500
6293.319604257011;500
6294.380438611914;500
6295.75833593643;500
6300.820303078283;1000
6304.600423239398;1000
6305.055593207691;500
6306.624896960424;1000
6319.8591283866035;500
6322.186785288664;500
6323.0631743520335;500
6324.23755136476;500
6338.118449030761;500
6342.77558324999;500
6350.940497809556;1500
6355.041463733715;1000
6364.918760541026;500
6364.92529084348;500
6367.53552730109;500
6379.869305689265;500
6392.7227741596425;500
6398.268697329053;500
6400.416755708705;500
6405.565108528753;500
6408.254265601775;1000
6410.404497339341;1500
6420.8594566129395;500
6423.147790882207;0
6425.634870736825;500
6432.340299181008;500
6438.328828256696;1500
6446.855648116029;500
6451.8422149638645;500
6453.2000946813605;1000
6456.4458125981355;500
6456.938738013799;500
6467.083801861801;500
6473.351431715571;500
6484.883589629743;500
6489.67133034763;500
6495.38023148093;500
6510.506986097451;500
6521.35833016431;1500
6526.111282654028;138
6531.422473534886;500
6531.482654098023;2000
6533.846297815172;500
6537.6034625122475;1000
6543.9302394991755;500
6549.9311445208405;500
6563.607797697646;500
6573.754085810169;500
6577.95496148633;1000
6583.201942020056;1000
6587.340972677876;500
6599.622979978519;500
6605.634748212105;500
6606.696514021447;500
6616.055251707831;500
6617.231238939899;500
6618.001374889675;500
6621.684897315138;500
6625.42507786637;500
6639.4022603549065;500
6644.575634930365;1000
6666.331142910237;500
6667.234896711394;500
6670.7047965840975;1000
6672.296233068366;500
6672.641934955278;500
6673.438021483583;500
6676.296242158368;1000
6689.328026647376;500
6693.701222618344;500
6698.364729160641;500
6718.377046243233;500
6722.961967173757;500
6728.636467847361;500
6730.3141828087555;500
6730.79015518407;500
6731.766126033158;1000
6733.45672459067;500
6735.928554000333;1500
6753.67291756688;500
6760.228185932625;500
6770.856162227334;500
6773.54600090215;1000
6775.733275607621;1000
6782.69654312892;456
6787.549565224084;500
6806.005200694293;500
6807.057840346735;500
6809.062647536008;500
6811.603733109296;500
6812.443658160299;500
6818.4683691270775;500
6821.3391836526525;500
6826.701404198516;1000
6829.26717498593;500
6834.634096546599;500
6836.695621298535;500
6842.504711091206;500
6844.198799476518;500
6856.555311518547;500
6856.882036912091;500
6857.916806466462;1000
6857.990143269134;500
6860.479178355344;500
6871.153815920311;500
6880.565306888314;500
6881.558311880692;500
6896.508228109972;1500
6896.776678199473;4
6901.502894581035;500
6909.195854547407;500
6916.609738321966;500
6916.749421251809;500
6937.963745828978;500
6948.830942333366;0
6953.885394454715;500
6954.72515457067;500
6960.062411682382;500
6963.253834797696;500
6969.9698496535875;500
6980.7676241875015;500
6986.547555439295;500
6989.310379014612;500
6991.203772926136;500
6993.272713619829;1500
6995.129546438173;500
7000.757470459924;500
7003.768237080798;500
7005.610898031806;1500
7005.679502120452;500
7006.616622672117;500
7007.224536316208;500
7021.791349636677;500
7024.279385072734;500
7026.589571480333;500
7028.002492244253;500
7031.745417637081;500
7043.349963974526;500
7055.268268356578;500
7058.101298715735;500
7058.3476594672975;1500
7070.723292737442;500
7074.278553816772;500
7097.493665714059;500
7101.076624478407;500
7118.09766139616;500
7126.83428952315;500
7145.243743094811;500
7146.722198693028;500
7147.967537298061;1500
7152.748033386753;500
7154.012020778869;500
7156.831660299225;500
7162.368538788819;1000
7176.213906547878;500
7178.321264393708;500
7179.411799733469;500
7185.239751932853;500
7190.479920438558;500
7194.467970443974;500
7196.986637046275;500
7204.427362427977;500
7219.128091643119;500
7222.111584370114;500
7236.199841072187;500
7236.820653814911;500
7240.214734702336;500
7247.732655863976;500
7270.636743382926;1500
7274.380076097449;500
7274.636926062514;500
7287.83937139804;500
7294.0911884780035;500
7294.617643241915;500
7299.344864629029;500
7302.966389342247;500
7303.648077698844;500
7309.2335934000785;500
7310.666141150171;500
7337.059273376401;500
7341.049054441151;500
7343.463733684907;1500
7355.470864283394;500
7355.495120206126;250
7357.232806661645;500
7362.288823156191;500
7364.1232357871095;500
7377.758309955912;500
7380.953020214876;2000
7387.380005414209;500
7389.53327763271;2000
7393.325664937294;500
7404.320887677733;500
7415.846403442263;1000
7420.740860493108;500
7431.771253900777;500
7435.020557005242;500
7436.807324737394;500
7441.539361848764;500
7458.21223961623;500
7468.835409163311;500
7478.866899438724;500
7486.7864472045685;500
7491.786813919264;2500
7500.435044293299;500
7505.202153383821;500
7505.759899627542;500
7514.775869828479;500
7521.290643796122;0
7540.964437179864;500
7541.912103880917;500
7565.298076967535;500
7566.971618685046;500
7567.362525150103;500
7576.60826071258;500
7578.694570896091;500
7579.425001000046;500
7579.49847676326;500
7590.760689892333;500
7601.087945156543;1000
7611.604416526839;1000
7616.968530493943;1000
7619.152255970347;500
7621.9932638080545;500
7623.292593560805;500
7623.704781265179;500
7624.114159930954;500
7625.101616765746;1000
7625.157835683079;500
7637.129422023982;500
7643.750649606855;500
7650.663125976822;500
7652.145561535617;500
7662.322151176197;500
7666.231057918527;500
7672.198588828211;1000
7683.623908395399;500
7696.704837658592;500
7719.427428380878;500
7720.430934921435;500
7720.906573065676;500
7731.413877518083;500
7753.031804620693;500
7757.677456614296;500
7760.907151867513;500
7764.87325663757;1000
7775.144241123853;500
7778.038868228132;500
7784.687932774885;500
7786.832393878299;500
7789.329397472213;500
7792.147145912695;500
7793.172996367708;500
7793.44332876629;1000
7808.884715528535;500
7812.546982527967;500
7813.569980434667;500
7822.591496961105;500
7831.036007133962;500
7840.831634242901;500
7852.4449118233715;500
7879.928352863119;1000
7881.618996142628;500
7885.645351552178;500
7897.175362707114;500
7910.175020301396;500
7925.850362119822;500
7926.585293978474;1000
7946.943230424158;500
7949.079896530728;1500
7958.578573001115;500
7964.714070928214;500
7967.806034459043;500
7979.582620821364;500
7982.5895526507575;500
7985.215489800683;1000
7985.440966783623;500
7994.928794903575;500
8002.746007897823;500
8015.149846161342;500
8021.478596846012;500
8035.845473980942;500
8045.902191159407;500
8056.060361968424;500
8059.309590782652;500
8091.117984303991;1000
8091.623713701005;500
8099.302072896349;500
8101.929100268485;500
8102.72558022493;500
8106.2160645117065;500
8108.89936583079;500
8110.583707766055;500
8112.079914146489;500
8124.496900044021;500
8133.3912996421495;500
8142.47096008288;0
8147.488468188955;500
8155.963278378076;500
8160.296608436254;1000
8160.696271834513;500
8163.7517926268965;500
8166.94086346826;500
8169.890453688197;500
8170.149110748176;500
8179.64683081872;500
8199.660122729574;500
8207.329325966906;1000
8207.787332885702;500
8212.574685017455;500
8218.409605771036;0
8225.263061931393;500
8238.752248110799;500
8241.425312945425;500
8241.47769087834;500
8246.612249762686;500
8253.152664573166;500
8259.693465151102;500
8262.588567538227;500
8272.221352866158;1000
8272.985460599391;500
8273.085345019648;500
8279.447968937893;500
8295.284265931426;500
8331.691978505605;500
8332.46920525825;500
8332.667901465704;500
8341.826656408677;500
8347.971359440224;500
8362.38404550222;500
8365.819122482324;500
8385.054270224722;500
8397.900531806778;1500
8398.476910396917;1000
8403.9963051865;1000
8405.847056373677;500
8410.593718912523;1000
8420.57503894416;500
8421.342543266355;500
8437.28416629765;1000
8456.70145986794;500
8459.522204732402;500
8461.48632067748;600
8469.274017070971;500
8471.114107928517;1500
8480.446425057273;500
8481.262271922478;500
8487.695458793187;500
8489.31804530967;500
8508.486948607713;500
8509.792479411732;1000
8531.070462508267;500
8534.217554018216;500
8540.320764345803;1500
8550.27766206432;500
8551.257621035937;500
8557.347004069752;500
8569.631309115839;500
8571.13199338058;1000
8572.51121017344;500
8573.209755526039;500
8573.331450303562;500
8587.767402903111;500
8592.84758189784;500
8595.716718842781;500
8602.977814374355;500
8607.238774528547;500
8631.656798880207;500
8635.217259488963;500
8636.893775062992;1000
8642.928955087593;500
8646.233737880128;500
8650.646799761444;1000
8656.783873180446;500
8658.779520509705;1000
8660.855837584584;1000
8668.5002154778;500
8684.964880613963;1000
8688.347219054245;0
8691.06563599338;500
8693.80234075622;1000
8695.632910123348;500
8702.187222927449;500
8702.769434147605;500
8725.838095445371;500
8735.151805679481;500
8735.358134099672;500
8739.70754972846;1000
8747.765063225192;500
8752.878047836703;500
8755.11863346887;500
8774.043277626331;500
8776.370464841277;500
8784.425444183573;1000
8796.641813952732;500
8796.735653923295;500
8811.136778284723;500
8814.902763559225;500
8818.556678985917;500
8824.575681858247;1000
8826.459502456073;500
8830.843377236968;500
8844.130444138727;500
8845.491454774276;1000
8847.21120665955;500
8848.174942172378;500
8878.031240519245;500
8881.125112744054;500
8885.079087815782;500
8886.465202597616;500
8892.597224299452;500
8922.882336631461;500
8938.581587877854;500
8962.789903062405;1000
8970.408880907164;500
8984.778198624483;500
8996.500005795711;500
9007.648348243483;500
9014.636734745282;1500
9024.342023125988;500
9024.577412726247;1000
9053.255461962275;2500
9054.463263845519;500
9063.175526517502;250
9093.341926423625;500
9101.35726730713;1000
9109.066054805471;500
9109.204557739406;500
9110.983628339842;1000
9126.250550859746;500
9129.637581203571;500
9139.412174813711;500
9140.824619241615;500
9149.171954310223;0
9150.816571935356;1000
9179.329335946095;1000
9209.029634541066;500
9224.946195888686;500
9226.5977868833;500
9245.479161023522;1000
9250.617456295104;0
9273.15736908582;500
9275.823398393259;500
9281.142339271757;500
9291.584771437028;500
9310.465856884204;500
9314.50472762391;500
9316.282788380317;500
9318.623209518679;1000
9320.613428698567;500
9329.05470458025;500
9336.390265953773;0
9379.66688225016;500
9391.039638143478;500
9411.57598998759;500
9418.258792599006;500
9423.946589716685;500
9431.805889451136;1000
9432.364068339666;500
9437.63457704343;500
9477.010331777537;500
9478.400256693083;500
9478.629525257;500
9483.487474947007;0
9484.534921275657;500
9484.936628326031;500
9487.934081195795;1000
9494.881209054902;1000
9507.177264654607;500
9513.008201949935;500
9515.431322293756;500
9528.78844883352;500
9531.260456592834;500
9558.641469064587;500
9586.773359511106;500
9600.50744674998;500
9603.187634071406;500
9612.795631663863;500
9613.65050870432;500
9625.549751714827;252
9632.464478335281;500
9636.187233629767;500
9654.819982466199;500
9660.01355986089;500
9664.964027852006;500
9675.442150599049;500
9685.325172562138;0
9686.544928725001;2000
9687.457068368314;500
9694.920079680789;500
9700.710606129816;500
9704.30924599476;500
9711.433932610134;500
9732.209759879714;500
9733.630249575728;500
9735.845609321746;500
9741.830046540212;500
9742.06700565486;154
9749.823028784107;500
9750.621570406995;500
9755.48872081952;500
9759.585682970483;1000
9762.981930601676;500
9806.374886113044;500
9807.965891571068;500
9838.241998485268;500
9856.571366484643;500
9865.744302582445;1000
9866.638307321615;500
9881.894267838583;500
9920.167758237802;500
9920.774464017964;500
9931.65101684781;500
9933.877526142256;500
9938.159417746105;500
9957.449390728103;500
9966.434521155003;192
9968.258939586945;500
9982.364383814975;500
9982.813842052306;1000
9995.520100217089;500
9996.6053467052;500
9997.592853922351;500
10003.766600979949;500
10012.167372205035;500
10012.77863779648;500
10026.65944176178;500
10036.31859601894;500
10049.141103171281;500
10049.98315099833;500
10058.448043194674;500
10091.406972789027;500
10092.246064100364;500
10094.262898415911;1000
10112.926906716526;500
10130.783426834036;500
10132.681192375032;500
10134.710357516682;250
10136.38315057568;500
10143.633092321812;500
10154.63822021347;500
10163.218931444622;500
10165.972786670389;1000
10180.850953631747;500
10194.741432689838;500
10200.744156734669;500
10214.45616843998;500
10214.875193748469;500
10237.135239670512;500
10241.209970259373;500
10241.997201621218;500
10246.17482728589;500
10251.167066789334;500
10274.375677226953;500
10283.957599818836;500
10295.745749833704;500
10302.286409964863;500
10318.393536958632;500
10326.210671448547;500
10338.065935161545;784
10338.753555622832;500
10381.974658276793;920
10394.182843100069;500
10406.193791276406;500
10409.696039869257;500
10418.806037900797;500
10419.808795080537;1000
10432.116207864123;500
10436.752232921866;500
10438.502901824031;500
10446.271779143064;500
10450.96953817579;500
10454.052428071585;500
10455.244577465353;0
10461.705222647082;500
10488.735699771436;500
10494.183468951163;500
10502.440302835172;1000
10510.462317127305;500
10527.187738640412;250
10529.638301668023;500
10534.271224536804;500
10540.60707395733;500
10546.653978887036;1500
10562.266451306039;500
10583.067231227298;500
10595.296211669862;500
10600.219509564615;1000
10601.092937810337;500
10631.017135117541;746
10646.271687991217;500
10654.046413086082;500
10668.031837014354;500
10673.167926808936;500
10678.973779824875;1000
10684.370154107572;908
10697.538271515807;500
10700.606800343268;500
10711.388600901902;250
10751.708211187926;500
10754.282491640211;500
10756.14076989161;500
10759.910892616705;1000
10763.513155852961;500
10763.899753897711;500
10781.122020052053;500
10794.938770883546;500
10796.659412669074;500
10803.608805693864;500
10823.401181035813;500
10823.88995884862;500
10861.963951444646;500
10862.114338006346;500
10864.024184407075;0
10866.046851434277;1000
10867.324291094013;500
10879.171851041838;500
10887.280136958789;500
10887.680511398974;1000
10893.998877937582;500
10900.644236731783;500
10907.91858938947;500
10950.563388685887;500
10950.750613085385;500
10959.372663521488;500
10987.033437546304;500
11039.070889513814;500
11054.773047617024;500
11072.216288419813;500
11088.999222673412;500
11098.376126885825;500
11104.828672803389;500
11132.932594592205;500
11133.376330571138;500
11151.072657707446;500
11183.504076322326;500
11184.303414796464;500
11192.226643959079;500
11231.440247744069;500
11281.894438645448;500
11296.353242343564;500
11301.222217135535;500
11302.834468426921;500
11319.839613338589;500
11354.644826489703;500
11358.188401485275;500
11361.072881466665;500
11392.623341985309;500
11414.92646334574;500
11416.752415473016;500
11421.803899689598;500
11424.915099526821;500
11429.44405637992;500
11434.093438554562;500
11435.125174310304;500
11441.830174056491;500
11444.566541872939;500
11445.96660198434;500
11449.671465114625;500
11452.189650205888;500
11462.169577834076;1000
11477.353146451049;500
11486.093636759078;500
11499.079470070092;500
11500.066710296453;500
11530.902930773987;500
11537.199424184555;500
11539.774114466096;500
11542.932041649652;500
11561.503368767091;500
11569.61204560025;500
11588.067005820314;500
11607.618929155815;500
11623.214232867584;500
11629.753730230146;500
11636.809387768018;500
11641.496346683778;500
11654.299987337763;500
11689.744835455129;500
11702.97951444405;500
11703.668689231989;500
11713.862996193442;500
11721.80922887054;500
11725.87826881071;0
11727.535362482362;500
11736.455343422935;500
11750.048241014869;500
11751.598537171809;500
11766.528022401884;0
11769.504907303817;500
11786.30459510033;1500
11795.350836016962;500
11804.388054522;500
11816.084351257077;500
11836.17800484691;500
11839.144621826352;1000
11844.545936543058;500
11847.139490417587;500
11854.85949321793;500
11858.878212987614;500
11874.212277035365;500
11883.244957954525;500
11902.168058354746;1000
11918.151348104913;500
11934.528242557915;500
11940.570411893834;28
11942.481341114715;500
11946.426809148426;1000
11948.62460194186;500
11954.73606449275;1000
11959.779017856732;0
11971.49400976941;1500
11975.772173571886;500
11987.541720818208;500
12000.808415936724;500
12004.254684592017;500
12007.434284313938;500
12014.984091247203;500
12033.197941472828;1000
12061.569760924167;500
12066.569652567438;500
12075.303311386204;500
12102.141453034517;500
12121.079304967405;500
12130.476996436979;500
12148.535149875734;500
12148.676145622827;500
12170.42554157932;500
12174.287083831086;500
12177.150798148827;500
12181.05533138864;500
12184.1451664737;1000
12212.548066870115;500
12224.720515116096;500
12233.056054079523;500
12236.62774933524;500
12237.366475724924;500
12240.73766233059;500
12245.19098167916;1000
12246.015066980877;500
12247.702147094236;500
12253.853674839373;500
12270.919253113005;1000
12272.408289831024;2000
12296.768769188016;500
12304.232342897178;500
12349.027855877734;500
12358.10081329315;500
12382.306965902295;500
12394.211709992454;500
12395.535193913698;500
12400.40247889207;500
12414.02955741198;500
12426.339286680208;500
12449.599644719248;500
12473.724262393887;500
12480.781518737582;500
12481.772116148108;500
12488.403306173801;1000
12497.011910223602;500
12531.25851010363;500
12564.444370130948;500
12568.00548038739;500
12572.867053778877;500
12579.3890355585;500
12583.724613029928;500
12603.384265742576;500
12619.85880074034;500
12648.285093909724;500
12664.902731793389;500
12666.39672410061;500
12688.042050549271;1000
12691.372268802299;2000
12694.352507809894;1000
12702.49416091276;1000
12721.336149062536;500
12722.494706654665;500
12722.960013366352;500
12768.948937577246;88
12773.178689123237;500
12775.992616569705;500
12777.153372419485;1000
12778.921926026213;500
12793.114691501918;500
12847.192688556417;500
12886.399598732662;1000
12921.479424959834;500
12943.051763405938;500
12961.961363961818;500
12968.36206551326;1000
12975.994212472908;500
12979.601209875715;1000
13021.04579534956;1000
13022.044480731449;500
13026.78790233064;500
13028.354100196591;500
13036.325413640809;500
13053.113148665208;500
13054.566083645248;500
13055.439529729285;500
13056.526418108604;500
13083.052383589353;500
13089.300471591883;500
13089.953747182686;500
13099.267097350947;500
13139.649122338249;500
13148.46310620937;500
13175.634529904646;500
13197.594145441999;500
13202.846460107261;500
13207.234720701683;500
13222.121711513224;500
13233.041453884465;500
13261.32577905645;500
13290.916987744653;500
13297.140793615137;500
13331.760659057;500
13347.681549326377;500
13347.906705495874;500
13350.558634594772;500
13362.253567150006;500
13364.251163865194;500
13372.032300460196;500
13403.926569017745;500
13406.841044222005;500
13407.823831379092;500
13418.0065249946;500
13427.627455594415;500
13438.139353906698;500
13474.599664870575;500
13477.169494766735;0
13481.182201324069;500
13491.570907908306;500
13498.75503573661;1000
13501.274949448545;1000
13506.361154793041;500
13525.350163573226;500
13532.513458029609;500
13539.438236517879;500
13542.013824317964;500
13544.43825811792;500
13565.348727649416;500
13590.813068335432;500
13600.936141304639;500
13608.019096579625;500
13630.225455421798;500
13660.348497494924;500
13674.744162479396;500
13691.202640559637;500
13709.279262581944;500
13711.78518834581;500
13738.43985237157;500
13773.516531907364;250
13776.280219847678;500
13799.231784401129;500
13818.111272808199;500
13830.109986367366;500
13852.656683070316;500
13858.39094115871;500
13878.772263211456;500
13890.469209056346;500
13960.495396977973;500
13979.44568523459;500
13982.969085550763;500
13992.5338048727;500
14005.19161493402;500
14018.096826884523;500
14040.278822024924;500
14046.472879212291;500
14049.395227802459;500
14062.773848452933;500
14064.34973884631;100
14094.27847803481;500
14096.951711584785;500
14098.350780852883;500
14112.812565846538;500
14113.425289390738;500
14120.011301512066;1000
14133.479920971751;500
14162.79634767675;500
14197.82957442262;500
14206.691607207733;1000
14216.225462166634;500
14223.616685605395;500
14224.237897476763;500
14268.401954112505;500
14277.8794627587;500
14304.557266008116;500
14321.521722243617;500
14344.009677110893;500
14356.945253394986;500
14394.24646662657;500
14404.883271278019;500
14409.357415499104;500
14414.051170980392;500
14421.08228511757;500
14428.093720326775;500
14431.325430051658;500
14512.769183266937;500
14516.08247285532;1000
14519.779844055625;500
14520.210813107986;500
14532.316373386855;500
14545.616672975979;500
14548.028474598364;500
14553.226529163228;500
14589.578548707375;1000
14604.17993133657;500
14643.387300826265;500
14647.31955666835;500
14653.063457434886;500
14674.841130025816;500
14677.290483559102;500
14690.286644290358;500
14716.130508195816;500
14734.88323383373;500
14763.1455355547;500
14799.986160500908;500
14894.850516810444;500
14901.256001552625;500
14902.44299315841;500
14912.060551493645;500
14918.598437705701;500
14962.639905436381;500
15001.044255013405;500
15002.780800262486;500
15022.12019766993;500
15034.59760808897;500
15050.022036975604;500
15065.778539743047;500
15077.733861087954;500
15134.174623144789;1000
15160.684115021182;500
15192.85734419685;500
15202.742756718217;500
15204.193402801235;500
15204.758918163492;1000
15212.0286962943;500
15280.294042227091;1000
15311.704926970351;250
15364.086832095745;500
15386.941476439539;500
15408.69348101918;500
15419.229394402477;1500
15476.643763409675;1000
15488.11494011611;1000
15518.34443315695;500
15533.305816475033;500
15553.318251413106;500
15582.728370646586;500
15653.728388446505;500
15658.50491152644;500
15660.116722944955;500
15719.986061612984;500
15752.821534012786;1000
15754.843206984411;500
15778.049859657764;500
15811.000753246974;500
15827.168719353114;500
15831.358561170842;500
15856.470313081272;500
15856.690795148246;500
15860.575505494377;500
15861.750632798172;1000
15878.017120393672;500
15918.364134574533;500
15918.982900840849;500
15937.75780107237;500
15978.268139270704;1000
16008.78279260232;500
16080.923764612247;1000
16091.772161466608;1000
16102.261435050223;500
16136.350795284668;500
16163.051702390418;1000
16179.407431381005;500
16192.74702121014;500
16204.653611964428;500
16211.468106667204;500
16232.549157599366;500
16254.21756415119;500
16275.216101292268;500
16301.653853101408;500
16304.76297560177;1000
16325.706322328382;500
16331.62224427403;1000
16382.680821662107;1500
16388.57650538559;1000
16394.184834381245;500
16463.187017558797;500
16558.407651368903;500
16601.391003107732;96
16605.275858646026;500
16634.8882383551;500
16698.869353827664;500
16777.655033834446;1500
16810.486018108448;500
16811.08229350191;500
16845.945172775107;500
16855.946274348113;500
16857.527597475695;500
16914.286165990583;500
16941.096334351856;500
16984.947916542627;500
16990.92076187263;500
17028.803649647292;500
17041.266919630005;500
17145.973113380885;500
17189.439704723714;500
17193.18545160902;1000
17247.779922742964;500
17280.50724750844;500
17301.505945021017;500
17304.340840363257;500
17392.934446259726;500
17520.025872599403;1000
17522.685764394366;500
17523.127428411542;500
17591.80259186717;500
17592.155094051206;500
17598.636304685835;500
17714.185196141;500
17786.73365954588;500
17790.745142848056;500
17800.288393439903;156
17809.271308720367;1000
17821.50233791147;500
17845.702383700296;500
17890.98311277455;500
17896.17816768528;500
17918.945314416083;500
17919.059594558286;500
17923.42495829694;500
17924.686447915126;500
17932.63831616687;500
17934.13730002074;500
17943.31298990606;500
18013.382180866098;500
18052.256413236275;500
18056.5193902553;500
18102.283692644938;500
18114.7095142016;500
18229.19303016981;500
18297.160007220315;500
18405.478261483582;500
18420.08830044701;500
18460.611119279463;500
18470.50844179477;500
18521.189290901846;500
18521.385124530818;500
18611.07619365977;500
18649.076657805916;1000
18649.47544061983;500
18669.290359018738;500
18671.190791255656;500
18802.974649078667;500
18806.53198594557;500
18817.214166062808;500
18890.370064256385;1000
18911.737350617306;500
18984.42078649256;500
19079.974779320622;1000
19080.507724162788;500
19165.885096278435;1500
19172.230089991433;500
19184.936913887577;500
19185.60539516615;500
19195.7132387215;500
19274.26577655395;500
19389.911183379583;1000
19429.881556448683;500
19483.24023999046;500
19545.418144521598;500
19598.559895411436;500
19639.246676413855;500
19740.173128033875;500
19743.047488337335;500
19767.235255701256;500
19857.446682225494;1000
19875.56670838016;1000
19925.356184374814;500
20022.025717390243;500
20064.806456495066;500
20094.66970441381;500
20181.24697018466;500
20366.653382022036;500
20368.686540898554;500
20465.99808392449;500
20517.505537115267;500
20803.620104862013;1000
20967.01786038324;500
21010.509840371153;500
21111.00707848779;500
21307.321737409013;500
21417.52629588141;500
21421.255424441337;398
21633.917852004364;500
21738.049589367598;500
21746.46737170559;500
21757.771988912828;500
21774.01015785611;500
21932.501321282674;500
22193.386723337622;500
22259.924734706878;1000
22292.017448903265;500
22312.43371117065;500
23102.09692488882;500
23248.04950516457;500
23315.66327248038;500
23419.014987389517;500
23932.087155539415;500
23942.05731765935;500
23953.249085737738;1000
24170.143233013026;500
24197.67930757233;450
24426.314317234697;500
24965.048192187183;500
25056.042638835177;1000
25517.493491591315;500
25579.254537366167;500
25606.475935913728;74
25752.732122728772;500
26037.317993338045;500
26158.274030272107;500
26409.05439762291;500
26656.700375429948;1000
26803.364294695868;500
28174.33754137526;500
29042.55268670661;500
30943.24435923401;500
