Frame;Hour;Day;Vacc0;Vacc1;Vacc2;dVacc0;dVacc1;dVacc2
0;0;0;190489;0;0;190489;0;0
1;1;0;190489;0;0;0;0;0
2;2;0;190489;0;0;0;0;0
3;3;0;190489;0;0;0;0;0
4;4;0;190489;0;0;0;0;0
5;5;0;190489;0;0;0;0;0
6;6;0;190489;0;0;0;0;0
7;7;0;190489;0;0;0;0;0
8;8;0;190385;104;0;-104;104;0
9;9;0;190385;104;0;0;0;0
10;10;0;190273;216;0;-112;112;0
11;11;0;190273;216;0;0;0;0
12;12;0;190160;329;0;-113;113;0
13;13;0;190160;329;0;0;0;0
14;14;0;190160;329;0;0;0;0
15;15;0;190160;329;0;0;0;0
16;16;0;190160;329;0;0;0;0
17;17;0;190160;329;0;0;0;0
18;18;0;190160;329;0;0;0;0
19;19;0;190160;329;0;0;0;0
20;20;0;190160;329;0;0;0;0
21;21;0;190160;329;0;0;0;0
22;22;0;190160;329;0;0;0;0
23;23;0;190160;329;0;0;0;0
24;0;1;190160;329;0;0;0;0
25;1;1;190160;329;0;0;0;0
26;2;1;190160;329;0;0;0;0
27;3;1;190160;329;0;0;0;0
28;4;1;190160;329;0;0;0;0
29;5;1;190160;329;0;0;0;0
30;6;1;190160;329;0;0;0;0
31;7;1;190160;329;0;0;0;0
32;8;1;188277;2212;0;-1883;1883;0
33;9;1;188277;2212;0;0;0;0
34;10;1;186389;4100;0;-1888;1888;0
35;11;1;186389;4100;0;0;0;0
36;12;1;184494;5995;0;-1895;1895;0
37;13;1;184494;5994;0;0;-1;0
38;14;1;184494;5994;0;0;0;0
39;15;1;184494;5992;0;0;-2;0
40;16;1;184494;5992;0;0;0;0
41;17;1;184494;5991;0;0;-1;0
42;18;1;184494;5991;0;0;0;0
43;19;1;184494;5991;0;0;0;0
44;20;1;184494;5991;0;0;0;0
45;21;1;184494;5991;0;0;0;0
46;22;1;184494;5991;0;0;0;0
47;23;1;184494;5991;0;0;0;0
48;0;2;184494;5991;0;0;0;0
49;1;2;184494;5991;0;0;0;0
50;2;2;184494;5991;0;0;0;0
51;3;2;184494;5991;0;0;0;0
52;4;2;184494;5991;0;0;0;0
53;5;2;184494;5989;0;0;-2;0
54;6;2;184494;5989;0;0;0;0
55;7;2;184494;5988;0;0;-1;0
56;8;2;182147;8335;0;-2347;2347;0
57;9;2;182147;8332;0;0;-3;0
58;10;2;179795;10684;0;-2352;2352;0
59;11;2;179795;10681;0;0;-3;0
60;12;2;177440;13036;0;-2355;2355;0
61;13;2;177440;13031;0;0;-5;0
62;14;2;177440;13031;0;0;0;0
63;15;2;177440;13029;0;0;-2;0
64;16;2;177440;13029;0;0;0;0
65;17;2;177440;13025;0;0;-4;0
66;18;2;177440;13025;0;0;0;0
67;19;2;177440;13025;0;0;0;0
68;20;2;177440;13025;0;0;0;0
69;21;2;177440;13025;0;0;0;0
70;22;2;177440;13025;0;0;0;0
71;23;2;177440;13025;0;0;0;0
72;0;3;177440;13025;0;0;0;0
73;1;3;177440;13025;0;0;0;0
74;2;3;177440;13025;0;0;0;0
75;3;3;177440;13025;0;0;0;0
76;4;3;177440;13025;0;0;0;0
77;5;3;177440;13022;0;0;-3;0
78;6;3;177440;13022;0;0;0;0
79;7;3;177440;13017;0;0;-5;0
80;8;3;175484;14973;0;-1956;1956;0
81;9;3;175484;14969;0;0;-4;0
82;10;3;173524;16929;0;-1960;1960;0
83;11;3;173524;16925;0;0;-4;0
84;12;3;171557;18892;0;-1967;1967;0
85;13;3;171557;18886;0;0;-6;0
86;14;3;171557;18886;0;0;0;0
87;15;3;171557;18881;0;0;-5;0
88;16;3;171557;18881;0;0;0;0
89;17;3;171557;18875;0;0;-6;0
90;18;3;171557;18875;0;0;0;0
91;19;3;171557;18875;0;0;0;0
92;20;3;171557;18875;0;0;0;0
93;21;3;171557;18875;0;0;0;0
94;22;3;171557;18875;0;0;0;0
95;23;3;171557;18875;0;0;0;0
96;0;4;171557;18875;0;0;0;0
97;1;4;171557;18875;0;0;0;0
98;2;4;171557;18875;0;0;0;0
99;3;4;171557;18875;0;0;0;0
100;4;4;171557;18875;0;0;0;0
101;5;4;171557;18869;0;0;-6;0
102;6;4;171557;18869;0;0;0;0
103;7;4;171557;18864;0;0;-5;0
104;8;4;171117;19304;0;-440;440;0
105;9;4;171117;19298;0;0;-6;0
106;10;4;170672;19743;0;-445;445;0
107;11;4;170672;19737;0;0;-6;0
108;12;4;170226;20183;0;-446;446;0
109;13;4;170226;20178;0;0;-5;0
110;14;4;170226;20178;0;0;0;0
111;15;4;170226;20170;0;0;-8;0
112;16;4;170226;20170;0;0;0;0
113;17;4;170226;20164;0;0;-6;0
114;18;4;170226;20164;0;0;0;0
115;19;4;170226;20164;0;0;0;0
116;20;4;170226;20164;0;0;0;0
117;21;4;170226;20164;0;0;0;0
118;22;4;170226;20164;0;0;0;0
119;23;4;170226;20164;0;0;0;0
120;0;5;170226;20164;0;0;0;0
121;1;5;170226;20164;0;0;0;0
122;2;5;170226;20164;0;0;0;0
123;3;5;170226;20164;0;0;0;0
124;4;5;170226;20164;0;0;0;0
125;5;5;170226;20158;0;0;-6;0
126;6;5;170226;20158;0;0;0;0
127;7;5;170226;20151;0;0;-7;0
128;8;5;170126;20251;0;-100;100;0
129;9;5;170126;20243;0;0;-8;0
130;10;5;170025;20344;0;-101;101;0
131;11;5;170025;20338;0;0;-6;0
132;12;5;169919;20444;0;-106;106;0
133;13;5;169919;20437;0;0;-7;0
134;14;5;169919;20437;0;0;0;0
135;15;5;169919;20431;0;0;-6;0
136;16;5;169919;20431;0;0;0;0
137;17;5;169919;20425;0;0;-6;0
138;18;5;169919;20425;0;0;0;0
139;19;5;169919;20425;0;0;0;0
140;20;5;169919;20425;0;0;0;0
141;21;5;169919;20425;0;0;0;0
142;22;5;169919;20425;0;0;0;0
143;23;5;169919;20425;0;0;0;0
144;0;6;169919;20425;0;0;0;0
145;1;6;169919;20425;0;0;0;0
146;2;6;169919;20425;0;0;0;0
147;3;6;169919;20425;0;0;0;0
148;4;6;169919;20425;0;0;0;0
149;5;6;169919;20419;0;0;-6;0
150;6;6;169919;20419;0;0;0;0
151;7;6;169919;20413;0;0;-6;0
152;8;6;168553;21779;0;-1366;1366;0
153;9;6;168553;21773;0;0;-6;0
154;10;6;167185;23141;0;-1368;1368;0
155;11;6;167185;23131;0;0;-10;0
156;12;6;165809;24507;0;-1376;1376;0
157;13;6;165809;24499;0;0;-8;0
158;14;6;165809;24499;0;0;0;0
159;15;6;165809;24492;0;0;-7;0
160;16;6;165809;24492;0;0;0;0
161;17;6;165809;24485;0;0;-7;0
162;18;6;165809;24485;0;0;0;0
163;19;6;165809;24485;0;0;0;0
164;20;6;165809;24485;0;0;0;0
165;21;6;165809;24485;0;0;0;0
166;22;6;165809;24485;0;0;0;0
167;23;6;165809;24485;0;0;0;0
168;0;7;165809;24485;0;0;0;0
169;1;7;165809;24485;0;0;0;0
170;2;7;165809;24485;0;0;0;0
171;3;7;165809;24485;0;0;0;0
172;4;7;165809;24485;0;0;0;0
173;5;7;165809;24476;0;0;-9;0
174;6;7;165809;24476;0;0;0;0
175;7;7;165809;24468;0;0;-8;0
176;8;7;164557;25720;0;-1252;1252;0
177;9;7;164557;25712;0;0;-8;0
178;10;7;163304;26965;0;-1253;1253;0
179;11;7;163304;26954;0;0;-11;0
180;12;7;162044;28214;0;-1260;1260;0
181;13;7;162044;28206;0;0;-8;0
182;14;7;162044;28206;0;0;0;0
183;15;7;162044;28199;0;0;-7;0
184;16;7;162044;28199;0;0;0;0
185;17;7;162044;28190;0;0;-9;0
186;18;7;162044;28190;0;0;0;0
187;19;7;162044;28190;0;0;0;0
188;20;7;162044;28190;0;0;0;0
189;21;7;162044;28190;0;0;0;0
190;22;7;162044;28190;0;0;0;0
191;23;7;162044;28190;0;0;0;0
192;0;8;162044;28190;0;0;0;0
193;1;8;162044;28190;0;0;0;0
194;2;8;162044;28190;0;0;0;0
195;3;8;162044;28190;0;0;0;0
196;4;8;162044;28190;0;0;0;0
197;5;8;162044;28182;0;0;-8;0
198;6;8;162044;28182;0;0;0;0
199;7;8;162044;28174;0;0;-8;0
200;8;8;161119;29099;0;-925;925;0
201;9;8;161119;29091;0;0;-8;0
202;10;8;160191;30019;0;-928;928;0
203;11;8;160191;30010;0;0;-9;0
204;12;8;159259;30942;0;-932;932;0
205;13;8;159259;30933;0;0;-9;0
206;14;8;159259;30933;0;0;0;0
207;15;8;159259;30923;0;0;-10;0
208;16;8;159259;30923;0;0;0;0
209;17;8;159259;30914;0;0;-9;0
210;18;8;159259;30914;0;0;0;0
211;19;8;159259;30914;0;0;0;0
212;20;8;159259;30914;0;0;0;0
213;21;8;159259;30914;0;0;0;0
214;22;8;159259;30914;0;0;0;0
215;23;8;159259;30914;0;0;0;0
216;0;9;159259;30914;0;0;0;0
217;1;9;159259;30914;0;0;0;0
218;2;9;159259;30914;0;0;0;0
219;3;9;159259;30914;0;0;0;0
220;4;9;159259;30914;0;0;0;0
221;5;9;159259;30903;0;0;-11;0
222;6;9;159259;30903;0;0;0;0
223;7;9;159259;30895;0;0;-8;0
224;8;9;158085;32069;0;-1174;1174;0
225;9;9;158085;32058;0;0;-11;0
226;10;9;156908;33235;0;-1177;1177;0
227;11;9;156908;33222;0;0;-13;0
228;12;9;155727;34403;0;-1181;1181;0
229;13;9;155727;34389;0;0;-14;0
230;14;9;155727;34389;0;0;0;0
231;15;9;155727;34377;0;0;-12;0
232;16;9;155727;34377;0;0;0;0
233;17;9;155727;34364;0;0;-13;0
234;18;9;155727;34364;0;0;0;0
235;19;9;155727;34364;0;0;0;0
236;20;9;155727;34364;0;0;0;0
237;21;9;155727;34364;0;0;0;0
238;22;9;155727;34364;0;0;0;0
239;23;9;155727;34364;0;0;0;0
240;0;10;155727;34364;0;0;0;0
241;1;10;155727;34364;0;0;0;0
242;2;10;155727;34364;0;0;0;0
243;3;10;155727;34364;0;0;0;0
244;4;10;155727;34364;0;0;0;0
245;5;10;155727;34352;0;0;-12;0
246;6;10;155727;34352;0;0;0;0
247;7;10;155727;34337;0;0;-15;0
248;8;10;153651;36413;0;-2076;2076;0
249;9;10;153651;36400;0;0;-13;0
250;10;10;151571;38480;0;-2080;2080;0
251;11;10;151571;38462;0;0;-18;0
252;12;10;149484;40549;0;-2087;2087;0
253;13;10;149484;40529;0;0;-20;0
254;14;10;149484;40529;0;0;0;0
255;15;10;149484;40505;0;0;-24;0
256;16;10;149484;40505;0;0;0;0
257;17;10;149484;40485;0;0;-20;0
258;18;10;149484;40485;0;0;0;0
259;19;10;149484;40485;0;0;0;0
260;20;10;149484;40485;0;0;0;0
261;21;10;149484;40485;0;0;0;0
262;22;10;149484;40485;0;0;0;0
263;23;10;149484;40485;0;0;0;0
264;0;11;149484;40485;0;0;0;0
265;1;11;149484;40485;0;0;0;0
266;2;11;149484;40485;0;0;0;0
267;3;11;149484;40485;0;0;0;0
268;4;11;149484;40485;0;0;0;0
269;5;11;149484;40463;0;0;-22;0
270;6;11;149484;40463;0;0;0;0
271;7;11;149484;40441;0;0;-22;0
272;8;11;148805;41120;0;-679;679;0
273;9;11;148805;41099;0;0;-21;0
274;10;11;148124;41780;0;-681;681;0
275;11;11;148124;41755;0;0;-25;0
276;12;11;147438;42441;0;-686;686;0
277;13;11;147438;42414;0;0;-27;0
278;14;11;147438;42414;0;0;0;0
279;15;11;147438;42388;0;0;-26;0
280;16;11;147438;42388;0;0;0;0
281;17;11;147438;42363;0;0;-25;0
282;18;11;147438;42363;0;0;0;0
283;19;11;147438;42363;0;0;0;0
284;20;11;147438;42363;0;0;0;0
285;21;11;147438;42363;0;0;0;0
286;22;11;147438;42363;0;0;0;0
287;23;11;147438;42363;0;0;0;0
288;0;12;147438;42363;0;0;0;0
289;1;12;147438;42363;0;0;0;0
290;2;12;147438;42363;0;0;0;0
291;3;12;147438;42363;0;0;0;0
292;4;12;147438;42363;0;0;0;0
293;5;12;147438;42337;0;0;-26;0
294;6;12;147438;42337;0;0;0;0
295;7;12;147438;42312;0;0;-25;0
296;8;12;147438;42312;0;0;0;0
297;9;12;147438;42284;0;0;-28;0
298;10;12;147438;42284;0;0;0;0
299;11;12;147438;42259;0;0;-25;0
300;12;12;147438;42259;0;0;0;0
301;13;12;147438;42231;0;0;-28;0
302;14;12;147438;42231;0;0;0;0
303;15;12;147438;42200;0;0;-31;0
304;16;12;147438;42200;0;0;0;0
305;17;12;147438;42170;0;0;-30;0
306;18;12;147438;42170;0;0;0;0
307;19;12;147438;42170;0;0;0;0
308;20;12;147438;42170;0;0;0;0
309;21;12;147438;42170;0;0;0;0
310;22;12;147438;42170;0;0;0;0
311;23;12;147438;42170;0;0;0;0
312;0;13;147438;42170;0;0;0;0
313;1;13;147438;42170;0;0;0;0
314;2;13;147438;42170;0;0;0;0
315;3;13;147438;42170;0;0;0;0
316;4;13;147438;42170;0;0;0;0
317;5;13;147438;42141;0;0;-29;0
318;6;13;147438;42141;0;0;0;0
319;7;13;147438;42113;0;0;-28;0
320;8;13;146144;43407;0;-1294;1294;0
321;9;13;146144;43373;0;0;-34;0
322;10;13;144847;44670;0;-1297;1297;0
323;11;13;144847;44635;0;0;-35;0
324;12;13;143546;45936;0;-1301;1301;0
325;13;13;143546;45899;0;0;-37;0
326;14;13;143546;45899;0;0;0;0
327;15;13;143546;45862;0;0;-37;0
328;16;13;143546;45862;0;0;0;0
329;17;13;143546;45824;0;0;-38;0
330;18;13;143546;45824;0;0;0;0
331;19;13;143546;45824;0;0;0;0
332;20;13;143546;45824;0;0;0;0
333;21;13;143546;45824;0;0;0;0
334;22;13;143546;45824;0;0;0;0
335;23;13;143546;45824;0;0;0;0
336;0;14;143546;45824;0;0;0;0
337;1;14;143546;45824;0;0;0;0
338;2;14;143546;45824;0;0;0;0
339;3;14;143546;45824;0;0;0;0
340;4;14;143546;45824;0;0;0;0
341;5;14;143546;45784;0;0;-40;0
342;6;14;143546;45784;0;0;0;0
343;7;14;143546;45745;0;0;-39;0
344;8;14;143457;45834;0;-89;89;0
345;9;14;143457;45795;0;0;-39;0
346;10;14;143361;45891;0;-96;96;0
347;11;14;143361;45850;0;0;-41;0
348;12;14;143262;45949;0;-99;99;0
349;13;14;143262;45910;0;0;-39;0
350;14;14;143262;45910;0;0;0;0
351;15;14;143262;45873;0;0;-37;0
352;16;14;143262;45873;0;0;0;0
353;17;14;143262;45835;0;0;-38;0
354;18;14;143262;45835;0;0;0;0
355;19;14;143262;45835;0;0;0;0
356;20;14;143262;45835;0;0;0;0
357;21;14;143262;45835;0;0;0;0
358;22;14;143262;45835;0;0;0;0
359;23;14;143262;45835;0;0;0;0
360;0;15;143262;45835;0;0;0;0
361;1;15;143262;45835;0;0;0;0
362;2;15;143262;45835;0;0;0;0
363;3;15;143262;45835;0;0;0;0
364;4;15;143262;45835;0;0;0;0
365;5;15;143262;45797;0;0;-38;0
366;6;15;143262;45797;0;0;0;0
367;7;15;143262;45758;0;0;-39;0
368;8;15;142186;46834;0;-1076;1076;0
369;9;15;142186;46797;0;0;-37;0
370;10;15;141103;47880;0;-1083;1083;0
371;11;15;141103;47839;0;0;-41;0
372;12;15;140016;48926;0;-1087;1087;0
373;13;15;140016;48880;0;0;-46;0
374;14;15;140016;48880;0;0;0;0
375;15;15;140016;48837;0;0;-43;0
376;16;15;140016;48837;0;0;0;0
377;17;15;140016;48792;0;0;-45;0
378;18;15;140016;48792;0;0;0;0
379;19;15;140016;48792;0;0;0;0
380;20;15;140016;48792;0;0;0;0
381;21;15;140016;48792;0;0;0;0
382;22;15;140016;48792;0;0;0;0
383;23;15;140016;48792;0;0;0;0
384;0;16;140016;48792;0;0;0;0
385;1;16;140016;48792;0;0;0;0
386;2;16;140016;48792;0;0;0;0
387;3;16;140016;48792;0;0;0;0
388;4;16;140016;48792;0;0;0;0
389;5;16;140016;48751;0;0;-41;0
390;6;16;140016;48751;0;0;0;0
391;7;16;140016;48705;0;0;-46;0
392;8;16;138734;49987;0;-1282;1282;0
393;9;16;138734;49938;0;0;-49;0
394;10;16;137447;51225;0;-1287;1287;0
395;11;16;137447;51175;0;0;-50;0
396;12;16;136154;52468;0;-1293;1293;0
397;13;16;136154;52413;0;0;-55;0
398;14;16;136154;52413;0;0;0;0
399;15;16;136154;52357;0;0;-56;0
400;16;16;136154;52357;0;0;0;0
401;17;16;136154;52302;0;0;-55;0
402;18;16;136154;52302;0;0;0;0
403;19;16;136154;52302;0;0;0;0
404;20;16;136154;52302;0;0;0;0
405;21;16;136154;52302;0;0;0;0
406;22;16;136154;52302;0;0;0;0
407;23;16;136154;52302;0;0;0;0
408;0;17;136154;52302;0;0;0;0
409;1;17;136154;52302;0;0;0;0
410;2;17;136154;52302;0;0;0;0
411;3;17;136154;52302;0;0;0;0
412;4;17;136154;52302;0;0;0;0
413;5;17;136154;52249;0;0;-53;0
414;6;17;136154;52249;0;0;0;0
415;7;17;136154;52195;0;0;-54;0
416;8;17;135236;53113;0;-918;918;0
417;9;17;135236;53057;0;0;-56;0
418;10;17;134314;53979;0;-922;922;0
419;11;17;134314;53920;0;0;-59;0
420;12;17;133389;54845;0;-925;925;0
421;13;17;133389;54785;0;0;-60;0
422;14;17;133389;54785;0;0;0;0
423;15;17;133389;54726;0;0;-59;0
424;16;17;133389;54726;0;0;0;0
425;17;17;133389;54665;0;0;-61;0
426;18;17;133389;54665;0;0;0;0
427;19;17;133389;54665;0;0;0;0
428;20;17;133389;54665;0;0;0;0
429;21;17;133389;54665;0;0;0;0
430;22;17;133389;54665;0;0;0;0
431;23;17;133389;54665;0;0;0;0
432;0;18;133389;54665;0;0;0;0
433;1;18;133389;54665;0;0;0;0
434;2;18;133389;54665;0;0;0;0
435;3;18;133389;54665;0;0;0;0
436;4;18;133389;54665;0;0;0;0
437;5;18;133389;54606;0;0;-59;0
438;6;18;133389;54606;0;0;0;0
439;7;18;133389;54548;0;0;-58;0
440;8;18;131191;56746;0;-2198;2198;0
441;9;18;131191;56683;0;0;-63;0
442;10;18;128988;58886;0;-2203;2203;0
443;11;18;128988;58822;0;0;-64;0
444;12;18;126781;61029;0;-2207;2207;0
445;13;18;126781;60963;0;0;-66;0
446;14;18;126781;60963;0;0;0;0
447;15;18;126781;60892;0;0;-71;0
448;16;18;126781;60892;0;0;0;0
449;17;18;126781;60819;0;0;-73;0
450;18;18;126781;60819;0;0;0;0
451;19;18;126781;60819;0;0;0;0
452;20;18;126781;60819;0;0;0;0
453;21;18;126781;60819;0;0;0;0
454;22;18;126781;60819;0;0;0;0
455;23;18;126781;60819;0;0;0;0
456;0;19;126781;60819;0;0;0;0
457;1;19;126781;60819;0;0;0;0
458;2;19;126781;60819;0;0;0;0
459;3;19;126781;60819;0;0;0;0
460;4;19;126781;60819;0;0;0;0
461;5;19;126781;60743;0;0;-76;0
462;6;19;126781;60743;0;0;0;0
463;7;19;126781;60662;0;0;-81;0
464;8;19;126781;60662;0;0;0;0
465;9;19;126781;60583;0;0;-79;0
466;10;19;126781;60583;0;0;0;0
467;11;19;126781;60503;0;0;-80;0
468;12;19;126781;60503;0;0;0;0
469;13;19;126781;60419;0;0;-84;0
470;14;19;126781;60419;0;0;0;0
471;15;19;126781;60338;0;0;-81;0
472;16;19;126781;60338;0;0;0;0
473;17;19;126781;60262;0;0;-76;0
474;18;19;126781;60262;0;0;0;0
475;19;19;126781;60262;0;0;0;0
476;20;19;126781;60262;0;0;0;0
477;21;19;126781;60262;0;0;0;0
478;22;19;126781;60262;0;0;0;0
479;23;19;126781;60262;0;0;0;0
480;0;20;126781;60262;0;0;0;0
481;1;20;126781;60262;0;0;0;0
482;2;20;126781;60262;0;0;0;0
483;3;20;126781;60262;0;0;0;0
484;4;20;126781;60262;0;0;0;0
485;5;20;126781;60184;0;0;-78;0
486;6;20;126781;60184;0;0;0;0
487;7;20;126781;60110;0;0;-74;0
488;8;20;126056;60506;329;-725;396;329
489;9;20;126056;60431;329;0;-75;0
490;10;20;125325;61162;329;-731;731;0
491;11;20;125325;61085;329;0;-77;0
492;12;20;124590;61820;329;-735;735;0
493;13;20;124590;61742;328;0;-78;-1
494;14;20;124590;61742;328;0;0;0
495;15;20;124590;61668;328;0;-74;0
496;16;20;124590;61668;328;0;0;0
497;17;20;124590;61594;328;0;-74;0
498;18;20;124590;61594;328;0;0;0
499;19;20;124590;61594;328;0;0;0
500;20;20;124590;61594;328;0;0;0
501;21;20;124590;61594;328;0;0;0
502;22;20;124590;61594;328;0;0;0
503;23;20;124590;61594;328;0;0;0
504;0;21;124590;61594;328;0;0;0
505;1;21;124590;61594;328;0;0;0
506;2;21;124590;61594;328;0;0;0
507;3;21;124590;61594;328;0;0;0
508;4;21;124590;61594;328;0;0;0
509;5;21;124590;61521;328;0;-73;0
510;6;21;124590;61521;328;0;0;0
511;7;21;124590;61449;327;0;-72;-1
512;8;21;123718;57248;5400;-872;-4201;5073
513;9;21;123718;57239;5282;0;-9;-118
514;10;21;122844;58113;5282;-874;874;0
515;11;21;122844;58094;5185;0;-19;-97
516;12;21;121964;58974;5185;-880;880;0
517;13;21;121964;58929;5129;0;-45;-56
518;14;21;121964;58929;5129;0;0;0
519;15;21;121964;58863;5108;0;-66;-21
520;16;21;121964;58863;5108;0;0;0
521;17;21;121964;58794;5093;0;-69;-15
522;18;21;121964;58794;5093;0;0;0
523;19;21;121964;58794;5093;0;0;0
524;20;21;121964;58794;5093;0;0;0
525;21;21;121964;58794;5093;0;0;0
526;22;21;121964;58794;5093;0;0;0
527;23;21;121964;58794;5093;0;0;0
528;0;22;121964;58794;5093;0;0;0
529;1;22;121964;58794;5093;0;0;0
530;2;22;121964;58794;5093;0;0;0
531;3;22;121964;58794;5093;0;0;0
532;4;22;121964;58794;5093;0;0;0
533;5;22;121964;58721;5080;0;-73;-13
534;6;22;121964;58721;5080;0;0;0
535;7;22;121964;58659;5056;0;-62;-24
536;8;22;119720;54936;11023;-2244;-3723;5967
537;9;22;119720;54927;10886;0;-9;-137
538;10;22;117468;57179;10886;-2252;2252;0
539;11;22;117468;57165;10743;0;-14;-143
540;12;22;115214;59419;10743;-2254;2254;0
541;13;22;115214;59382;10635;0;-37;-108
542;14;22;115214;59382;10635;0;0;0
543;15;22;115214;59344;10521;0;-38;-114
544;16;22;115214;59344;10521;0;0;0
545;17;22;115214;59312;10402;0;-32;-119
546;18;22;115214;59312;10402;0;0;0
547;19;22;115214;59312;10402;0;0;0
548;20;22;115214;59312;10402;0;0;0
549;21;22;115214;59312;10402;0;0;0
550;22;22;115214;59312;10402;0;0;0
551;23;22;115214;59312;10402;0;0;0
552;0;23;115214;59312;10402;0;0;0
553;1;23;115214;59312;10402;0;0;0
554;2;23;115214;59312;10402;0;0;0
555;3;23;115214;59312;10402;0;0;0
556;4;23;115214;59312;10402;0;0;0
557;5;23;115214;59285;10280;0;-27;-122
558;6;23;115214;59285;10280;0;0;0
559;7;23;115214;59247;10168;0;-38;-112
560;8;23;112990;56300;15339;-2224;-2947;5171
561;9;23;112990;56278;15184;0;-22;-155
562;10;23;110762;58506;15184;-2228;2228;0
563;11;23;110762;58482;15012;0;-24;-172
564;12;23;108528;60716;15012;-2234;2234;0
565;13;23;108528;60687;14847;0;-29;-165
566;14;23;108528;60687;14847;0;0;0
567;15;23;108528;60662;14670;0;-25;-177
568;16;23;108528;60662;14670;0;0;0
569;17;23;108528;60635;14504;0;-27;-166
570;18;23;108528;60635;14504;0;0;0
571;19;23;108528;60635;14504;0;0;0
572;20;23;108528;60635;14504;0;0;0
573;21;23;108528;60635;14504;0;0;0
574;22;23;108528;60635;14504;0;0;0
575;23;23;108528;60635;14504;0;0;0
576;0;24;108528;60635;14504;0;0;0
577;1;24;108528;60635;14504;0;0;0
578;2;24;108528;60635;14504;0;0;0
579;3;24;108528;60635;14504;0;0;0
580;4;24;108528;60635;14504;0;0;0
581;5;24;108528;60604;14345;0;-31;-159
582;6;24;108528;60604;14345;0;0;0
583;7;24;108528;60573;14190;0;-31;-155
584;8;24;106497;61302;15492;-2031;729;1302
585;9;24;106497;61278;15310;0;-24;-182
586;10;24;104464;63311;15310;-2033;2033;0
587;11;24;104464;63285;15119;0;-26;-191
588;12;24;102424;65325;15119;-2040;2040;0
589;13;24;102424;65295;14925;0;-30;-194
590;14;24;102424;65295;14925;0;0;0
591;15;24;102424;65267;14728;0;-28;-197
592;16;24;102424;65267;14728;0;0;0
593;17;24;102424;65236;14539;0;-31;-189
594;18;24;102424;65236;14539;0;0;0
595;19;24;102424;65236;14539;0;0;0
596;20;24;102424;65236;14539;0;0;0
597;21;24;102424;65236;14539;0;0;0
598;22;24;102424;65236;14539;0;0;0
599;23;24;102424;65236;14539;0;0;0
600;0;25;102424;65236;14539;0;0;0
601;1;25;102424;65236;14539;0;0;0
602;2;25;102424;65236;14539;0;0;0
603;3;25;102424;65236;14539;0;0;0
604;4;25;102424;65236;14539;0;0;0
605;5;25;102424;65198;14366;0;-38;-173
606;6;25;102424;65198;14366;0;0;0
607;7;25;102424;65155;14206;0;-43;-160
608;8;25;102022;65250;14513;-402;95;307
609;9;25;102022;65224;14318;0;-26;-195
610;10;25;101615;65631;14318;-407;407;0
611;11;25;101615;65599;14145;0;-32;-173
612;12;25;101201;66013;14145;-414;414;0
613;13;25;101201;65974;13983;0;-39;-162
614;14;25;101201;65974;13983;0;0;0
615;15;25;101201;65928;13843;0;-46;-140
616;16;25;101201;65928;13843;0;0;0
617;17;25;101201;65876;13711;0;-52;-132
618;18;25;101201;65876;13711;0;0;0
619;19;25;101201;65876;13711;0;0;0
620;20;25;101201;65876;13711;0;0;0
621;21;25;101201;65876;13711;0;0;0
622;22;25;101201;65876;13711;0;0;0
623;23;25;101201;65876;13711;0;0;0
624;0;26;101201;65876;13711;0;0;0
625;1;26;101201;65876;13711;0;0;0
626;2;26;101201;65876;13711;0;0;0
627;3;26;101201;65876;13711;0;0;0
628;4;26;101201;65876;13711;0;0;0
629;5;26;101201;65828;13576;0;-48;-135
630;6;26;101201;65828;13576;0;0;0
631;7;26;101201;65775;13448;0;-53;-128
632;8;26;101201;61913;17310;0;-3862;3862
633;9;26;101201;61898;17110;0;-15;-200
634;10;26;101201;61898;17110;0;0;0
635;11;26;101201;61883;16914;0;-15;-196
636;12;26;101201;61883;16914;0;0;0
637;13;26;101201;61868;16719;0;-15;-195
638;14;26;101201;61868;16719;0;0;0
639;15;26;101201;61853;16527;0;-15;-192
640;16;26;101201;61853;16527;0;0;0
641;17;26;101201;61838;16335;0;-15;-192
642;18;26;101201;61838;16335;0;0;0
643;19;26;101201;61838;16335;0;0;0
644;20;26;101201;61838;16335;0;0;0
645;21;26;101201;61838;16335;0;0;0
646;22;26;101201;61838;16335;0;0;0
647;23;26;101201;61838;16335;0;0;0
648;0;27;101201;61838;16335;0;0;0
649;1;27;101201;61838;16335;0;0;0
650;2;27;101201;61838;16335;0;0;0
651;3;27;101201;61838;16335;0;0;0
652;4;27;101201;61838;16335;0;0;0
653;5;27;101201;61823;16147;0;-15;-188
654;6;27;101201;61823;16147;0;0;0
655;7;27;101201;61806;15971;0;-17;-176
656;8;27;100850;58580;19548;-351;-3226;3577
657;9;27;100850;58567;19361;0;-13;-187
658;10;27;100491;58926;19361;-359;359;0
659;11;27;100491;58912;19172;0;-14;-189
660;12;27;100132;59271;19172;-359;359;0
661;13;27;100132;59258;18982;0;-13;-190
662;14;27;100132;59258;18982;0;0;0
663;15;27;100132;59245;18797;0;-13;-185
664;16;27;100132;59245;18797;0;0;0
665;17;27;100132;59232;18609;0;-13;-188
666;18;27;100132;59232;18609;0;0;0
667;19;27;100132;59232;18609;0;0;0
668;20;27;100132;59232;18609;0;0;0
669;21;27;100132;59232;18609;0;0;0
670;22;27;100132;59232;18609;0;0;0
671;23;27;100132;59232;18609;0;0;0
672;0;28;100132;59232;18609;0;0;0
673;1;28;100132;59232;18609;0;0;0
674;2;28;100132;59232;18609;0;0;0
675;3;28;100132;59232;18609;0;0;0
676;4;28;100132;59232;18609;0;0;0
677;5;28;100132;59219;18426;0;-13;-183
678;6;28;100132;59219;18426;0;0;0
679;7;28;100132;59206;18248;0;-13;-178
680;8;28;98906;57751;20929;-1226;-1455;2681
681;9;28;98906;57738;20738;0;-13;-191
682;10;28;97675;58969;20738;-1231;1231;0
683;11;28;97675;58956;20542;0;-13;-196
684;12;28;96443;60188;20542;-1232;1232;0
685;13;28;96443;60175;20339;0;-13;-203
686;14;28;96443;60175;20339;0;0;0
687;15;28;96443;60161;20136;0;-14;-203
688;16;28;96443;60161;20136;0;0;0
689;17;28;96443;60148;19937;0;-13;-199
690;18;28;96443;60148;19937;0;0;0
691;19;28;96443;60148;19937;0;0;0
692;20;28;96443;60148;19937;0;0;0
693;21;28;96443;60148;19937;0;0;0
694;22;28;96443;60148;19937;0;0;0
695;23;28;96443;60148;19937;0;0;0
696;0;29;96443;60148;19937;0;0;0
697;1;29;96443;60148;19937;0;0;0
698;2;29;96443;60148;19937;0;0;0
699;3;29;96443;60148;19937;0;0;0
700;4;29;96443;60148;19937;0;0;0
701;5;29;96443;60135;19740;0;-13;-197
702;6;29;96443;60135;19740;0;0;0
703;7;29;96443;60122;19547;0;-13;-193
704;8;29;95647;57547;22918;-796;-2575;3371
705;9;29;95647;57535;22717;0;-12;-201
706;10;29;94846;58336;22717;-801;801;0
707;11;29;94846;58324;22513;0;-12;-204
708;12;29;94042;59128;22513;-804;804;0
709;13;29;94042;59115;22301;0;-13;-212
710;14;29;94042;59115;22301;0;0;0
711;15;29;94042;59103;22095;0;-12;-206
712;16;29;94042;59103;22095;0;0;0
713;17;29;94042;59090;21890;0;-13;-205
714;18;29;94042;59090;21890;0;0;0
715;19;29;94042;59090;21890;0;0;0
716;20;29;94042;59090;21890;0;0;0
717;21;29;94042;59090;21890;0;0;0
718;22;29;94042;59090;21890;0;0;0
719;23;29;94042;59090;21890;0;0;0
720;0;30;94042;59090;21890;0;0;0
721;1;30;94042;59090;21890;0;0;0
722;2;30;94042;59090;21890;0;0;0
723;3;30;94042;59090;21890;0;0;0
724;4;30;94042;59090;21890;0;0;0
725;5;30;94042;59078;21690;0;-12;-200
726;6;30;94042;59078;21690;0;0;0
727;7;30;94042;59066;21489;0;-12;-201
728;8;30;93400;54307;26890;-642;-4759;5401
729;9;30;93400;54296;26687;0;-11;-203
730;10;30;92756;54940;26687;-644;644;0
731;11;30;92756;54929;26483;0;-11;-204
732;12;30;92107;55578;26483;-649;649;0
733;13;30;92107;55566;26269;0;-12;-214
734;14;30;92107;55566;26269;0;0;0
735;15;30;92107;55554;26061;0;-12;-208
736;16;30;92107;55554;26061;0;0;0
737;17;30;92107;55542;25857;0;-12;-204
738;18;30;92107;55542;25857;0;0;0
739;19;30;92107;55542;25857;0;0;0
740;20;30;92107;55542;25857;0;0;0
741;21;30;92107;55542;25857;0;0;0
742;22;30;92107;55542;25857;0;0;0
743;23;30;92107;55542;25857;0;0;0
744;0;31;92107;55542;25857;0;0;0
745;1;31;92107;55542;25857;0;0;0
746;2;31;92107;55542;25857;0;0;0
747;3;31;92107;55542;25857;0;0;0
748;4;31;92107;55542;25857;0;0;0
749;5;31;92107;55532;25653;0;-10;-204
750;6;31;92107;55532;25653;0;0;0
751;7;31;92107;55521;25453;0;-11;-200
752;8;31;91694;53902;27485;-413;-1619;2032
753;9;31;91694;53892;27282;0;-10;-203
754;10;31;91279;54307;27282;-415;415;0
755;11;31;91279;54296;27079;0;-11;-203
756;12;31;90861;54714;27079;-418;418;0
757;13;31;90861;54704;26875;0;-10;-204
758;14;31;90861;54704;26875;0;0;0
759;15;31;90861;54693;26676;0;-11;-199
760;16;31;90861;54693;26676;0;0;0
761;17;31;90861;54683;26473;0;-10;-203
762;18;31;90861;54683;26473;0;0;0
763;19;31;90861;54683;26473;0;0;0
764;20;31;90861;54683;26473;0;0;0
765;21;31;90861;54683;26473;0;0;0
766;22;31;90861;54683;26473;0;0;0
767;23;31;90861;54683;26473;0;0;0
768;0;32;90861;54683;26473;0;0;0
769;1;32;90861;54683;26473;0;0;0
770;2;32;90861;54683;26473;0;0;0
771;3;32;90861;54683;26473;0;0;0
772;4;32;90861;54683;26473;0;0;0
773;5;32;90861;54673;26278;0;-10;-195
774;6;32;90861;54673;26278;0;0;0
775;7;32;90861;54663;26081;0;-10;-197
776;8;32;90861;54663;26081;0;0;0
777;9;32;90861;54653;25889;0;-10;-192
778;10;32;90861;54653;25889;0;0;0
779;11;32;90861;54643;25700;0;-10;-189
780;12;32;90861;54643;25700;0;0;0
781;13;32;90861;54633;25511;0;-10;-189
782;14;32;90861;54633;25511;0;0;0
783;15;32;90861;54623;25324;0;-10;-187
784;16;32;90861;54623;25324;0;0;0
785;17;32;90861;54613;25144;0;-10;-180
786;18;32;90861;54613;25144;0;0;0
787;19;32;90861;54613;25144;0;0;0
788;20;32;90861;54613;25144;0;0;0
789;21;32;90861;54613;25144;0;0;0
790;22;32;90861;54613;25144;0;0;0
791;23;32;90861;54613;25144;0;0;0
792;0;33;90861;54613;25144;0;0;0
793;1;33;90861;54613;25144;0;0;0
794;2;33;90861;54613;25144;0;0;0
795;3;33;90861;54613;25144;0;0;0
796;4;33;90861;54613;25144;0;0;0
797;5;33;90861;54603;24960;0;-10;-184
798;6;33;90861;54603;24960;0;0;0
799;7;33;90861;54593;24781;0;-10;-179
800;8;33;90861;50911;28463;0;-3682;3682
801;9;33;90861;50902;28284;0;-9;-179
802;10;33;90861;50902;28284;0;0;0
803;11;33;90861;50893;28110;0;-9;-174
804;12;33;90861;50893;28110;0;0;0
805;13;33;90861;50884;27934;0;-9;-176
806;14;33;90861;50884;27934;0;0;0
807;15;33;90861;50875;27762;0;-9;-172
808;16;33;90861;50875;27762;0;0;0
809;17;33;90861;50867;27590;0;-8;-172
810;18;33;90861;50867;27590;0;0;0
811;19;33;90861;50867;27590;0;0;0
812;20;33;90861;50867;27590;0;0;0
813;21;33;90861;50867;27590;0;0;0
814;22;33;90861;50867;27590;0;0;0
815;23;33;90861;50867;27590;0;0;0
816;0;34;90861;50867;27590;0;0;0
817;1;34;90861;50867;27590;0;0;0
818;2;34;90861;50867;27590;0;0;0
819;3;34;90861;50867;27590;0;0;0
820;4;34;90861;50867;27590;0;0;0
821;5;34;90861;50859;27423;0;-8;-167
822;6;34;90861;50859;27423;0;0;0
823;7;34;90861;50851;27256;0;-8;-167
824;8;34;90512;50916;27540;-349;65;284
825;9;34;90512;50908;27374;0;-8;-166
826;10;34;90161;51259;27374;-351;351;0
827;11;34;90161;51251;27207;0;-8;-167
828;12;34;89803;51609;27207;-358;358;0
829;13;34;89803;51600;27037;0;-9;-170
830;14;34;89803;51600;27037;0;0;0
831;15;34;89803;51592;26873;0;-8;-164
832;16;34;89803;51592;26873;0;0;0
833;17;34;89803;51584;26708;0;-8;-165
834;18;34;89803;51584;26708;0;0;0
835;19;34;89803;51584;26708;0;0;0
836;20;34;89803;51584;26708;0;0;0
837;21;34;89803;51584;26708;0;0;0
838;22;34;89803;51584;26708;0;0;0
839;23;34;89803;51584;26708;0;0;0
840;0;35;89803;51584;26708;0;0;0
841;1;35;89803;51584;26708;0;0;0
842;2;35;89803;51584;26708;0;0;0
843;3;35;89803;51584;26708;0;0;0
844;4;35;89803;51584;26708;0;0;0
845;5;35;89803;51579;26544;0;-5;-164
846;6;35;89803;51579;26544;0;0;0
847;7;35;89803;51574;26379;0;-5;-165
848;8;35;89540;48742;29474;-263;-2832;3095
849;9;35;89540;48737;29313;0;-5;-161
850;10;35;89274;49003;29313;-266;266;0
851;11;35;89274;48998;29151;0;-5;-162
852;12;35;89005;49267;29151;-269;269;0
853;13;35;89005;49262;28988;0;-5;-163
854;14;35;89005;49262;28988;0;0;0
855;15;35;89005;49257;28829;0;-5;-159
856;16;35;89005;49257;28829;0;0;0
857;17;35;89005;49252;28672;0;-5;-157
858;18;35;89005;49252;28672;0;0;0
859;19;35;89005;49252;28672;0;0;0
860;20;35;89005;49252;28672;0;0;0
861;21;35;89005;49252;28672;0;0;0
862;22;35;89005;49252;28672;0;0;0
863;23;35;89005;49252;28672;0;0;0
864;0;36;89005;49252;28672;0;0;0
865;1;36;89005;49252;28672;0;0;0
866;2;36;89005;49252;28672;0;0;0
867;3;36;89005;49252;28672;0;0;0
868;4;36;89005;49252;28672;0;0;0
869;5;36;89005;49247;28515;0;-5;-157
870;6;36;89005;49247;28515;0;0;0
871;7;36;89005;49244;28359;0;-3;-156
872;8;36;88821;45777;32010;-184;-3467;3651
873;9;36;88821;45774;31854;0;-3;-156
874;10;36;88633;45962;31854;-188;188;0
875;11;36;88633;45959;31700;0;-3;-154
876;12;36;88441;46151;31700;-192;192;0
877;13;36;88441;46148;31545;0;-3;-155
878;14;36;88441;46148;31545;0;0;0
879;15;36;88441;46145;31393;0;-3;-152
880;16;36;88441;46145;31393;0;0;0
881;17;36;88441;46142;31243;0;-3;-150
882;18;36;88441;46142;31243;0;0;0
883;19;36;88441;46142;31243;0;0;0
884;20;36;88441;46142;31243;0;0;0
885;21;36;88441;46142;31243;0;0;0
886;22;36;88441;46142;31243;0;0;0
887;23;36;88441;46142;31243;0;0;0
888;0;37;88441;46142;31243;0;0;0
889;1;37;88441;46142;31243;0;0;0
890;2;37;88441;46142;31243;0;0;0
891;3;37;88441;46142;31243;0;0;0
892;4;37;88441;46142;31243;0;0;0
893;5;37;88441;46139;31095;0;-3;-148
894;6;37;88441;46139;31095;0;0;0
895;7;37;88441;46136;30948;0;-3;-147
896;8;37;88105;43787;33633;-336;-2349;2685
897;9;37;88105;43784;33486;0;-3;-147
898;10;37;87764;44125;33486;-341;341;0
899;11;37;87764;44122;33342;0;-3;-144
900;12;37;87418;44468;33342;-346;346;0
901;13;37;87418;44465;33192;0;-3;-150
902;14;37;87418;44465;33192;0;0;0
903;15;37;87418;44462;33048;0;-3;-144
904;16;37;87418;44462;33048;0;0;0
905;17;37;87418;44459;32903;0;-3;-145
906;18;37;87418;44459;32903;0;0;0
907;19;37;87418;44459;32903;0;0;0
908;20;37;87418;44459;32903;0;0;0
909;21;37;87418;44459;32903;0;0;0
910;22;37;87418;44459;32903;0;0;0
911;23;37;87418;44459;32903;0;0;0
912;0;38;87418;44459;32903;0;0;0
913;1;38;87418;44459;32903;0;0;0
914;2;38;87418;44459;32903;0;0;0
915;3;38;87418;44459;32903;0;0;0
916;4;38;87418;44459;32903;0;0;0
917;5;38;87418;44456;32760;0;-3;-143
918;6;38;87418;44456;32760;0;0;0
919;7;38;87418;44453;32622;0;-3;-138
920;8;38;86578;39306;38609;-840;-5147;5987
921;9;38;86578;39303;38466;0;-3;-143
922;10;38;85735;40146;38466;-843;843;0
923;11;38;85735;40143;38320;0;-3;-146
924;12;38;84888;40990;38320;-847;847;0
925;13;38;84888;40987;38174;0;-3;-146
926;14;38;84888;40987;38174;0;0;0
927;15;38;84888;40984;38026;0;-3;-148
928;16;38;84888;40984;38026;0;0;0
929;17;38;84888;40981;37882;0;-3;-144
930;18;38;84888;40981;37882;0;0;0
931;19;38;84888;40981;37882;0;0;0
932;20;38;84888;40981;37882;0;0;0
933;21;38;84888;40981;37882;0;0;0
934;22;38;84888;40981;37882;0;0;0
935;23;38;84888;40981;37882;0;0;0
936;0;39;84888;40981;37882;0;0;0
937;1;39;84888;40981;37882;0;0;0
938;2;39;84888;40981;37882;0;0;0
939;3;39;84888;40981;37882;0;0;0
940;4;39;84888;40981;37882;0;0;0
941;5;39;84888;40978;37739;0;-3;-143
942;6;39;84888;40978;37739;0;0;0
943;7;39;84888;40975;37598;0;-3;-141
944;8;39;84638;41225;37598;-250;250;0
945;9;39;84638;41222;37458;0;-3;-140
946;10;39;84384;41476;37458;-254;254;0
947;11;39;84384;41473;37318;0;-3;-140
948;12;39;84125;41732;37318;-259;259;0
949;13;39;84125;41729;37179;0;-3;-139
950;14;39;84125;41729;37179;0;0;0
951;15;39;84125;41726;37041;0;-3;-138
952;16;39;84125;41726;37041;0;0;0
953;17;39;84125;41723;36905;0;-3;-136
954;18;39;84125;41723;36905;0;0;0
955;19;39;84125;41723;36905;0;0;0
956;20;39;84125;41723;36905;0;0;0
957;21;39;84125;41723;36905;0;0;0
958;22;39;84125;41723;36905;0;0;0
959;23;39;84125;41723;36905;0;0;0
960;0;40;84125;41723;36905;0;0;0
961;1;40;84125;41723;36905;0;0;0
962;2;40;84125;41723;36905;0;0;0
963;3;40;84125;41723;36905;0;0;0
964;4;40;84125;41723;36905;0;0;0
965;5;40;84125;41720;36773;0;-3;-132
966;6;40;84125;41720;36773;0;0;0
967;7;40;84125;41717;36639;0;-3;-134
968;8;40;84125;39528;38828;0;-2189;2189
969;9;40;84125;39525;38698;0;-3;-130
970;10;40;84125;39525;38698;0;0;0
971;11;40;84125;39522;38566;0;-3;-132
972;12;40;84125;39522;38566;0;0;0
973;13;40;84125;39519;38440;0;-3;-126
974;14;40;84125;39519;38440;0;0;0
975;15;40;84125;39516;38312;0;-3;-128
976;16;40;84125;39516;38312;0;0;0
977;17;40;84125;39513;38186;0;-3;-126
978;18;40;84125;39513;38186;0;0;0
979;19;40;84125;39513;38186;0;0;0
980;20;40;84125;39513;38186;0;0;0
981;21;40;84125;39513;38186;0;0;0
982;22;40;84125;39513;38186;0;0;0
983;23;40;84125;39513;38186;0;0;0
984;0;41;84125;39513;38186;0;0;0
985;1;41;84125;39513;38186;0;0;0
986;2;41;84125;39513;38186;0;0;0
987;3;41;84125;39513;38186;0;0;0
988;4;41;84125;39513;38186;0;0;0
989;5;41;84125;39510;38065;0;-3;-121
990;6;41;84125;39510;38065;0;0;0
991;7;41;84125;39507;37939;0;-3;-126
992;8;41;83787;37230;40554;-338;-2277;2615
993;9;41;83787;37227;40431;0;-3;-123
994;10;41;83444;37570;40431;-343;343;0
995;11;41;83444;37567;40313;0;-3;-118
996;12;41;83095;37916;40313;-349;349;0
997;13;41;83095;37913;40190;0;-3;-123
998;14;41;83095;37913;40190;0;0;0
999;15;41;83095;37910;40070;0;-3;-120
1000;16;41;83095;37910;40070;0;0;0
1001;17;41;83095;37907;39950;0;-3;-120
1002;18;41;83095;37907;39950;0;0;0
1003;19;41;83095;37907;39950;0;0;0
1004;20;41;83095;37907;39950;0;0;0
1005;21;41;83095;37907;39950;0;0;0
1006;22;41;83095;37907;39950;0;0;0
1007;23;41;83095;37907;39950;0;0;0
1008;0;42;83095;37907;39950;0;0;0
1009;1;42;83095;37907;39950;0;0;0
1010;2;42;83095;37907;39950;0;0;0
1011;3;42;83095;37907;39950;0;0;0
1012;4;42;83095;37907;39950;0;0;0
1013;5;42;83095;37904;39832;0;-3;-118
1014;6;42;83095;37904;39832;0;0;0
1015;7;42;83095;37901;39717;0;-3;-115
1016;8;42;82123;32503;46087;-972;-5398;6370
1017;9;42;82123;32501;45967;0;-2;-120
1018;10;42;81146;33478;45967;-977;977;0
1019;11;42;81146;33476;45842;0;-2;-125
1020;12;42;80162;34460;45842;-984;984;0
1021;13;42;80162;34458;45719;0;-2;-123
1022;14;42;80162;34458;45719;0;0;0
1023;15;42;80162;34456;45596;0;-2;-123
1024;16;42;80162;34456;45596;0;0;0
1025;17;42;80162;34454;45474;0;-2;-122
1026;18;42;80162;34454;45474;0;0;0
1027;19;42;80162;34454;45474;0;0;0
1028;20;42;80162;34454;45474;0;0;0
1029;21;42;80162;34454;45474;0;0;0
1030;22;42;80162;34454;45474;0;0;0
1031;23;42;80162;34454;45474;0;0;0
1032;0;43;80162;34454;45474;0;0;0
1033;1;43;80162;34454;45474;0;0;0
1034;2;43;80162;34454;45474;0;0;0
1035;3;43;80162;34454;45474;0;0;0
1036;4;43;80162;34454;45474;0;0;0
1037;5;43;80162;34452;45355;0;-2;-119
1038;6;43;80162;34452;45355;0;0;0
1039;7;43;80162;34450;45235;0;-2;-120
1040;8;43;78940;29329;51578;-1222;-5121;6343
1041;9;43;78940;29328;51453;0;-1;-125
1042;10;43;77711;30557;51453;-1229;1229;0
1043;11;43;77711;30556;51327;0;-1;-126
1044;12;43;76481;31786;51327;-1230;1230;0
1045;13;43;76481;31785;51196;0;-1;-131
1046;14;43;76481;31785;51196;0;0;0
1047;15;43;76481;31784;51069;0;-1;-127
1048;16;43;76481;31784;51069;0;0;0
1049;17;43;76481;31783;50944;0;-1;-125
1050;18;43;76481;31783;50944;0;0;0
1051;19;43;76481;31783;50944;0;0;0
1052;20;43;76481;31783;50944;0;0;0
1053;21;43;76481;31783;50944;0;0;0
1054;22;43;76481;31783;50944;0;0;0
1055;23;43;76481;31783;50944;0;0;0
1056;0;44;76481;31783;50944;0;0;0
1057;1;44;76481;31783;50944;0;0;0
1058;2;44;76481;31783;50944;0;0;0
1059;3;44;76481;31783;50944;0;0;0
1060;4;44;76481;31783;50944;0;0;0
1061;5;44;76481;31782;50819;0;-1;-125
1062;6;44;76481;31782;50819;0;0;0
1063;7;44;76481;31781;50696;0;-1;-123
1064;8;44;75872;26552;56534;-609;-5229;5838
1065;9;44;75872;26552;56408;0;0;-126
1066;10;44;75261;27163;56408;-611;611;0
1067;11;44;75261;27163;56281;0;0;-127
1068;12;44;74643;27781;56281;-618;618;0
1069;13;44;74643;27781;56157;0;0;-124
1070;14;44;74643;27781;56157;0;0;0
1071;15;44;74643;27781;56034;0;0;-123
1072;16;44;74643;27781;56034;0;0;0
1073;17;44;74643;27781;55914;0;0;-120
1074;18;44;74643;27781;55914;0;0;0
1075;19;44;74643;27781;55914;0;0;0
1076;20;44;74643;27781;55914;0;0;0
1077;21;44;74643;27781;55914;0;0;0
1078;22;44;74643;27781;55914;0;0;0
1079;23;44;74643;27781;55914;0;0;0
1080;0;45;74643;27781;55914;0;0;0
1081;1;45;74643;27781;55914;0;0;0
1082;2;45;74643;27781;55914;0;0;0
1083;3;45;74643;27781;55914;0;0;0
1084;4;45;74643;27781;55914;0;0;0
1085;5;45;74643;27781;55793;0;0;-121
1086;6;45;74643;27781;55793;0;0;0
1087;7;45;74643;27781;55673;0;0;-120
1088;8;45;73567;27634;56896;-1076;-147;1223
1089;9;45;73567;27634;56775;0;0;-121
1090;10;45;72482;28719;56775;-1085;1085;0
1091;11;45;72482;28719;56651;0;0;-124
1092;12;45;71394;29807;56651;-1088;1088;0
1093;13;45;71394;29807;56528;0;0;-123
1094;14;45;71394;29807;56528;0;0;0
1095;15;45;71394;29807;56402;0;0;-126
1096;16;45;71394;29807;56402;0;0;0
1097;17;45;71394;29807;56279;0;0;-123
1098;18;45;71394;29807;56279;0;0;0
1099;19;45;71394;29807;56279;0;0;0
1100;20;45;71394;29807;56279;0;0;0
1101;21;45;71394;29807;56279;0;0;0
1102;22;45;71394;29807;56279;0;0;0
1103;23;45;71394;29807;56279;0;0;0
1104;0;46;71394;29807;56279;0;0;0
1105;1;46;71394;29807;56279;0;0;0
1106;2;46;71394;29807;56279;0;0;0
1107;3;46;71394;29807;56279;0;0;0
1108;4;46;71394;29807;56279;0;0;0
1109;5;46;71394;29807;56160;0;0;-119
1110;6;46;71394;29807;56160;0;0;0
1111;7;46;71394;29807;56041;0;0;-119
1112;8;46;71193;30008;56041;-201;201;0
1113;9;46;71193;30008;55924;0;0;-117
1114;10;46;70987;30214;55924;-206;206;0
1115;11;46;70987;30214;55804;0;0;-120
1116;12;46;70776;30425;55804;-211;211;0
1117;13;46;70776;30425;55690;0;0;-114
1118;14;46;70776;30425;55690;0;0;0
1119;15;46;70776;30425;55575;0;0;-115
1120;16;46;70776;30425;55575;0;0;0
1121;17;46;70776;30425;55461;0;0;-114
1122;18;46;70776;30425;55461;0;0;0
1123;19;46;70776;30425;55461;0;0;0
1124;20;46;70776;30425;55461;0;0;0
1125;21;46;70776;30425;55461;0;0;0
1126;22;46;70776;30425;55461;0;0;0
1127;23;46;70776;30425;55461;0;0;0
1128;0;47;70776;30425;55461;0;0;0
1129;1;47;70776;30425;55461;0;0;0
1130;2;47;70776;30425;55461;0;0;0
1131;3;47;70776;30425;55461;0;0;0
1132;4;47;70776;30425;55461;0;0;0
1133;5;47;70776;30425;55348;0;0;-113
1134;6;47;70776;30425;55348;0;0;0
1135;7;47;70776;30425;55238;0;0;-110
1136;8;47;70776;29356;56307;0;-1069;1069
1137;9;47;70776;29356;56197;0;0;-110
1138;10;47;70776;29356;56197;0;0;0
1139;11;47;70776;29356;56090;0;0;-107
1140;12;47;70776;29356;56090;0;0;0
1141;13;47;70776;29356;55983;0;0;-107
1142;14;47;70776;29356;55983;0;0;0
1143;15;47;70776;29356;55876;0;0;-107
1144;16;47;70776;29356;55876;0;0;0
1145;17;47;70776;29356;55770;0;0;-106
1146;18;47;70776;29356;55770;0;0;0
1147;19;47;70776;29356;55770;0;0;0
1148;20;47;70776;29356;55770;0;0;0
1149;21;47;70776;29356;55770;0;0;0
1150;22;47;70776;29356;55770;0;0;0
1151;23;47;70776;29356;55770;0;0;0
1152;0;48;70776;29356;55770;0;0;0
1153;1;48;70776;29356;55770;0;0;0
1154;2;48;70776;29356;55770;0;0;0
1155;3;48;70776;29356;55770;0;0;0
1156;4;48;70776;29356;55770;0;0;0
1157;5;48;70776;29356;55667;0;0;-103
1158;6;48;70776;29356;55667;0;0;0
1159;7;48;70776;29356;55564;0;0;-103
1160;8;48;70490;25953;59253;-286;-3403;3689
1161;9;48;70490;25953;59153;0;0;-100
1162;10;48;70200;26243;59153;-290;290;0
1163;11;48;70200;26243;59051;0;0;-102
1164;12;48;69904;26539;59051;-296;296;0
1165;13;48;69904;26539;58950;0;0;-101
1166;14;48;69904;26539;58950;0;0;0
1167;15;48;69904;26539;58852;0;0;-98
1168;16;48;69904;26539;58852;0;0;0
1169;17;48;69904;26539;58755;0;0;-97
1170;18;48;69904;26539;58755;0;0;0
1171;19;48;69904;26539;58755;0;0;0
1172;20;48;69904;26539;58755;0;0;0
1173;21;48;69904;26539;58755;0;0;0
1174;22;48;69904;26539;58755;0;0;0
1175;23;48;69904;26539;58755;0;0;0
1176;0;49;69904;26539;58755;0;0;0
1177;1;49;69904;26539;58755;0;0;0
1178;2;49;69904;26539;58755;0;0;0
1179;3;49;69904;26539;58755;0;0;0
1180;4;49;69904;26539;58755;0;0;0
1181;5;49;69904;26539;58658;0;0;-97
1182;6;49;69904;26539;58658;0;0;0
1183;7;49;69904;26539;58563;0;0;-95
1184;8;49;69660;24382;60964;-244;-2157;2401
1185;9;49;69660;24382;60869;0;0;-95
1186;10;49;69412;24630;60869;-248;248;0
1187;11;49;69412;24630;60774;0;0;-95
1188;12;49;69160;24882;60774;-252;252;0
1189;13;49;69160;24882;60678;0;0;-96
1190;14;49;69160;24882;60678;0;0;0
1191;15;49;69160;24882;60586;0;0;-92
1192;16;49;69160;24882;60586;0;0;0
1193;17;49;69160;24882;60495;0;0;-91
1194;18;49;69160;24882;60495;0;0;0
1195;19;49;69160;24882;60495;0;0;0
1196;20;49;69160;24882;60495;0;0;0
1197;21;49;69160;24882;60495;0;0;0
1198;22;49;69160;24882;60495;0;0;0
1199;23;49;69160;24882;60495;0;0;0
