scenario;environment;levy;flood;seed;node_type;population;requested;fulfilled;unmet;fulfillment_rate;trips;travelers;travelers_per_capita;traveler_distance;distance_per_requested_visit;mean_distance_per_traveler;occupancy_person_hours;occupancy_per_requested_visit;peak_hourly_occupancy
13_levy_off_flood_none;13;False;none;0;marketplace;131925;1055400.0;1055400.0;0.0;1.0;321280.0;1055400.0;8.0;95681757.46585552;90.65923580240243;90.65923580240243;1055400.0;1.0;2075.0
13_levy_off_flood_none;13;False;none;0;pharmacy;131925;263816.0;263816.0;0.0;1.0;206424.0;263816.0;1.9997422778093614;21416611.08969191;81.18010692942016;81.18010692942016;263816.0;1.0;685.0
13_levy_off_flood_none;13;False;none;0;restaurant;131925;1055400.0;1055400.0;0.0;1.0;222632.0;1055400.0;8.0;88994761.8836453;84.32325363240979;84.32325363240979;1055400.0;1.0;5367.0
13_levy_off_flood_pois;13;False;pois;0;marketplace;131925;1055400.0;1019718.0;35682.0;0.9661910176236498;309674.0;1019718.0;7.729528140989198;87019458.2505967;82.4516375313594;85.33678747516147;1019718.0;0.9661910176236498;2075.0
13_levy_off_flood_pois;13;False;pois;0;pharmacy;131925;263816.0;254175.0;9641.0;0.9634555902598781;198756.0;254175.0;1.9266628766344513;20105076.599542074;76.2087083404421;79.0993472982869;254175.0;0.9634555902598781;685.0
13_levy_off_flood_pois;13;False;pois;0;restaurant;131925;1055400.0;1017278.0;38122.0;0.9638790979723327;213975.0;1017278.0;7.711032783778662;83644857.34140934;79.25417599148128;82.2241878241831;1017278.0;0.9638790979723327;5367.0
13_levy_off_flood_homes;13;False;homes;0;marketplace;131925;1055400.0;1055400.0;0.0;1.0;321280.0;1055400.0;8.0;101809993.473026;96.46578877489672;96.46578877489672;1055400.0;1.0;2075.0
13_levy_off_flood_homes;13;False;homes;0;pharmacy;131925;263816.0;263816.0;0.0;1.0;206424.0;263816.0;1.9997422778093614;23375310.856089074;88.60459887227869;88.60459887227869;263816.0;1.0;685.0
13_levy_off_flood_homes;13;False;homes;0;restaurant;131925;1055400.0;1055400.0;0.0;1.0;222632.0;1055400.0;8.0;96410853.67293528;91.35006033061899;91.35006033061899;1055400.0;1.0;5367.0
13_levy_off_flood_both;13;False;both;0;marketplace;131925;1055400.0;1019718.0;35682.0;0.9661910176236498;309674.0;1019718.0;7.729528140989198;87323834.59962694;82.7400365734574;85.6352781843872;1019718.0;0.9661910176236498;2075.0
13_levy_off_flood_both;13;False;both;0;pharmacy;131925;263816.0;254175.0;9641.0;0.9634555902598781;198756.0;254175.0;1.9266628766344513;20239381.298522424;76.7177930774571;79.62774190428809;254175.0;0.9634555902598781;685.0
13_levy_off_flood_both;13;False;both;0;restaurant;131925;1055400.0;1017278.0;38122.0;0.9638790979723327;213975.0;1017278.0;7.711032783778662;84320228.70959674;79.89409580215722;82.8880883196105;1017278.0;0.9638790979723327;5367.0
13_levy_on_flood_none;13;True;none;0;marketplace;131925;1055400.0;1055400.0;0.0;1.0;321280.0;1055400.0;8.0;90095579.58914804;85.3662872741596;85.3662872741596;1055400.0;1.0;2075.0
13_levy_on_flood_none;13;True;none;0;pharmacy;131925;263816.0;263816.0;0.0;1.0;206424.0;263816.0;1.9997422778093614;20794476.982761268;78.82189474012671;78.82189474012671;263816.0;1.0;685.0
13_levy_on_flood_none;13;True;none;0;restaurant;131925;1055400.0;1055400.0;0.0;1.0;222632.0;1055400.0;8.0;83848743.5195891;79.44735978736887;79.44735978736887;1055400.0;1.0;5367.0
13_levy_on_flood_none;13;True;none;1;marketplace;131925;1055400.0;1055400.0;0.0;1.0;321280.0;1055400.0;8.0;90084269.07628101;85.35557047212527;85.35557047212527;1055400.0;1.0;2075.0
13_levy_on_flood_none;13;True;none;1;pharmacy;131925;263816.0;263816.0;0.0;1.0;206424.0;263816.0;1.9997422778093614;20789244.815509234;78.80206210203033;78.80206210203033;263816.0;1.0;685.0
13_levy_on_flood_none;13;True;none;1;restaurant;131925;1055400.0;1055400.0;0.0;1.0;222632.0;1055400.0;8.0;83830007.3846758;79.42960714864108;79.42960714864108;1055400.0;1.0;5367.0
13_levy_on_flood_none;13;True;none;2;marketplace;131925;1055400.0;1055400.0;0.0;1.0;321280.0;1055400.0;8.0;90077268.00334539;85.34893689913339;85.34893689913339;1055400.0;1.0;2075.0
13_levy_on_flood_none;13;True;none;2;pharmacy;131925;263816.0;263816.0;0.0;1.0;206424.0;263816.0;1.9997422778093614;20790226.76277024;78.80578419341602;78.80578419341602;263816.0;1.0;685.0
13_levy_on_flood_none;13;True;none;2;restaurant;131925;1055400.0;1055400.0;0.0;1.0;222632.0;1055400.0;8.0;83832209.92275989;79.43169407121461;79.43169407121461;1055400.0;1.0;5367.0
13_levy_on_flood_none;13;True;none;3;marketplace;131925;1055400.0;1055400.0;0.0;1.0;321280.0;1055400.0;8.0;90089246.99207166;85.36028708742813;85.36028708742813;1055400.0;1.0;2075.0
13_levy_on_flood_none;13;True;none;3;pharmacy;131925;263816.0;263816.0;0.0;1.0;206424.0;263816.0;1.9997422778093614;20791292.786335617;78.80982497777093;78.80982497777093;263816.0;1.0;685.0
13_levy_on_flood_none;13;True;none;3;restaurant;131925;1055400.0;1055400.0;0.0;1.0;222632.0;1055400.0;8.0;83835492.63472566;79.43480446724054;79.43480446724054;1055400.0;1.0;5367.0
13_levy_on_flood_none;13;True;none;4;marketplace;131925;1055400.0;1055400.0;0.0;1.0;321280.0;1055400.0;8.0;90083484.75727934;85.35482732355442;85.35482732355442;1055400.0;1.0;2075.0
13_levy_on_flood_none;13;True;none;4;pharmacy;131925;263816.0;263816.0;0.0;1.0;206424.0;263816.0;1.9997422778093614;20789873.645994008;78.80444569697822;78.80444569697822;263816.0;1.0;685.0
13_levy_on_flood_none;13;True;none;4;restaurant;131925;1055400.0;1055400.0;0.0;1.0;222632.0;1055400.0;8.0;83825584.76873015;79.42541668441363;79.42541668441363;1055400.0;1.0;5367.0
13_levy_on_flood_none;13;True;none;5;marketplace;131925;1055400.0;1055400.0;0.0;1.0;321280.0;1055400.0;8.0;90082934.62770702;85.354306071354;85.354306071354;1055400.0;1.0;2075.0
13_levy_on_flood_none;13;True;none;5;pharmacy;131925;263816.0;263816.0;0.0;1.0;206424.0;263816.0;1.9997422778093614;20789911.517426804;78.80458924942688;78.80458924942688;263816.0;1.0;685.0
13_levy_on_flood_none;13;True;none;5;restaurant;131925;1055400.0;1055400.0;0.0;1.0;222632.0;1055400.0;8.0;83827870.19020982;79.427582139672;79.427582139672;1055400.0;1.0;5367.0
13_levy_on_flood_none;13;True;none;6;marketplace;131925;1055400.0;1055400.0;0.0;1.0;321280.0;1055400.0;8.0;90094394.84107006;85.36516471581396;85.36516471581396;1055400.0;1.0;2075.0
13_levy_on_flood_none;13;True;none;6;pharmacy;131925;263816.0;263816.0;0.0;1.0;206424.0;263816.0;1.9997422778093614;20795213.18575588;78.82468533279209;78.82468533279209;263816.0;1.0;685.0
13_levy_on_flood_none;13;True;none;6;restaurant;131925;1055400.0;1055400.0;0.0;1.0;222632.0;1055400.0;8.0;83829320.50752392;79.4289563270077;79.4289563270077;1055400.0;1.0;5367.0
13_levy_on_flood_none;13;True;none;7;marketplace;131925;1055400.0;1055400.0;0.0;1.0;321280.0;1055400.0;8.0;90089467.28536572;85.36049581709847;85.36049581709847;1055400.0;1.0;2075.0
13_levy_on_flood_none;13;True;none;7;pharmacy;131925;263816.0;263816.0;0.0;1.0;206424.0;263816.0;1.9997422778093614;20789713.773714114;78.80383969779739;78.80383969779739;263816.0;1.0;685.0
13_levy_on_flood_none;13;True;none;7;restaurant;131925;1055400.0;1055400.0;0.0;1.0;222632.0;1055400.0;8.0;83830019.68198006;79.4296188004359;79.4296188004359;1055400.0;1.0;5367.0
13_levy_on_flood_none;13;True;none;8;marketplace;131925;1055400.0;1055400.0;0.0;1.0;321280.0;1055400.0;8.0;90084323.17701793;85.35562173300922;85.35562173300922;1055400.0;1.0;2075.0
13_levy_on_flood_none;13;True;none;8;pharmacy;131925;263816.0;263816.0;0.0;1.0;206424.0;263816.0;1.9997422778093614;20791155.260912176;78.8093036848113;78.8093036848113;263816.0;1.0;685.0
13_levy_on_flood_none;13;True;none;8;restaurant;131925;1055400.0;1055400.0;0.0;1.0;222632.0;1055400.0;8.0;83835147.48427226;79.43447743440616;79.43447743440616;1055400.0;1.0;5367.0
13_levy_on_flood_none;13;True;none;9;marketplace;131925;1055400.0;1055400.0;0.0;1.0;321280.0;1055400.0;8.0;90079584.98339073;85.3511322563869;85.3511322563869;1055400.0;1.0;2075.0
13_levy_on_flood_none;13;True;none;9;pharmacy;131925;263816.0;263816.0;0.0;1.0;206424.0;263816.0;1.9997422778093614;20791017.766281456;78.8087825085721;78.8087825085721;263816.0;1.0;685.0
13_levy_on_flood_none;13;True;none;9;restaurant;131925;1055400.0;1055400.0;0.0;1.0;222632.0;1055400.0;8.0;83830853.07559118;79.43040844759444;79.43040844759444;1055400.0;1.0;5367.0
13_levy_on_flood_none;13;True;none;10;marketplace;131925;1055400.0;1055400.0;0.0;1.0;321280.0;1055400.0;8.0;90077621.94762745;85.34927226419126;85.34927226419126;1055400.0;1.0;2075.0
13_levy_on_flood_none;13;True;none;10;pharmacy;131925;263816.0;263816.0;0.0;1.0;206424.0;263816.0;1.9997422778093614;20791860.549715042;78.81197709659399;78.81197709659399;263816.0;1.0;685.0
13_levy_on_flood_none;13;True;none;10;restaurant;131925;1055400.0;1055400.0;0.0;1.0;222632.0;1055400.0;8.0;83828111.6097219;79.42781088660404;79.42781088660404;1055400.0;1.0;5367.0
13_levy_on_flood_none;13;True;none;11;marketplace;131925;1055400.0;1055400.0;0.0;1.0;321280.0;1055400.0;8.0;90076728.395866;85.34842561670078;85.34842561670078;1055400.0;1.0;2075.0
13_levy_on_flood_none;13;True;none;11;pharmacy;131925;263816.0;263816.0;0.0;1.0;206424.0;263816.0;1.9997422778093614;20791303.48946615;78.8098655482084;78.8098655482084;263816.0;1.0;685.0
13_levy_on_flood_none;13;True;none;11;restaurant;131925;1055400.0;1055400.0;0.0;1.0;222632.0;1055400.0;8.0;83829082.4403198;79.42873075641445;79.42873075641445;1055400.0;1.0;5367.0
13_levy_on_flood_none;13;True;none;12;marketplace;131925;1055400.0;1055400.0;0.0;1.0;321280.0;1055400.0;8.0;90082890.32440256;85.35426409361622;85.35426409361622;1055400.0;1.0;2075.0
13_levy_on_flood_none;13;True;none;12;pharmacy;131925;263816.0;263816.0;0.0;1.0;206424.0;263816.0;1.9997422778093614;20788827.321433123;78.80047958210693;78.80047958210693;263816.0;1.0;685.0
13_levy_on_flood_none;13;True;none;12;restaurant;131925;1055400.0;1055400.0;0.0;1.0;222632.0;1055400.0;8.0;83828385.9891016;79.4280708632761;79.4280708632761;1055400.0;1.0;5367.0
13_levy_on_flood_none;13;True;none;13;marketplace;131925;1055400.0;1055400.0;0.0;1.0;321280.0;1055400.0;8.0;90094539.74151011;85.36530201014791;85.36530201014791;1055400.0;1.0;2075.0
13_levy_on_flood_none;13;True;none;13;pharmacy;131925;263816.0;263816.0;0.0;1.0;206424.0;263816.0;1.9997422778093614;20791459.81384076;78.81045809898096;78.81045809898096;263816.0;1.0;685.0
13_levy_on_flood_none;13;True;none;13;restaurant;131925;1055400.0;1055400.0;0.0;1.0;222632.0;1055400.0;8.0;83839576.9359125;79.4386743755093;79.4386743755093;1055400.0;1.0;5367.0
13_levy_on_flood_none;13;True;none;14;marketplace;131925;1055400.0;1055400.0;0.0;1.0;321280.0;1055400.0;8.0;90082673.51521133;85.35405866516139;85.35405866516139;1055400.0;1.0;2075.0
13_levy_on_flood_none;13;True;none;14;pharmacy;131925;263816.0;263816.0;0.0;1.0;206424.0;263816.0;1.9997422778093614;20789829.217265576;78.80427728896494;78.80427728896494;263816.0;1.0;685.0
13_levy_on_flood_none;13;True;none;14;restaurant;131925;1055400.0;1055400.0;0.0;1.0;222632.0;1055400.0;8.0;83829047.7584943;79.42869789510546;79.42869789510546;1055400.0;1.0;5367.0
13_levy_on_flood_none;13;True;none;15;marketplace;131925;1055400.0;1055400.0;0.0;1.0;321280.0;1055400.0;8.0;90090384.16114542;85.36136456428407;85.36136456428407;1055400.0;1.0;2075.0
13_levy_on_flood_none;13;True;none;15;pharmacy;131925;263816.0;263816.0;0.0;1.0;206424.0;263816.0;1.9997422778093614;20789995.887577724;78.80490905622753;78.80490905622753;263816.0;1.0;685.0
13_levy_on_flood_none;13;True;none;15;restaurant;131925;1055400.0;1055400.0;0.0;1.0;222632.0;1055400.0;8.0;83829397.36710194;79.42902915207688;79.42902915207688;1055400.0;1.0;5367.0
13_levy_on_flood_none;13;True;none;16;marketplace;131925;1055400.0;1055400.0;0.0;1.0;321280.0;1055400.0;8.0;90074997.92967393;85.34678598604692;85.34678598604692;1055400.0;1.0;2075.0
13_levy_on_flood_none;13;True;none;16;pharmacy;131925;263816.0;263816.0;0.0;1.0;206424.0;263816.0;1.9997422778093614;20792030.05278838;78.81261960149642;78.81261960149642;263816.0;1.0;685.0
13_levy_on_flood_none;13;True;none;16;restaurant;131925;1055400.0;1055400.0;0.0;1.0;222632.0;1055400.0;8.0;83834965.41457622;79.43430492190281;79.43430492190281;1055400.0;1.0;5367.0
13_levy_on_flood_none;13;True;none;17;marketplace;131925;1055400.0;1055400.0;0.0;1.0;321280.0;1055400.0;8.0;90076285.21068726;85.34800569517459;85.34800569517459;1055400.0;1.0;2075.0
13_levy_on_flood_none;13;True;none;17;pharmacy;131925;263816.0;263816.0;0.0;1.0;206424.0;263816.0;1.9997422778093614;20791297.52159022;78.80984292685137;78.80984292685137;263816.0;1.0;685.0
13_levy_on_flood_none;13;True;none;17;restaurant;131925;1055400.0;1055400.0;0.0;1.0;222632.0;1055400.0;8.0;83835146.04422975;79.43447606995427;79.43447606995427;1055400.0;1.0;5367.0
13_levy_on_flood_none;13;True;none;18;marketplace;131925;1055400.0;1055400.0;0.0;1.0;321280.0;1055400.0;8.0;90086695.78077076;85.35786979417355;85.35786979417355;1055400.0;1.0;2075.0
13_levy_on_flood_none;13;True;none;18;pharmacy;131925;263816.0;263816.0;0.0;1.0;206424.0;263816.0;1.9997422778093614;20790793.50588928;78.80793244492101;78.80793244492101;263816.0;1.0;685.0
13_levy_on_flood_none;13;True;none;18;restaurant;131925;1055400.0;1055400.0;0.0;1.0;222632.0;1055400.0;8.0;83835555.69541512;79.43486421775168;79.43486421775168;1055400.0;1.0;5367.0
13_levy_on_flood_none;13;True;none;19;marketplace;131925;1055400.0;1055400.0;0.0;1.0;321280.0;1055400.0;8.0;90080145.63335651;85.35166347674485;85.35166347674485;1055400.0;1.0;2075.0
13_levy_on_flood_none;13;True;none;19;pharmacy;131925;263816.0;263816.0;0.0;1.0;206424.0;263816.0;1.9997422778093614;20791724.499317702;78.81146139475128;78.81146139475128;263816.0;1.0;685.0
13_levy_on_flood_none;13;True;none;19;restaurant;131925;1055400.0;1055400.0;0.0;1.0;222632.0;1055400.0;8.0;83834449.17785673;79.43381578345341;79.43381578345341;1055400.0;1.0;5367.0
13_levy_on_flood_none;13;True;none;20;marketplace;131925;1055400.0;1055400.0;0.0;1.0;321280.0;1055400.0;8.0;90096487.93143322;85.36714793579043;85.36714793579043;1055400.0;1.0;2075.0
13_levy_on_flood_none;13;True;none;20;pharmacy;131925;263816.0;263816.0;0.0;1.0;206424.0;263816.0;1.9997422778093614;20791603.568494108;78.8110030039653;78.8110030039653;263816.0;1.0;685.0
13_levy_on_flood_none;13;True;none;20;restaurant;131925;1055400.0;1055400.0;0.0;1.0;222632.0;1055400.0;8.0;83832500.50634387;79.43196940150074;79.43196940150074;1055400.0;1.0;5367.0
13_levy_on_flood_none;13;True;none;21;marketplace;131925;1055400.0;1055400.0;0.0;1.0;321280.0;1055400.0;8.0;90171920.34350327;85.43862075374575;85.43862075374575;1055400.0;1.0;2075.0
13_levy_on_flood_none;13;True;none;21;pharmacy;131925;263816.0;263816.0;0.0;1.0;206424.0;263816.0;1.9997422778093614;20787957.87433604;78.79718392491752;78.79718392491752;263816.0;1.0;685.0
13_levy_on_flood_none;13;True;none;21;restaurant;131925;1055400.0;1055400.0;0.0;1.0;222632.0;1055400.0;8.0;83696765.57801658;79.30335946372615;79.30335946372615;1055400.0;1.0;5367.0
13_levy_on_flood_none;13;True;none;22;marketplace;131925;1055400.0;1055400.0;0.0;1.0;321280.0;1055400.0;8.0;90083606.27081405;85.35494245860721;85.35494245860721;1055400.0;1.0;2075.0
13_levy_on_flood_none;13;True;none;22;pharmacy;131925;263816.0;263816.0;0.0;1.0;206424.0;263816.0;1.9997422778093614;20788681.618577864;78.79992729242299;78.79992729242299;263816.0;1.0;685.0
13_levy_on_flood_none;13;True;none;22;restaurant;131925;1055400.0;1055400.0;0.0;1.0;222632.0;1055400.0;8.0;83827321.05318178;79.42706182791528;79.42706182791528;1055400.0;1.0;5367.0
13_levy_on_flood_none;13;True;none;23;marketplace;131925;1055400.0;1055400.0;0.0;1.0;321280.0;1055400.0;8.0;90085478.49113952;85.3567164024441;85.3567164024441;1055400.0;1.0;2075.0
13_levy_on_flood_none;13;True;none;23;pharmacy;131925;263816.0;263816.0;0.0;1.0;206424.0;263816.0;1.9997422778093614;20789753.91432551;78.80399185161441;78.80399185161441;263816.0;1.0;685.0
13_levy_on_flood_none;13;True;none;23;restaurant;131925;1055400.0;1055400.0;0.0;1.0;222632.0;1055400.0;8.0;83827690.37973213;79.42741176779622;79.42741176779622;1055400.0;1.0;5367.0
13_levy_on_flood_none;13;True;none;24;marketplace;131925;1055400.0;1055400.0;0.0;1.0;321280.0;1055400.0;8.0;90089705.27219231;85.36072131153337;85.36072131153337;1055400.0;1.0;2075.0
13_levy_on_flood_none;13;True;none;24;pharmacy;131925;263816.0;263816.0;0.0;1.0;206424.0;263816.0;1.9997422778093614;20791726.028821267;78.81146719236615;78.81146719236615;263816.0;1.0;685.0
13_levy_on_flood_none;13;True;none;24;restaurant;131925;1055400.0;1055400.0;0.0;1.0;222632.0;1055400.0;8.0;83832274.29755756;79.43175506685385;79.43175506685385;1055400.0;1.0;5367.0
13_levy_on_flood_none;13;True;none;25;marketplace;131925;1055400.0;1055400.0;0.0;1.0;321280.0;1055400.0;8.0;90088610.2792722;85.35968379692268;85.35968379692268;1055400.0;1.0;2075.0
13_levy_on_flood_none;13;True;none;25;pharmacy;131925;263816.0;263816.0;0.0;1.0;206424.0;263816.0;1.9997422778093614;20793744.522401165;78.81911833399478;78.81911833399478;263816.0;1.0;685.0
13_levy_on_flood_none;13;True;none;25;restaurant;131925;1055400.0;1055400.0;0.0;1.0;222632.0;1055400.0;8.0;83836277.18100342;79.43554783115731;79.43554783115731;1055400.0;1.0;5367.0
13_levy_on_flood_none;13;True;none;26;marketplace;131925;1055400.0;1055400.0;0.0;1.0;321280.0;1055400.0;8.0;90078226.72346203;85.34984529416528;85.34984529416528;1055400.0;1.0;2075.0
13_levy_on_flood_none;13;True;none;26;pharmacy;131925;263816.0;263816.0;0.0;1.0;206424.0;263816.0;1.9997422778093614;20788851.75979478;78.80057221622184;78.80057221622184;263816.0;1.0;685.0
13_levy_on_flood_none;13;True;none;26;restaurant;131925;1055400.0;1055400.0;0.0;1.0;222632.0;1055400.0;8.0;83829171.82512113;79.4288154492336;79.4288154492336;1055400.0;1.0;5367.0
13_levy_on_flood_none;13;True;none;27;marketplace;131925;1055400.0;1055400.0;0.0;1.0;321280.0;1055400.0;8.0;90085929.03048581;85.35714329210329;85.35714329210329;1055400.0;1.0;2075.0
13_levy_on_flood_none;13;True;none;27;pharmacy;131925;263816.0;263816.0;0.0;1.0;206424.0;263816.0;1.9997422778093614;20789788.478717953;78.80412286865828;78.80412286865828;263816.0;1.0;685.0
13_levy_on_flood_none;13;True;none;27;restaurant;131925;1055400.0;1055400.0;0.0;1.0;222632.0;1055400.0;8.0;83829354.76073658;79.42898878220257;79.42898878220257;1055400.0;1.0;5367.0
13_levy_on_flood_none;13;True;none;28;marketplace;131925;1055400.0;1055400.0;0.0;1.0;321280.0;1055400.0;8.0;90083945.68020672;85.3552640517403;85.3552640517403;1055400.0;1.0;2075.0
13_levy_on_flood_none;13;True;none;28;pharmacy;131925;263816.0;263816.0;0.0;1.0;206424.0;263816.0;1.9997422778093614;20789255.5696459;78.80210286580761;78.80210286580761;263816.0;1.0;685.0
13_levy_on_flood_none;13;True;none;28;restaurant;131925;1055400.0;1055400.0;0.0;1.0;222632.0;1055400.0;8.0;83829470.4142702;79.42909836485713;79.42909836485713;1055400.0;1.0;5367.0
13_levy_on_flood_none;13;True;none;29;marketplace;131925;1055400.0;1055400.0;0.0;1.0;321280.0;1055400.0;8.0;90110672.55016783;85.38058797628182;85.38058797628182;1055400.0;1.0;2075.0
13_levy_on_flood_none;13;True;none;29;pharmacy;131925;263816.0;263816.0;0.0;1.0;206424.0;263816.0;1.9997422778093614;20793932.009276528;78.81982900687042;78.81982900687042;263816.0;1.0;685.0
13_levy_on_flood_none;13;True;none;29;restaurant;131925;1055400.0;1055400.0;0.0;1.0;222632.0;1055400.0;8.0;83845097.80575609;79.44390544415018;79.44390544415018;1055400.0;1.0;5367.0
13_levy_on_flood_pois;13;True;pois;0;marketplace;131925;1055400.0;1019718.0;35682.0;0.9661910176236498;309674.0;1019718.0;7.729528140989198;82714431.12234302;78.37258965543208;81.11500544497892;1019718.0;0.9661910176236498;2075.0
13_levy_on_flood_pois;13;True;pois;0;pharmacy;131925;263816.0;254175.0;9641.0;0.9634555902598781;198756.0;254175.0;1.9266628766344513;19535681.992430136;74.05040631512166;76.85917966924417;254175.0;0.9634555902598781;685.0
13_levy_on_flood_pois;13;True;pois;0;restaurant;131925;1055400.0;1017278.0;38122.0;0.9638790979723327;213975.0;1017278.0;7.711032783778662;78882069.42617323;74.74139608316584;77.54229367603862;1017278.0;0.9638790979723327;5367.0
13_levy_on_flood_pois;13;True;pois;1;marketplace;131925;1055400.0;1019718.0;35682.0;0.9661910176236498;309674.0;1019718.0;7.729528140989198;82707872.54056744;78.36637534637809;81.10857368465345;1019718.0;0.9661910176236498;2075.0
13_levy_on_flood_pois;13;True;pois;1;pharmacy;131925;263816.0;254175.0;9641.0;0.9634555902598781;198756.0;254175.0;1.9266628766344513;19530331.90210741;74.03012668718884;76.83813082367428;254175.0;0.9634555902598781;685.0
13_levy_on_flood_pois;13;True;pois;1;restaurant;131925;1055400.0;1017278.0;38122.0;0.9638790979723327;213975.0;1017278.0;7.711032783778662;78866144.45316863;74.72630704298714;77.52663918139253;1017278.0;0.9638790979723327;5367.0
13_levy_on_flood_pois;13;True;pois;2;marketplace;131925;1055400.0;1019718.0;35682.0;0.9661910176236498;309674.0;1019718.0;7.729528140989198;82698790.39261371;78.35776993804596;81.09966715563883;1019718.0;0.9661910176236498;2075.0
13_levy_on_flood_pois;13;True;pois;2;pharmacy;131925;263816.0;254175.0;9641.0;0.9634555902598781;198756.0;254175.0;1.9266628766344513;19531123.876007915;74.03312868062557;76.84124668440214;254175.0;0.9634555902598781;685.0
13_levy_on_flood_pois;13;True;pois;2;restaurant;131925;1055400.0;1017278.0;38122.0;0.9638790979723327;213975.0;1017278.0;7.711032783778662;78863885.71256985;74.72416686807831;77.52441880446628;1017278.0;0.9638790979723327;5367.0
13_levy_on_flood_pois;13;True;pois;3;marketplace;131925;1055400.0;1019718.0;35682.0;0.9661910176236498;309674.0;1019718.0;7.729528140989198;82718897.16922754;78.3768212708239;81.11938513317166;1019718.0;0.9661910176236498;2075.0
13_levy_on_flood_pois;13;True;pois;3;pharmacy;131925;263816.0;254175.0;9641.0;0.9634555902598781;198756.0;254175.0;1.9266628766344513;19536670.79839907;74.05415440458148;76.86306992583484;254175.0;0.9634555902598781;685.0
13_levy_on_flood_pois;13;True;pois;3;restaurant;131925;1055400.0;1017278.0;38122.0;0.9638790979723327;213975.0;1017278.0;7.711032783778662;78877277.92491286;74.73685609713175;77.53758355622834;1017278.0;0.9638790979723327;5367.0
13_levy_on_flood_pois;13;True;pois;4;marketplace;131925;1055400.0;1019718.0;35682.0;0.9661910176236498;309674.0;1019718.0;7.729528140989198;82704461.57796648;78.36314343184242;81.1052286788764;1019718.0;0.9661910176236498;2075.0
13_levy_on_flood_pois;13;True;pois;4;pharmacy;131925;263816.0;254175.0;9641.0;0.9634555902598781;198756.0;254175.0;1.9266628766344513;19530876.072034847;74.03218937454456;76.8402717499158;254175.0;0.9634555902598781;685.0
13_levy_on_flood_pois;13;True;pois;4;restaurant;131925;1055400.0;1017278.0;38122.0;0.9638790979723327;213975.0;1017278.0;7.711032783778662;78858948.1607458;74.71948849795888;77.51956511469412;1017278.0;0.9638790979723327;5367.0
13_levy_on_flood_pois;13;True;pois;5;marketplace;131925;1055400.0;1019718.0;35682.0;0.9661910176236498;309674.0;1019718.0;7.729528140989198;82702151.71820997;78.36095482111992;81.10296348422796;1019718.0;0.9661910176236498;2075.0
13_levy_on_flood_pois;13;True;pois;5;pharmacy;131925;263816.0;254175.0;9641.0;0.9634555902598781;198756.0;254175.0;1.9266628766344513;19530798.275693256;74.03189448590402;76.83996567598409;254175.0;0.9634555902598781;685.0
13_levy_on_flood_pois;13;True;pois;5;restaurant;131925;1055400.0;1017278.0;38122.0;0.9638790979723327;213975.0;1017278.0;7.711032783778662;78860029.96825063;74.72051351928239;77.52062854819492;1017278.0;0.9638790979723327;5367.0
13_levy_on_flood_pois;13;True;pois;6;marketplace;131925;1055400.0;1019718.0;35682.0;0.9661910176236498;309674.0;1019718.0;7.729528140989198;82714532.47557968;78.3726856884401;81.11510483837657;1019718.0;0.9661910176236498;2075.0
13_levy_on_flood_pois;13;True;pois;6;pharmacy;131925;263816.0;254175.0;9641.0;0.9634555902598781;198756.0;254175.0;1.9266628766344513;19535351.96751604;74.0491553488645;76.85788125313677;254175.0;0.9634555902598781;685.0
13_levy_on_flood_pois;13;True;pois;6;restaurant;131925;1055400.0;1017278.0;38122.0;0.9638790979723327;213975.0;1017278.0;7.711032783778662;78858979.39034736;74.71951808825787;77.51959581387523;1017278.0;0.9638790979723327;5367.0
13_levy_on_flood_pois;13;True;pois;7;marketplace;131925;1055400.0;1019718.0;35682.0;0.9661910176236498;309674.0;1019718.0;7.729528140989198;82710816.0471229;78.36916434254586;81.11146027345099;1019718.0;0.9661910176236498;2075.0
13_levy_on_flood_pois;13;True;pois;7;pharmacy;131925;263816.0;254175.0;9641.0;0.9634555902598781;198756.0;254175.0;1.9266628766344513;19531199.7354939;74.03341622757489;76.84154513816819;254175.0;0.9634555902598781;685.0
13_levy_on_flood_pois;13;True;pois;7;restaurant;131925;1055400.0;1017278.0;38122.0;0.9638790979723327;213975.0;1017278.0;7.711032783778662;78859013.30207708;74.71955021989491;77.51962914962978;1017278.0;0.9638790979723327;5367.0
13_levy_on_flood_pois;13;True;pois;8;marketplace;131925;1055400.0;1019718.0;35682.0;0.9661910176236498;309674.0;1019718.0;7.729528140989198;82705399.6754045;78.3640322867202;81.10614863658826;1019718.0;0.9661910176236498;2075.0
13_levy_on_flood_pois;13;True;pois;8;pharmacy;131925;263816.0;254175.0;9641.0;0.9634555902598781;198756.0;254175.0;1.9266628766344513;19531609.41394332;74.0349691222038;76.84315693495945;254175.0;0.9634555902598781;685.0
13_levy_on_flood_pois;13;True;pois;8;restaurant;131925;1055400.0;1017278.0;38122.0;0.9638790979723327;213975.0;1017278.0;7.711032783778662;78866023.62265404;74.72619255510142;77.52652040312877;1017278.0;0.9638790979723327;5367.0
13_levy_on_flood_pois;13;True;pois;9;marketplace;131925;1055400.0;1019718.0;35682.0;0.9661910176236498;309674.0;1019718.0;7.729528140989198;82708114.42181219;78.36660453080556;81.10881088870863;1019718.0;0.9661910176236498;2075.0
13_levy_on_flood_pois;13;True;pois;9;pharmacy;131925;263816.0;254175.0;9641.0;0.9634555902598781;198756.0;254175.0;1.9266628766344513;19531406.054633852;74.03419828453866;76.84235685899027;254175.0;0.9634555902598781;685.0
13_levy_on_flood_pois;13;True;pois;9;restaurant;131925;1055400.0;1017278.0;38122.0;0.9638790979723327;213975.0;1017278.0;7.711032783778662;78865212.97457922;74.72542445952172;77.5257235235395;1017278.0;0.9638790979723327;5367.0
13_levy_on_flood_pois;13;True;pois;10;marketplace;131925;1055400.0;1019718.0;35682.0;0.9661910176236498;309674.0;1019718.0;7.729528140989198;82704473.34576297;78.36315458192436;81.10524021912231;1019718.0;0.9661910176236498;2075.0
13_levy_on_flood_pois;13;True;pois;10;pharmacy;131925;263816.0;254175.0;9641.0;0.9634555902598781;198756.0;254175.0;1.9266628766344513;19533472.69594593;74.04203193114114;76.8504876401925;254175.0;0.9634555902598781;685.0
13_levy_on_flood_pois;13;True;pois;10;restaurant;131925;1055400.0;1017278.0;38122.0;0.9638790979723327;213975.0;1017278.0;7.711032783778662;78861806.79163752;74.72219707375169;77.52237519305197;1017278.0;0.9638790979723327;5367.0
13_levy_on_flood_pois;13;True;pois;11;marketplace;131925;1055400.0;1019718.0;35682.0;0.9661910176236498;309674.0;1019718.0;7.729528140989198;82700099.9775664;78.35901078033581;81.10095141751583;1019718.0;0.9661910176236498;2075.0
13_levy_on_flood_pois;13;True;pois;11;pharmacy;131925;263816.0;254175.0;9641.0;0.9634555902598781;198756.0;254175.0;1.9266628766344513;19532886.516089868;74.03981000428278;76.8481814344049;254175.0;0.9634555902598781;685.0
13_levy_on_flood_pois;13;True;pois;11;restaurant;131925;1055400.0;1017278.0;38122.0;0.9638790979723327;213975.0;1017278.0;7.711032783778662;78862108.9106342;74.72248333393425;77.52267218069613;1017278.0;0.9638790979723327;5367.0
13_levy_on_flood_pois;13;True;pois;12;marketplace;131925;1055400.0;1019718.0;35682.0;0.9661910176236498;309674.0;1019718.0;7.729528140989198;82704047.07206902;78.36275068416622;81.10482218816283;1019718.0;0.9661910176236498;2075.0
13_levy_on_flood_pois;13;True;pois;12;pharmacy;131925;263816.0;254175.0;9641.0;0.9634555902598781;198756.0;254175.0;1.9266628766344513;19529856.61975192;74.02832511959821;76.83626092161668;254175.0;0.9634555902598781;685.0
13_levy_on_flood_pois;13;True;pois;12;restaurant;131925;1055400.0;1017278.0;38122.0;0.9638790979723327;213975.0;1017278.0;7.711032783778662;78861065.76250486;74.72149494268037;77.52164674995907;1017278.0;0.9638790979723327;5367.0
13_levy_on_flood_pois;13;True;pois;13;marketplace;131925;1055400.0;1019718.0;35682.0;0.9661910176236498;309674.0;1019718.0;7.729528140989198;82714458.93557738;78.37261600869564;81.1150327203966;1019718.0;0.9661910176236498;2075.0
13_levy_on_flood_pois;13;True;pois;13;pharmacy;131925;263816.0;254175.0;9641.0;0.9634555902598781;198756.0;254175.0;1.9266628766344513;19532557.80254887;74.03856400881247;76.84688817762908;254175.0;0.9634555902598781;685.0
13_levy_on_flood_pois;13;True;pois;13;restaurant;131925;1055400.0;1017278.0;38122.0;0.9638790979723327;213975.0;1017278.0;7.711032783778662;78865970.00341536;74.72614175044093;77.52646769458826;1017278.0;0.9638790979723327;5367.0
13_levy_on_flood_pois;13;True;pois;14;marketplace;131925;1055400.0;1019718.0;35682.0;0.9661910176236498;309674.0;1019718.0;7.729528140989198;82705465.45292884;78.36409461145428;81.10621314219112;1019718.0;0.9661910176236498;2075.0
13_levy_on_flood_pois;13;True;pois;14;pharmacy;131925;263816.0;254175.0;9641.0;0.9634555902598781;198756.0;254175.0;1.9266628766344513;19531548.454852745;74.03473805551121;76.84291710377789;254175.0;0.9634555902598781;685.0
13_levy_on_flood_pois;13;True;pois;14;restaurant;131925;1055400.0;1017278.0;38122.0;0.9638790979723327;213975.0;1017278.0;7.711032783778662;78862858.64460473;74.72319371290953;77.52340918077923;1017278.0;0.9638790979723327;5367.0
13_levy_on_flood_pois;13;True;pois;15;marketplace;131925;1055400.0;1019718.0;35682.0;0.9661910176236498;309674.0;1019718.0;7.729528140989198;82718856.26931663;78.3767825178289;81.11934502413082;1019718.0;0.9661910176236498;2075.0
13_levy_on_flood_pois;13;True;pois;15;pharmacy;131925;263816.0;254175.0;9641.0;0.9634555902598781;198756.0;254175.0;1.9266628766344513;19531213.196144756;74.03346725045014;76.84159809636965;254175.0;0.9634555902598781;685.0
13_levy_on_flood_pois;13;True;pois;15;restaurant;131925;1055400.0;1017278.0;38122.0;0.9638790979723327;213975.0;1017278.0;7.711032783778662;78867467.62356286;74.72756075759224;77.52793987834481;1017278.0;0.9638790979723327;5367.0
13_levy_on_flood_pois;13;True;pois;16;marketplace;131925;1055400.0;1019718.0;35682.0;0.9661910176236498;309674.0;1019718.0;7.729528140989198;82700894.14204364;78.35976325757403;81.10173022545806;1019718.0;0.9661910176236498;2075.0
13_levy_on_flood_pois;13;True;pois;16;pharmacy;131925;263816.0;254175.0;9641.0;0.9634555902598781;198756.0;254175.0;1.9266628766344513;19533732.889572162;74.0430182004585;76.85151131925706;254175.0;0.9634555902598781;685.0
13_levy_on_flood_pois;13;True;pois;16;restaurant;131925;1055400.0;1017278.0;38122.0;0.9638790979723327;213975.0;1017278.0;7.711032783778662;78872935.99698873;74.73274208545455;77.53331537395749;1017278.0;0.9638790979723327;5367.0
13_levy_on_flood_pois;13;True;pois;17;marketplace;131925;1055400.0;1019718.0;35682.0;0.9661910176236498;309674.0;1019718.0;7.729528140989198;82697614.06728795;78.3566553603259;81.09851357658485;1019718.0;0.9661910176236498;2075.0
13_levy_on_flood_pois;13;True;pois;17;pharmacy;131925;263816.0;254175.0;9641.0;0.9634555902598781;198756.0;254175.0;1.9266628766344513;19532491.63366375;74.03831319428599;76.84662784956723;254175.0;0.9634555902598781;685.0
13_levy_on_flood_pois;13;True;pois;17;restaurant;131925;1055400.0;1017278.0;38122.0;0.9638790979723327;213975.0;1017278.0;7.711032783778662;78868409.3856663;74.72845308477004;77.5288656450511;1017278.0;0.9638790979723327;5367.0
13_levy_on_flood_pois;13;True;pois;18;marketplace;131925;1055400.0;1019718.0;35682.0;0.9661910176236498;309674.0;1019718.0;7.729528140989198;82708730.78588745;78.36718854073095;81.10941533432522;1019718.0;0.9661910176236498;2075.0
13_levy_on_flood_pois;13;True;pois;18;pharmacy;131925;263816.0;254175.0;9641.0;0.9634555902598781;198756.0;254175.0;1.9266628766344513;19531411.392696187;74.03421851857426;76.84237786051416;254175.0;0.9634555902598781;685.0
13_levy_on_flood_pois;13;True;pois;18;restaurant;131925;1055400.0;1017278.0;38122.0;0.9638790979723327;213975.0;1017278.0;7.711032783778662;78865379.09283176;74.72558185790389;77.52588682034975;1017278.0;0.9638790979723327;5367.0
13_levy_on_flood_pois;13;True;pois;19;marketplace;131925;1055400.0;1019718.0;35682.0;0.9661910176236498;309674.0;1019718.0;7.729528140989198;82704155.4666648;78.36285338891871;81.10492848676282;1019718.0;0.9661910176236498;2075.0
13_levy_on_flood_pois;13;True;pois;19;pharmacy;131925;263816.0;254175.0;9641.0;0.9634555902598781;198756.0;254175.0;1.9266628766344513;19533657.72532834;74.04273328883897;76.85121560078034;254175.0;0.9634555902598781;685.0
13_levy_on_flood_pois;13;True;pois;19;restaurant;131925;1055400.0;1017278.0;38122.0;0.9638790979723327;213975.0;1017278.0;7.711032783778662;78870672.18055932;74.73059710115531;77.53109000741127;1017278.0;0.9638790979723327;5367.0
13_levy_on_flood_pois;13;True;pois;20;marketplace;131925;1055400.0;1019718.0;35682.0;0.9661910176236498;309674.0;1019718.0;7.729528140989198;82712078.18255532;78.37036022603309;81.11269800332575;1019718.0;0.9661910176236498;2075.0
13_levy_on_flood_pois;13;True;pois;20;pharmacy;131925;263816.0;254175.0;9641.0;0.9634555902598781;198756.0;254175.0;1.9266628766344513;19532083.95398093;74.03676787602318;76.84502391651787;254175.0;0.9634555902598781;685.0
13_levy_on_flood_pois;13;True;pois;20;restaurant;131925;1055400.0;1017278.0;38122.0;0.9638790979723327;213975.0;1017278.0;7.711032783778662;78866317.95267725;74.72647143516889;77.52680973409161;1017278.0;0.9638790979723327;5367.0
13_levy_on_flood_pois;13;True;pois;21;marketplace;131925;1055400.0;1019718.0;35682.0;0.9661910176236498;309674.0;1019718.0;7.729528140989198;82795783.17582579;78.44967138130167;81.19478441669735;1019718.0;0.9661910176236498;2075.0
13_levy_on_flood_pois;13;True;pois;21;pharmacy;131925;263816.0;254175.0;9641.0;0.9634555902598781;198756.0;254175.0;1.9266628766344513;19528928.937348854;74.02480872027797;76.83261114330227;254175.0;0.9634555902598781;685.0
13_levy_on_flood_pois;13;True;pois;21;restaurant;131925;1055400.0;1017278.0;38122.0;0.9638790979723327;213975.0;1017278.0;7.711032783778662;78732959.48910783;74.60011321689201;77.39571630282758;1017278.0;0.9638790979723327;5367.0
13_levy_on_flood_pois;13;True;pois;22;marketplace;131925;1055400.0;1019718.0;35682.0;0.9661910176236498;309674.0;1019718.0;7.729528140989198;82705963.76161823;78.36456676295076;81.1067018152256;1019718.0;0.9661910176236498;2075.0
13_levy_on_flood_pois;13;True;pois;22;pharmacy;131925;263816.0;254175.0;9641.0;0.9634555902598781;198756.0;254175.0;1.9266628766344513;19529620.120095737;74.02742866276397;76.83533046167301;254175.0;0.9634555902598781;685.0
13_levy_on_flood_pois;13;True;pois;22;restaurant;131925;1055400.0;1017278.0;38122.0;0.9638790979723327;213975.0;1017278.0;7.711032783778662;78861042.86374754;74.72147324592338;77.52162424012663;1017278.0;0.9638790979723327;5367.0
13_levy_on_flood_pois;13;True;pois;23;marketplace;131925;1055400.0;1019718.0;35682.0;0.9661910176236498;309674.0;1019718.0;7.729528140989198;82707890.5526794;78.36639241299925;81.10859134847027;1019718.0;0.9661910176236498;2075.0
13_levy_on_flood_pois;13;True;pois;23;pharmacy;131925;263816.0;254175.0;9641.0;0.9634555902598781;198756.0;254175.0;1.9266628766344513;19532356.680690628;74.03780165225243;76.84609690445807;254175.0;0.9634555902598781;685.0
13_levy_on_flood_pois;13;True;pois;23;restaurant;131925;1055400.0;1017278.0;38122.0;0.9638790979723327;213975.0;1017278.0;7.711032783778662;78861731.4267991;74.7221256649603;77.52230110825074;1017278.0;0.9638790979723327;5367.0
13_levy_on_flood_pois;13;True;pois;24;marketplace;131925;1055400.0;1019718.0;35682.0;0.9661910176236498;309674.0;1019718.0;7.729528140989198;82711274.31258555;78.36959855276251;81.11190967756335;1019718.0;0.9661910176236498;2075.0
13_levy_on_flood_pois;13;True;pois;24;pharmacy;131925;263816.0;254175.0;9641.0;0.9634555902598781;198756.0;254175.0;1.9266628766344513;19531788.64704098;74.03564850896451;76.84386209124021;254175.0;0.9634555902598781;685.0
13_levy_on_flood_pois;13;True;pois;24;restaurant;131925;1055400.0;1017278.0;38122.0;0.9638790979723327;213975.0;1017278.0;7.711032783778662;78865238.50309838;74.72544864799923;77.52574861846848;1017278.0;0.9638790979723327;5367.0
13_levy_on_flood_pois;13;True;pois;25;marketplace;131925;1055400.0;1019718.0;35682.0;0.9661910176236498;309674.0;1019718.0;7.729528140989198;82720093.26276767;78.37795457908629;81.12055809818762;1019718.0;0.9661910176236498;2075.0
13_levy_on_flood_pois;13;True;pois;25;pharmacy;131925;263816.0;254175.0;9641.0;0.9634555902598781;198756.0;254175.0;1.9266628766344513;19538983.78914062;74.06292184378741;76.87216991891657;254175.0;0.9634555902598781;685.0
13_levy_on_flood_pois;13;True;pois;25;restaurant;131925;1055400.0;1017278.0;38122.0;0.9638790979723327;213975.0;1017278.0;7.711032783778662;78874231.359345;74.73396945171973;77.53458873517859;1017278.0;0.9638790979723327;5367.0
13_levy_on_flood_pois;13;True;pois;26;marketplace;131925;1055400.0;1019718.0;35682.0;0.9661910176236498;309674.0;1019718.0;7.729528140989198;82699555.85977699;78.3584952243481;81.10041782117898;1019718.0;0.9661910176236498;2075.0
13_levy_on_flood_pois;13;True;pois;26;pharmacy;131925;263816.0;254175.0;9641.0;0.9634555902598781;198756.0;254175.0;1.9266628766344513;19529869.49875608;74.02837393772964;76.83631159144716;254175.0;0.9634555902598781;685.0
13_levy_on_flood_pois;13;True;pois;26;restaurant;131925;1055400.0;1017278.0;38122.0;0.9638790979723327;213975.0;1017278.0;7.711032783778662;78863848.61981355;74.72413172239298;77.52438234171342;1017278.0;0.9638790979723327;5367.0
13_levy_on_flood_pois;13;True;pois;27;marketplace;131925;1055400.0;1019718.0;35682.0;0.9661910176236498;309674.0;1019718.0;7.729528140989198;82704230.30537523;78.36292429919958;81.10500187833816;1019718.0;0.9661910176236498;2075.0
13_levy_on_flood_pois;13;True;pois;27;pharmacy;131925;263816.0;254175.0;9641.0;0.9634555902598781;198756.0;254175.0;1.9266628766344513;19530322.660637677;74.03009165720682;76.83809446498545;254175.0;0.9634555902598781;685.0
13_levy_on_flood_pois;13;True;pois;27;restaurant;131925;1055400.0;1017278.0;38122.0;0.9638790979723327;213975.0;1017278.0;7.711032783778662;78862028.51143599;74.72240715504641;77.5225931470414;1017278.0;0.9638790979723327;5367.0
13_levy_on_flood_pois;13;True;pois;28;marketplace;131925;1055400.0;1019718.0;35682.0;0.9661910176236498;309674.0;1019718.0;7.729528140989198;82702251.38098149;78.3610492523986;81.10306121984851;1019718.0;0.9661910176236498;2075.0
13_levy_on_flood_pois;13;True;pois;28;pharmacy;131925;263816.0;254175.0;9641.0;0.9634555902598781;198756.0;254175.0;1.9266628766344513;19532365.44061097;74.03783485691153;76.84613136858846;254175.0;0.9634555902598781;685.0
13_levy_on_flood_pois;13;True;pois;28;restaurant;131925;1055400.0;1017278.0;38122.0;0.9638790979723327;213975.0;1017278.0;7.711032783778662;78862127.67825793;74.72250111640888;77.52269062956039;1017278.0;0.9638790979723327;5367.0
13_levy_on_flood_pois;13;True;pois;29;marketplace;131925;1055400.0;1019718.0;35682.0;0.9661910176236498;309674.0;1019718.0;7.729528140989198;82729435.90945718;78.38680681206858;81.12972008874726;1019718.0;0.9661910176236498;2075.0
13_levy_on_flood_pois;13;True;pois;29;pharmacy;131925;263816.0;254175.0;9641.0;0.9634555902598781;198756.0;254175.0;1.9266628766344513;19533695.379371192;74.04287601726655;76.85136374297706;254175.0;0.9634555902598781;685.0
13_levy_on_flood_pois;13;True;pois;29;restaurant;131925;1055400.0;1017278.0;38122.0;0.9638790979723327;213975.0;1017278.0;7.711032783778662;78871937.05647975;74.73179558127701;77.53233339999464;1017278.0;0.9638790979723327;5367.0
13_levy_on_flood_homes;13;True;homes;0;marketplace;131925;1055400.0;1055400.0;0.0;1.0;321280.0;1055400.0;8.0;96881916.44635718;91.79639610229029;91.79639610229029;1055400.0;1.0;2075.0
13_levy_on_flood_homes;13;True;homes;0;pharmacy;131925;263816.0;263816.0;0.0;1.0;206424.0;263816.0;1.9997422778093614;22709564.232771307;86.08107253832712;86.08107253832712;263816.0;1.0;685.0
13_levy_on_flood_homes;13;True;homes;0;restaurant;131925;1055400.0;1055400.0;0.0;1.0;222632.0;1055400.0;8.0;91684562.90747674;86.87186176565922;86.87186176565922;1055400.0;1.0;5367.0
13_levy_on_flood_homes;13;True;homes;1;marketplace;131925;1055400.0;1055400.0;0.0;1.0;321280.0;1055400.0;8.0;96823448.48594405;91.74099723890852;91.74099723890852;1055400.0;1.0;2075.0
13_levy_on_flood_homes;13;True;homes;1;pharmacy;131925;263816.0;263816.0;0.0;1.0;206424.0;263816.0;1.9997422778093614;22694762.45057862;86.02496607703331;86.02496607703331;263816.0;1.0;685.0
13_levy_on_flood_homes;13;True;homes;1;restaurant;131925;1055400.0;1055400.0;0.0;1.0;222632.0;1055400.0;8.0;91626205.38694975;86.81656754495901;86.81656754495901;1055400.0;1.0;5367.0
13_levy_on_flood_homes;13;True;homes;2;marketplace;131925;1055400.0;1055400.0;0.0;1.0;321280.0;1055400.0;8.0;96844118.92886776;91.76058265005473;91.76058265005473;1055400.0;1.0;2075.0
13_levy_on_flood_homes;13;True;homes;2;pharmacy;131925;263816.0;263816.0;0.0;1.0;206424.0;263816.0;1.9997422778093614;22702889.830019716;86.05577307676455;86.05577307676455;263816.0;1.0;685.0
13_levy_on_flood_homes;13;True;homes;2;restaurant;131925;1055400.0;1055400.0;0.0;1.0;222632.0;1055400.0;8.0;91664176.76168753;86.85254572833763;86.85254572833763;1055400.0;1.0;5367.0
13_levy_on_flood_homes;13;True;homes;3;marketplace;131925;1055400.0;1055400.0;0.0;1.0;321280.0;1055400.0;8.0;96821861.39922737;91.73949346146235;91.73949346146235;1055400.0;1.0;2075.0
13_levy_on_flood_homes;13;True;homes;3;pharmacy;131925;263816.0;263816.0;0.0;1.0;206424.0;263816.0;1.9997422778093614;22714616.54568769;86.10022343484735;86.10022343484735;263816.0;1.0;685.0
13_levy_on_flood_homes;13;True;homes;3;restaurant;131925;1055400.0;1055400.0;0.0;1.0;222632.0;1055400.0;8.0;91678360.2032993;86.86598465349564;86.86598465349564;1055400.0;1.0;5367.0
13_levy_on_flood_homes;13;True;homes;4;marketplace;131925;1055400.0;1055400.0;0.0;1.0;321280.0;1055400.0;8.0;96845252.78722768;91.76165698998264;91.76165698998264;1055400.0;1.0;2075.0
13_levy_on_flood_homes;13;True;homes;4;pharmacy;131925;263816.0;263816.0;0.0;1.0;206424.0;263816.0;1.9997422778093614;22702767.855005905;86.05531072795397;86.05531072795397;263816.0;1.0;685.0
13_levy_on_flood_homes;13;True;homes;4;restaurant;131925;1055400.0;1055400.0;0.0;1.0;222632.0;1055400.0;8.0;91655580.51040363;86.84440071101349;86.84440071101349;1055400.0;1.0;5367.0
13_levy_on_flood_homes;13;True;homes;5;marketplace;131925;1055400.0;1055400.0;0.0;1.0;321280.0;1055400.0;8.0;96868774.05795689;91.7839435834346;91.7839435834346;1055400.0;1.0;2075.0
13_levy_on_flood_homes;13;True;homes;5;pharmacy;131925;263816.0;263816.0;0.0;1.0;206424.0;263816.0;1.9997422778093614;22713024.42883659;86.09418848302072;86.09418848302072;263816.0;1.0;685.0
13_levy_on_flood_homes;13;True;homes;5;restaurant;131925;1055400.0;1055400.0;0.0;1.0;222632.0;1055400.0;8.0;91695878.85735846;86.88258371930876;86.88258371930876;1055400.0;1.0;5367.0
13_levy_on_flood_homes;13;True;homes;6;marketplace;131925;1055400.0;1055400.0;0.0;1.0;321280.0;1055400.0;8.0;96884193.29755434;91.79855343713696;91.79855343713696;1055400.0;1.0;2075.0
13_levy_on_flood_homes;13;True;homes;6;pharmacy;131925;263816.0;263816.0;0.0;1.0;206424.0;263816.0;1.9997422778093614;22717223.82412739;86.11010637765484;86.11010637765484;263816.0;1.0;685.0
13_levy_on_flood_homes;13;True;homes;6;restaurant;131925;1055400.0;1055400.0;0.0;1.0;222632.0;1055400.0;8.0;91696598.49985704;86.88326558637203;86.88326558637203;1055400.0;1.0;5367.0
13_levy_on_flood_homes;13;True;homes;7;marketplace;131925;1055400.0;1055400.0;0.0;1.0;321280.0;1055400.0;8.0;96845909.25081451;91.7622789945182;91.7622789945182;1055400.0;1.0;2075.0
13_levy_on_flood_homes;13;True;homes;7;pharmacy;131925;263816.0;263816.0;0.0;1.0;206424.0;263816.0;1.9997422778093614;22703394.013110373;86.05768419318909;86.05768419318909;263816.0;1.0;685.0
13_levy_on_flood_homes;13;True;homes;7;restaurant;131925;1055400.0;1055400.0;0.0;1.0;222632.0;1055400.0;8.0;91653475.46951386;86.84240616781682;86.84240616781682;1055400.0;1.0;5367.0
13_levy_on_flood_homes;13;True;homes;8;marketplace;131925;1055400.0;1055400.0;0.0;1.0;321280.0;1055400.0;8.0;96844807.81408297;91.7612353743443;91.7612353743443;1055400.0;1.0;2075.0
13_levy_on_flood_homes;13;True;homes;8;pharmacy;131925;263816.0;263816.0;0.0;1.0;206424.0;263816.0;1.9997422778093614;22707607.726255298;86.07365635994518;86.07365635994518;263816.0;1.0;685.0
13_levy_on_flood_homes;13;True;homes;8;restaurant;131925;1055400.0;1055400.0;0.0;1.0;222632.0;1055400.0;8.0;91706601.44110277;86.89274345376424;86.89274345376424;1055400.0;1.0;5367.0
13_levy_on_flood_homes;13;True;homes;9;marketplace;131925;1055400.0;1055400.0;0.0;1.0;321280.0;1055400.0;8.0;96825049.55030933;91.7425142602893;91.7425142602893;1055400.0;1.0;2075.0
13_levy_on_flood_homes;13;True;homes;9;pharmacy;131925;263816.0;263816.0;0.0;1.0;206424.0;263816.0;1.9997422778093614;22705423.155758753;86.06537570033187;86.06537570033187;263816.0;1.0;685.0
13_levy_on_flood_homes;13;True;homes;9;restaurant;131925;1055400.0;1055400.0;0.0;1.0;222632.0;1055400.0;8.0;91660776.3839093;86.84932384300673;86.84932384300673;1055400.0;1.0;5367.0
13_levy_on_flood_homes;13;True;homes;10;marketplace;131925;1055400.0;1055400.0;0.0;1.0;321280.0;1055400.0;8.0;96806801.22557873;91.72522382563837;91.72522382563837;1055400.0;1.0;2075.0
13_levy_on_flood_homes;13;True;homes;10;pharmacy;131925;263816.0;263816.0;0.0;1.0;206424.0;263816.0;1.9997422778093614;22694556.012292933;86.02418356844518;86.02418356844518;263816.0;1.0;685.0
13_levy_on_flood_homes;13;True;homes;10;restaurant;131925;1055400.0;1055400.0;0.0;1.0;222632.0;1055400.0;8.0;91628870.8693713;86.81909311102075;86.81909311102075;1055400.0;1.0;5367.0
13_levy_on_flood_homes;13;True;homes;11;marketplace;131925;1055400.0;1055400.0;0.0;1.0;321280.0;1055400.0;8.0;96834846.08498901;91.75179655579781;91.75179655579781;1055400.0;1.0;2075.0
13_levy_on_flood_homes;13;True;homes;11;pharmacy;131925;263816.0;263816.0;0.0;1.0;206424.0;263816.0;1.9997422778093614;22706794.612456802;86.07057423528823;86.07057423528823;263816.0;1.0;685.0
13_levy_on_flood_homes;13;True;homes;11;restaurant;131925;1055400.0;1055400.0;0.0;1.0;222632.0;1055400.0;8.0;91680253.28937921;86.86777836780293;86.86777836780293;1055400.0;1.0;5367.0
13_levy_on_flood_homes;13;True;homes;12;marketplace;131925;1055400.0;1055400.0;0.0;1.0;321280.0;1055400.0;8.0;96839087.58559766;91.75581541178478;91.75581541178478;1055400.0;1.0;2075.0
13_levy_on_flood_homes;13;True;homes;12;pharmacy;131925;263816.0;263816.0;0.0;1.0;206424.0;263816.0;1.9997422778093614;22702255.364638876;86.05336812262667;86.05336812262667;263816.0;1.0;685.0
13_levy_on_flood_homes;13;True;homes;12;restaurant;131925;1055400.0;1055400.0;0.0;1.0;222632.0;1055400.0;8.0;91654690.71689871;86.84355762450133;86.84355762450133;1055400.0;1.0;5367.0
13_levy_on_flood_homes;13;True;homes;13;marketplace;131925;1055400.0;1055400.0;0.0;1.0;321280.0;1055400.0;8.0;96865523.77077988;91.78086391015717;91.78086391015717;1055400.0;1.0;2075.0
13_levy_on_flood_homes;13;True;homes;13;pharmacy;131925;263816.0;263816.0;0.0;1.0;206424.0;263816.0;1.9997422778093614;22709459.541375544;86.08067570342793;86.08067570342793;263816.0;1.0;685.0
13_levy_on_flood_homes;13;True;homes;13;restaurant;131925;1055400.0;1055400.0;0.0;1.0;222632.0;1055400.0;8.0;91692233.56797549;86.8791297782599;86.8791297782599;1055400.0;1.0;5367.0
13_levy_on_flood_homes;13;True;homes;14;marketplace;131925;1055400.0;1055400.0;0.0;1.0;321280.0;1055400.0;8.0;96814747.24481395;91.73275274285953;91.73275274285953;1055400.0;1.0;2075.0
13_levy_on_flood_homes;13;True;homes;14;pharmacy;131925;263816.0;263816.0;0.0;1.0;206424.0;263816.0;1.9997422778093614;22704759.61586407;86.06286053864841;86.06286053864841;263816.0;1.0;685.0
13_levy_on_flood_homes;13;True;homes;14;restaurant;131925;1055400.0;1055400.0;0.0;1.0;222632.0;1055400.0;8.0;91671906.29623212;86.8598695245709;86.8598695245709;1055400.0;1.0;5367.0
13_levy_on_flood_homes;13;True;homes;15;marketplace;131925;1055400.0;1055400.0;0.0;1.0;321280.0;1055400.0;8.0;96832990.70494707;91.75003856826518;91.75003856826518;1055400.0;1.0;2075.0
13_levy_on_flood_homes;13;True;homes;15;pharmacy;131925;263816.0;263816.0;0.0;1.0;206424.0;263816.0;1.9997422778093614;22669885.882338006;85.93067093102013;85.93067093102013;263816.0;1.0;685.0
13_levy_on_flood_homes;13;True;homes;15;restaurant;131925;1055400.0;1055400.0;0.0;1.0;222632.0;1055400.0;8.0;91504089.45326845;86.70086171429644;86.70086171429644;1055400.0;1.0;5367.0
13_levy_on_flood_homes;13;True;homes;16;marketplace;131925;1055400.0;1055400.0;0.0;1.0;321280.0;1055400.0;8.0;96832795.60502926;91.74985370952174;91.74985370952174;1055400.0;1.0;2075.0
13_levy_on_flood_homes;13;True;homes;16;pharmacy;131925;263816.0;263816.0;0.0;1.0;206424.0;263816.0;1.9997422778093614;22704993.5903408;86.06374742373775;86.06374742373775;263816.0;1.0;685.0
13_levy_on_flood_homes;13;True;homes;16;restaurant;131925;1055400.0;1055400.0;0.0;1.0;222632.0;1055400.0;8.0;91658032.0048814;86.84672352177506;86.84672352177506;1055400.0;1.0;5367.0
13_levy_on_flood_homes;13;True;homes;17;marketplace;131925;1055400.0;1055400.0;0.0;1.0;321280.0;1055400.0;8.0;96837774.19091327;91.75457095974349;91.75457095974349;1055400.0;1.0;2075.0
13_levy_on_flood_homes;13;True;homes;17;pharmacy;131925;263816.0;263816.0;0.0;1.0;206424.0;263816.0;1.9997422778093614;22692523.54581946;86.0164794622747;86.0164794622747;263816.0;1.0;685.0
13_levy_on_flood_homes;13;True;homes;17;restaurant;131925;1055400.0;1055400.0;0.0;1.0;222632.0;1055400.0;8.0;91628693.468775;86.81892502252701;86.81892502252701;1055400.0;1.0;5367.0
13_levy_on_flood_homes;13;True;homes;18;marketplace;131925;1055400.0;1055400.0;0.0;1.0;321280.0;1055400.0;8.0;96857485.84167652;91.77324790759572;91.77324790759572;1055400.0;1.0;2075.0
13_levy_on_flood_homes;13;True;homes;18;pharmacy;131925;263816.0;263816.0;0.0;1.0;206424.0;263816.0;1.9997422778093614;22703256.424768936;86.05716266173748;86.05716266173748;263816.0;1.0;685.0
13_levy_on_flood_homes;13;True;homes;18;restaurant;131925;1055400.0;1055400.0;0.0;1.0;222632.0;1055400.0;8.0;91688507.06468692;86.8755988863814;86.8755988863814;1055400.0;1.0;5367.0
13_levy_on_flood_homes;13;True;homes;19;marketplace;131925;1055400.0;1055400.0;0.0;1.0;321280.0;1055400.0;8.0;96730045.42530246;91.65249708669931;91.65249708669931;1055400.0;1.0;2075.0
13_levy_on_flood_homes;13;True;homes;19;pharmacy;131925;263816.0;263816.0;0.0;1.0;206424.0;263816.0;1.9997422778093614;22692062.474017028;86.0147317600791;86.0147317600791;263816.0;1.0;685.0
13_levy_on_flood_homes;13;True;homes;19;restaurant;131925;1055400.0;1055400.0;0.0;1.0;222632.0;1055400.0;8.0;91609321.45490678;86.80056988336818;86.80056988336818;1055400.0;1.0;5367.0
13_levy_on_flood_homes;13;True;homes;20;marketplace;131925;1055400.0;1055400.0;0.0;1.0;321280.0;1055400.0;8.0;96855222.27428189;91.77110315925894;91.77110315925894;1055400.0;1.0;2075.0
13_levy_on_flood_homes;13;True;homes;20;pharmacy;131925;263816.0;263816.0;0.0;1.0;206424.0;263816.0;1.9997422778093614;22704866.703031078;86.06326645476801;86.06326645476801;263816.0;1.0;685.0
13_levy_on_flood_homes;13;True;homes;20;restaurant;131925;1055400.0;1055400.0;0.0;1.0;222632.0;1055400.0;8.0;91667349.23825899;86.85555167543963;86.85555167543963;1055400.0;1.0;5367.0
13_levy_on_flood_homes;13;True;homes;21;marketplace;131925;1055400.0;1055400.0;0.0;1.0;321280.0;1055400.0;8.0;96935115.27857405;91.84680242426951;91.84680242426951;1055400.0;1.0;2075.0
13_levy_on_flood_homes;13;True;homes;21;pharmacy;131925;263816.0;263816.0;0.0;1.0;206424.0;263816.0;1.9997422778093614;22701917.396144282;86.05208704606348;86.05208704606348;263816.0;1.0;685.0
13_levy_on_flood_homes;13;True;homes;21;restaurant;131925;1055400.0;1055400.0;0.0;1.0;222632.0;1055400.0;8.0;91541361.38151655;86.73617716649284;86.73617716649284;1055400.0;1.0;5367.0
13_levy_on_flood_homes;13;True;homes;22;marketplace;131925;1055400.0;1055400.0;0.0;1.0;321280.0;1055400.0;8.0;96836088.22183727;91.75297349046548;91.75297349046548;1055400.0;1.0;2075.0
13_levy_on_flood_homes;13;True;homes;22;pharmacy;131925;263816.0;263816.0;0.0;1.0;206424.0;263816.0;1.9997422778093614;22702949.06712894;86.05599761625126;86.05599761625126;263816.0;1.0;685.0
13_levy_on_flood_homes;13;True;homes;22;restaurant;131925;1055400.0;1055400.0;0.0;1.0;222632.0;1055400.0;8.0;91668523.01910777;86.85666384224727;86.85666384224727;1055400.0;1.0;5367.0
13_levy_on_flood_homes;13;True;homes;23;marketplace;131925;1055400.0;1055400.0;0.0;1.0;321280.0;1055400.0;8.0;96817458.71772861;91.73532188528388;91.73532188528388;1055400.0;1.0;2075.0
13_levy_on_flood_homes;13;True;homes;23;pharmacy;131925;263816.0;263816.0;0.0;1.0;206424.0;263816.0;1.9997422778093614;22693328.01124729;86.01952880510389;86.01952880510389;263816.0;1.0;685.0
13_levy_on_flood_homes;13;True;homes;23;restaurant;131925;1055400.0;1055400.0;0.0;1.0;222632.0;1055400.0;8.0;91611921.50447513;86.80303345127453;86.80303345127453;1055400.0;1.0;5367.0
13_levy_on_flood_homes;13;True;homes;24;marketplace;131925;1055400.0;1055400.0;0.0;1.0;321280.0;1055400.0;8.0;96838592.3888313;91.75534620886043;91.75534620886043;1055400.0;1.0;2075.0
13_levy_on_flood_homes;13;True;homes;24;pharmacy;131925;263816.0;263816.0;0.0;1.0;206424.0;263816.0;1.9997422778093614;22703423.75888415;86.05779694515931;86.05779694515931;263816.0;1.0;685.0
13_levy_on_flood_homes;13;True;homes;24;restaurant;131925;1055400.0;1055400.0;0.0;1.0;222632.0;1055400.0;8.0;91658458.97060461;86.84712807523651;86.84712807523651;1055400.0;1.0;5367.0
13_levy_on_flood_homes;13;True;homes;25;marketplace;131925;1055400.0;1055400.0;0.0;1.0;321280.0;1055400.0;8.0;96830475.16253944;91.74765507157423;91.74765507157423;1055400.0;1.0;2075.0
13_levy_on_flood_homes;13;True;homes;25;pharmacy;131925;263816.0;263816.0;0.0;1.0;206424.0;263816.0;1.9997422778093614;22706166.810769446;86.06819454001821;86.06819454001821;263816.0;1.0;685.0
13_levy_on_flood_homes;13;True;homes;25;restaurant;131925;1055400.0;1055400.0;0.0;1.0;222632.0;1055400.0;8.0;91659553.4359656;86.84816508998067;86.84816508998067;1055400.0;1.0;5367.0
13_levy_on_flood_homes;13;True;homes;26;marketplace;131925;1055400.0;1055400.0;0.0;1.0;321280.0;1055400.0;8.0;96847381.408895;91.76367387615596;91.76367387615596;1055400.0;1.0;2075.0
13_levy_on_flood_homes;13;True;homes;26;pharmacy;131925;263816.0;263816.0;0.0;1.0;206424.0;263816.0;1.9997422778093614;22701598.09229064;86.05087671820753;86.05087671820753;263816.0;1.0;685.0
13_levy_on_flood_homes;13;True;homes;26;restaurant;131925;1055400.0;1055400.0;0.0;1.0;222632.0;1055400.0;8.0;91668257.19500177;86.85641197176594;86.85641197176594;1055400.0;1.0;5367.0
13_levy_on_flood_homes;13;True;homes;27;marketplace;131925;1055400.0;1055400.0;0.0;1.0;321280.0;1055400.0;8.0;96843938.37824568;91.76041157688618;91.76041157688618;1055400.0;1.0;2075.0
13_levy_on_flood_homes;13;True;homes;27;pharmacy;131925;263816.0;263816.0;0.0;1.0;206424.0;263816.0;1.9997422778093614;22704111.39255571;86.06040343480194;86.06040343480194;263816.0;1.0;685.0
13_levy_on_flood_homes;13;True;homes;27;restaurant;131925;1055400.0;1055400.0;0.0;1.0;222632.0;1055400.0;8.0;91654859.97471304;86.8437179976436;86.8437179976436;1055400.0;1.0;5367.0
13_levy_on_flood_homes;13;True;homes;28;marketplace;131925;1055400.0;1055400.0;0.0;1.0;321280.0;1055400.0;8.0;96867461.40696837;91.78269983605114;91.78269983605114;1055400.0;1.0;2075.0
13_levy_on_flood_homes;13;True;homes;28;pharmacy;131925;263816.0;263816.0;0.0;1.0;206424.0;263816.0;1.9997422778093614;22715162.284779295;86.10229207015229;86.10229207015229;263816.0;1.0;685.0
13_levy_on_flood_homes;13;True;homes;28;restaurant;131925;1055400.0;1055400.0;0.0;1.0;222632.0;1055400.0;8.0;91719032.81177731;86.90452227759836;86.90452227759836;1055400.0;1.0;5367.0
13_levy_on_flood_homes;13;True;homes;29;marketplace;131925;1055400.0;1055400.0;0.0;1.0;321280.0;1055400.0;8.0;96918442.2096528;91.83100455718476;91.83100455718476;1055400.0;1.0;2075.0
13_levy_on_flood_homes;13;True;homes;29;pharmacy;131925;263816.0;263816.0;0.0;1.0;206424.0;263816.0;1.9997422778093614;22693581.759106014;86.02049064160633;86.02049064160633;263816.0;1.0;685.0
13_levy_on_flood_homes;13;True;homes;29;restaurant;131925;1055400.0;1055400.0;0.0;1.0;222632.0;1055400.0;8.0;91613978.7008737;86.80498266143046;86.80498266143046;1055400.0;1.0;5367.0
13_levy_on_flood_both;13;True;both;0;marketplace;131925;1055400.0;1019718.0;35682.0;0.9661910176236498;309674.0;1019718.0;7.729528140989198;83144509.37141047;78.78009226019563;81.5367673919755;1019718.0;0.9661910176236498;2075.0
13_levy_on_flood_both;13;True;both;0;pharmacy;131925;263816.0;254175.0;9641.0;0.9634555902598781;198756.0;254175.0;1.9266628766344513;19635000.344805125;74.42687458230405;77.24992758849267;254175.0;0.9634555902598781;685.0
13_levy_on_flood_both;13;True;both;0;restaurant;131925;1055400.0;1017278.0;38122.0;0.9638790979723327;213975.0;1017278.0;7.711032783778662;79683300.07312918;75.50056857412278;78.32991578814166;1017278.0;0.9638790979723327;5367.0
13_levy_on_flood_both;13;True;both;1;marketplace;131925;1055400.0;1019718.0;35682.0;0.9661910176236498;309674.0;1019718.0;7.729528140989198;83173754.90165143;78.80780263563713;81.56544740962838;1019718.0;0.9661910176236498;2075.0
13_levy_on_flood_both;13;True;both;1;pharmacy;131925;263816.0;254175.0;9641.0;0.9634555902598781;198756.0;254175.0;1.9266628766344513;19637599.415851124;74.43672641481609;77.26015310652552;254175.0;0.9634555902598781;685.0
13_levy_on_flood_both;13;True;both;1;restaurant;131925;1055400.0;1017278.0;38122.0;0.9638790979723327;213975.0;1017278.0;7.711032783778662;79667422.80298325;75.48552473278686;78.31430818614308;1017278.0;0.9638790979723327;5367.0
13_levy_on_flood_both;13;True;both;2;marketplace;131925;1055400.0;1019718.0;35682.0;0.9661910176236498;309674.0;1019718.0;7.729528140989198;83130618.27601826;78.76693033543515;81.5231449047857;1019718.0;0.9661910176236498;2075.0
13_levy_on_flood_both;13;True;both;2;pharmacy;131925;263816.0;254175.0;9641.0;0.9634555902598781;198756.0;254175.0;1.9266628766344513;19630208.989311066;74.40871285028605;77.23107697181496;254175.0;0.9634555902598781;685.0
13_levy_on_flood_both;13;True;both;2;restaurant;131925;1055400.0;1017278.0;38122.0;0.9638790979723327;213975.0;1017278.0;7.711032783778662;79665634.14326097;75.48382996329445;78.31254990598535;1017278.0;0.9638790979723327;5367.0
13_levy_on_flood_both;13;True;both;3;marketplace;131925;1055400.0;1019718.0;35682.0;0.9661910176236498;309674.0;1019718.0;7.729528140989198;83141675.55197817;78.77740719346046;81.53398836931207;1019718.0;0.9661910176236498;2075.0
13_levy_on_flood_both;13;True;both;3;pharmacy;131925;263816.0;254175.0;9641.0;0.9634555902598781;198756.0;254175.0;1.9266628766344513;19632567.322115175;74.41765215951715;77.24035535404809;254175.0;0.9634555902598781;685.0
13_levy_on_flood_both;13;True;both;3;restaurant;131925;1055400.0;1017278.0;38122.0;0.9638790979723327;213975.0;1017278.0;7.711032783778662;79671110.002177;75.48901838371897;78.31793275995058;1017278.0;0.9638790979723327;5367.0
13_levy_on_flood_both;13;True;both;4;marketplace;131925;1055400.0;1019718.0;35682.0;0.9661910176236498;309674.0;1019718.0;7.729528140989198;83134952.35563795;78.77103691078071;81.52739517752747;1019718.0;0.9661910176236498;2075.0
13_levy_on_flood_both;13;True;both;4;pharmacy;131925;263816.0;254175.0;9641.0;0.9634555902598781;198756.0;254175.0;1.9266628766344513;19629905.672302052;74.40756312089506;77.22988363254471;254175.0;0.9634555902598781;685.0
13_levy_on_flood_both;13;True;both;4;restaurant;131925;1055400.0;1017278.0;38122.0;0.9638790979723327;213975.0;1017278.0;7.711032783778662;79660920.09116445;75.47936336096689;78.30791591990041;1017278.0;0.9638790979723327;5367.0
13_levy_on_flood_both;13;True;both;5;marketplace;131925;1055400.0;1019718.0;35682.0;0.9661910176236498;309674.0;1019718.0;7.729528140989198;83141119.61742637;78.77688044099523;81.53344318471025;1019718.0;0.9661910176236498;2075.0
13_levy_on_flood_both;13;True;both;5;pharmacy;131925;263816.0;254175.0;9641.0;0.9634555902598781;198756.0;254175.0;1.9266628766344513;19632734.737050913;74.41828674929084;77.24101401416706;254175.0;0.9634555902598781;685.0
13_levy_on_flood_both;13;True;both;5;restaurant;131925;1055400.0;1017278.0;38122.0;0.9638790979723327;213975.0;1017278.0;7.711032783778662;79663443.83896352;75.48175463233231;78.31039680300127;1017278.0;0.9638790979723327;5367.0
13_levy_on_flood_both;13;True;both;6;marketplace;131925;1055400.0;1019718.0;35682.0;0.9661910176236498;309674.0;1019718.0;7.729528140989198;83151283.8533068;78.78651113635286;81.54341087762185;1019718.0;0.9661910176236498;2075.0
13_levy_on_flood_both;13;True;both;6;pharmacy;131925;263816.0;254175.0;9641.0;0.9634555902598781;198756.0;254175.0;1.9266628766344513;19636970.600102667;74.43434287572651;77.25767915846431;254175.0;0.9634555902598781;685.0
13_levy_on_flood_both;13;True;both;6;restaurant;131925;1055400.0;1017278.0;38122.0;0.9638790979723327;213975.0;1017278.0;7.711032783778662;79664733.8613789;75.48297693896048;78.31166491497791;1017278.0;0.9638790979723327;5367.0
13_levy_on_flood_both;13;True;both;7;marketplace;131925;1055400.0;1019718.0;35682.0;0.9661910176236498;309674.0;1019718.0;7.729528140989198;83142331.8866435;78.77802907584186;81.53463201261869;1019718.0;0.9661910176236498;2075.0
13_levy_on_flood_both;13;True;both;7;pharmacy;131925;263816.0;254175.0;9641.0;0.9634555902598781;198756.0;254175.0;1.9266628766344513;19630735.02411898;74.41070679609643;77.23314654910584;254175.0;0.9634555902598781;685.0
13_levy_on_flood_both;13;True;both;7;restaurant;131925;1055400.0;1017278.0;38122.0;0.9638790979723327;213975.0;1017278.0;7.711032783778662;79658567.75426519;75.47713450280953;78.30560353636389;1017278.0;0.9638790979723327;5367.0
13_levy_on_flood_both;13;True;both;8;marketplace;131925;1055400.0;1019718.0;35682.0;0.9661910176236498;309674.0;1019718.0;7.729528140989198;83140539.51123743;78.77633078570913;81.53287429587144;1019718.0;0.9661910176236498;2075.0
13_levy_on_flood_both;13;True;both;8;pharmacy;131925;263816.0;254175.0;9641.0;0.9634555902598781;198756.0;254175.0;1.9266628766344513;19671892.59262531;74.56671541007864;77.39507265712722;254175.0;0.9634555902598781;685.0
13_levy_on_flood_both;13;True;both;8;restaurant;131925;1055400.0;1017278.0;38122.0;0.9638790979723327;213975.0;1017278.0;7.711032783778662;79673462.2005684;75.491247110639;78.32024500733172;1017278.0;0.9638790979723327;5367.0
13_levy_on_flood_both;13;True;both;9;marketplace;131925;1055400.0;1019718.0;35682.0;0.9661910176236498;309674.0;1019718.0;7.729528140989198;83141044.34338754;78.7768091182372;81.53336936622433;1019718.0;0.9661910176236498;2075.0
13_levy_on_flood_both;13;True;both;9;pharmacy;131925;263816.0;254175.0;9641.0;0.9634555902598781;198756.0;254175.0;1.9266628766344513;19631369.07482794;74.413110178412;77.2356410930577;254175.0;0.9634555902598781;685.0
13_levy_on_flood_both;13;True;both;9;restaurant;131925;1055400.0;1017278.0;38122.0;0.9638790979723327;213975.0;1017278.0;7.711032783778662;79668354.92655608;75.48640792737928;78.31522447802477;1017278.0;0.9638790979723327;5367.0
13_levy_on_flood_both;13;True;both;10;marketplace;131925;1055400.0;1019718.0;35682.0;0.9661910176236498;309674.0;1019718.0;7.729528140989198;83130373.92287616;78.76669880886504;81.52290527663155;1019718.0;0.9661910176236498;2075.0
13_levy_on_flood_both;13;True;both;10;pharmacy;131925;263816.0;254175.0;9641.0;0.9634555902598781;198756.0;254175.0;1.9266628766344513;19632028.25268768;74.41560880571187;77.23823449468941;254175.0;0.9634555902598781;685.0
13_levy_on_flood_both;13;True;both;10;restaurant;131925;1055400.0;1017278.0;38122.0;0.9638790979723327;213975.0;1017278.0;7.711032783778662;79661633.25409457;75.48003908858686;78.30861697008544;1017278.0;0.9638790979723327;5367.0
13_levy_on_flood_both;13;True;both;11;marketplace;131925;1055400.0;1019718.0;35682.0;0.9661910176236498;309674.0;1019718.0;7.729528140989198;83130686.19464725;78.76699468888313;81.52321151009127;1019718.0;0.9661910176236498;2075.0
13_levy_on_flood_both;13;True;both;11;pharmacy;131925;263816.0;254175.0;9641.0;0.9634555902598781;198756.0;254175.0;1.9266628766344513;19632134.896743286;74.41601304220853;77.23865406410263;254175.0;0.9634555902598781;685.0
13_levy_on_flood_both;13;True;both;11;restaurant;131925;1055400.0;1017278.0;38122.0;0.9638790979723327;213975.0;1017278.0;7.711032783778662;79663752.30293116;75.48204690442596;78.31070002784996;1017278.0;0.9638790979723327;5367.0
13_levy_on_flood_both;13;True;both;12;marketplace;131925;1055400.0;1019718.0;35682.0;0.9661910176236498;309674.0;1019718.0;7.729528140989198;83135457.07935727;78.7715151405697;81.52789014154625;1019718.0;0.9661910176236498;2075.0
13_levy_on_flood_both;13;True;both;12;pharmacy;131925;263816.0;254175.0;9641.0;0.9634555902598781;198756.0;254175.0;1.9266628766344513;19629105.000405338;74.40452815752394;77.2267335513144;254175.0;0.9634555902598781;685.0
13_levy_on_flood_both;13;True;both;12;restaurant;131925;1055400.0;1017278.0;38122.0;0.9638790979723327;213975.0;1017278.0;7.711032783778662;79663175.00813174;75.48149991295409;78.3101325381378;1017278.0;0.9638790979723327;5367.0
13_levy_on_flood_both;13;True;both;13;marketplace;131925;1055400.0;1019718.0;35682.0;0.9661910176236498;309674.0;1019718.0;7.729528140989198;83140728.75278679;78.77651009360127;81.53305987811021;1019718.0;0.9661910176236498;2075.0
13_levy_on_flood_both;13;True;both;13;pharmacy;131925;263816.0;254175.0;9641.0;0.9634555902598781;198756.0;254175.0;1.9266628766344513;19629803.38459519;74.40717539722833;77.22948120230231;254175.0;0.9634555902598781;685.0
13_levy_on_flood_both;13;True;both;13;restaurant;131925;1055400.0;1017278.0;38122.0;0.9638790979723327;213975.0;1017278.0;7.711032783778662;79667629.97257501;75.48572102764355;78.31451183705438;1017278.0;0.9638790979723327;5367.0
13_levy_on_flood_both;13;True;both;14;marketplace;131925;1055400.0;1019718.0;35682.0;0.9661910176236498;309674.0;1019718.0;7.729528140989198;83137069.4803238;78.77304290347149;81.52947136396907;1019718.0;0.9661910176236498;2075.0
13_levy_on_flood_both;13;True;both;14;pharmacy;131925;263816.0;254175.0;9641.0;0.9634555902598781;198756.0;254175.0;1.9266628766344513;19630519.413520623;74.40988951966759;77.23229827292465;254175.0;0.9634555902598781;685.0
13_levy_on_flood_both;13;True;both;14;restaurant;131925;1055400.0;1017278.0;38122.0;0.9638790979723327;213975.0;1017278.0;7.711032783778662;79664967.89023162;75.48319868318328;78.31189496895797;1017278.0;0.9638790979723327;5367.0
13_levy_on_flood_both;13;True;both;15;marketplace;131925;1055400.0;1019718.0;35682.0;0.9661910176236498;309674.0;1019718.0;7.729528140989198;83141817.9743136;78.77754213977033;81.53412803766689;1019718.0;0.9661910176236498;2075.0
13_levy_on_flood_both;13;True;both;15;pharmacy;131925;263816.0;254175.0;9641.0;0.9634555902598781;198756.0;254175.0;1.9266628766344513;19630707.550109;74.41060265529384;77.23303845818432;254175.0;0.9634555902598781;685.0
13_levy_on_flood_both;13;True;both;15;restaurant;131925;1055400.0;1017278.0;38122.0;0.9638790979723327;213975.0;1017278.0;7.711032783778662;79661007.55172727;75.47944623055454;78.30800189498571;1017278.0;0.9638790979723327;5367.0
13_levy_on_flood_both;13;True;both;16;marketplace;131925;1055400.0;1019718.0;35682.0;0.9661910176236498;309674.0;1019718.0;7.729528140989198;83126801.2796729;78.76331370065654;81.5194017166245;1019718.0;0.9661910176236498;2075.0
13_levy_on_flood_both;13;True;both;16;pharmacy;131925;263816.0;254175.0;9641.0;0.9634555902598781;198756.0;254175.0;1.9266628766344513;19632310.88835317;74.41668014204282;77.23934646740697;254175.0;0.9634555902598781;685.0
13_levy_on_flood_both;13;True;both;16;restaurant;131925;1055400.0;1017278.0;38122.0;0.9638790979723327;213975.0;1017278.0;7.711032783778662;79670574.29085833;75.48851079293;78.31740614744281;1017278.0;0.9638790979723327;5367.0
13_levy_on_flood_both;13;True;both;17;marketplace;131925;1055400.0;1019718.0;35682.0;0.9661910176236498;309674.0;1019718.0;7.729528140989198;83129072.02472807;78.76546524988447;81.52162855292157;1019718.0;0.9661910176236498;2075.0
13_levy_on_flood_both;13;True;both;17;pharmacy;131925;263816.0;254175.0;9641.0;0.9634555902598781;198756.0;254175.0;1.9266628766344513;19631801.372316338;74.4147488109756;77.2373418798715;254175.0;0.9634555902598781;685.0
13_levy_on_flood_both;13;True;both;17;restaurant;131925;1055400.0;1017278.0;38122.0;0.9638790979723327;213975.0;1017278.0;7.711032783778662;79670518.63129324;75.48845805504381;78.31735143322989;1017278.0;0.9638790979723327;5367.0
13_levy_on_flood_both;13;True;both;18;marketplace;131925;1055400.0;1019718.0;35682.0;0.9661910176236498;309674.0;1019718.0;7.729528140989198;83140140.79317567;78.77595299713443;81.53248328770863;1019718.0;0.9661910176236498;2075.0
13_levy_on_flood_both;13;True;both;18;pharmacy;131925;263816.0;254175.0;9641.0;0.9634555902598781;198756.0;254175.0;1.9266628766344513;19630676.9480382;74.41048665751207;77.23291806054176;254175.0;0.9634555902598781;685.0
13_levy_on_flood_both;13;True;both;18;restaurant;131925;1055400.0;1017278.0;38122.0;0.9638790979723327;213975.0;1017278.0;7.711032783778662;79668439.8970969;75.48648843765103;78.31530800537995;1017278.0;0.9638790979723327;5367.0
13_levy_on_flood_both;13;True;both;19;marketplace;131925;1055400.0;1019718.0;35682.0;0.9661910176236498;309674.0;1019718.0;7.729528140989198;83134139.04651731;78.77026629383865;81.52659759513641;1019718.0;0.9661910176236498;2075.0
13_levy_on_flood_both;13;True;both;19;pharmacy;131925;263816.0;254175.0;9641.0;0.9634555902598781;198756.0;254175.0;1.9266628766344513;19632031.526398845;74.41562121478168;77.2382473744422;254175.0;0.9634555902598781;685.0
13_levy_on_flood_both;13;True;both;19;restaurant;131925;1055400.0;1017278.0;38122.0;0.9638790979723327;213975.0;1017278.0;7.711032783778662;79666338.31813037;75.4844971746545;78.31324212076775;1017278.0;0.9638790979723327;5367.0
13_levy_on_flood_both;13;True;both;20;marketplace;131925;1055400.0;1019718.0;35682.0;0.9661910176236498;309674.0;1019718.0;7.729528140989198;83145620.83133706;78.78114537742758;81.53785735991427;1019718.0;0.9661910176236498;2075.0
13_levy_on_flood_both;13;True;both;20;pharmacy;131925;263816.0;254175.0;9641.0;0.9634555902598781;198756.0;254175.0;1.9266628766344513;19631998.887356244;74.4154974958162;77.2381189627471;254175.0;0.9634555902598781;685.0
13_levy_on_flood_both;13;True;both;20;restaurant;131925;1055400.0;1017278.0;38122.0;0.9638790979723327;213975.0;1017278.0;7.711032783778662;79667314.31581856;75.48542194032458;78.31420154158309;1017278.0;0.9638790979723327;5367.0
13_levy_on_flood_both;13;True;both;21;marketplace;131925;1055400.0;1019718.0;35682.0;0.9661910176236498;309674.0;1019718.0;7.729528140989198;83227095.09117587;78.85834289480374;81.61775617491882;1019718.0;0.9661910176236498;2075.0
13_levy_on_flood_both;13;True;both;21;pharmacy;131925;263816.0;254175.0;9641.0;0.9634555902598781;198756.0;254175.0;1.9266628766344513;19628159.506634526;74.40094424384618;77.22301369778509;254175.0;0.9634555902598781;685.0
13_levy_on_flood_both;13;True;both;21;restaurant;131925;1055400.0;1017278.0;38122.0;0.9638790979723327;213975.0;1017278.0;7.711032783778662;79535188.84712689;75.36023199462468;78.18432016334462;1017278.0;0.9638790979723327;5367.0
13_levy_on_flood_both;13;True;both;22;marketplace;131925;1055400.0;1019718.0;35682.0;0.9661910176236498;309674.0;1019718.0;7.729528140989198;83137368.15617028;78.7733259012415;81.52976426440475;1019718.0;0.9661910176236498;2075.0
13_levy_on_flood_both;13;True;both;22;pharmacy;131925;263816.0;254175.0;9641.0;0.9634555902598781;198756.0;254175.0;1.9266628766344513;19628868.500749152;74.40363170068969;77.22580309137072;254175.0;0.9634555902598781;685.0
13_levy_on_flood_both;13;True;both;22;restaurant;131925;1055400.0;1017278.0;38122.0;0.9638790979723327;213975.0;1017278.0;7.711032783778662;79663152.10937442;75.4814782161971;78.31011002830536;1017278.0;0.9638790979723327;5367.0
13_levy_on_flood_both;13;True;both;23;marketplace;131925;1055400.0;1019718.0;35682.0;0.9661910176236498;309674.0;1019718.0;7.729528140989198;83136184.10236384;78.77220400072375;81.52860310631355;1019718.0;0.9661910176236498;2075.0
13_levy_on_flood_both;13;True;both;23;pharmacy;131925;263816.0;254175.0;9641.0;0.9634555902598781;198756.0;254175.0;1.9266628766344513;19631217.77789463;74.4125366842596;77.23504584595113;254175.0;0.9634555902598781;685.0
13_levy_on_flood_both;13;True;both;23;restaurant;131925;1055400.0;1017278.0;38122.0;0.9638790979723327;213975.0;1017278.0;7.711032783778662;79663840.672426;75.48213063523403;78.31078689642949;1017278.0;0.9638790979723327;5367.0
13_levy_on_flood_both;13;True;both;24;marketplace;131925;1055400.0;1019718.0;35682.0;0.9661910176236498;309674.0;1019718.0;7.729528140989198;83142684.31987375;78.77836300916596;81.53497763094674;1019718.0;0.9661910176236498;2075.0
13_levy_on_flood_both;13;True;both;24;pharmacy;131925;263816.0;254175.0;9641.0;0.9634555902598781;198756.0;254175.0;1.9266628766344513;19631037.027694404;74.41185154689028;77.23433472093795;254175.0;0.9634555902598781;685.0
13_levy_on_flood_both;13;True;both;24;restaurant;131925;1055400.0;1017278.0;38122.0;0.9638790979723327;213975.0;1017278.0;7.711032783778662;79667347.7487253;75.48545361827297;78.31423440664724;1017278.0;0.9638790979723327;5367.0
13_levy_on_flood_both;13;True;both;25;marketplace;131925;1055400.0;1019718.0;35682.0;0.9661910176236498;309674.0;1019718.0;7.729528140989198;83150813.94785702;78.78606589715466;81.54295005860152;1019718.0;0.9661910176236498;2075.0
13_levy_on_flood_both;13;True;both;25;pharmacy;131925;263816.0;254175.0;9641.0;0.9634555902598781;198756.0;254175.0;1.9266628766344513;19638682.085568156;74.44083029675288;77.26441265100091;254175.0;0.9634555902598781;685.0
13_levy_on_flood_both;13;True;both;25;restaurant;131925;1055400.0;1017278.0;38122.0;0.9638790979723327;213975.0;1017278.0;7.711032783778662;79675542.99197763;75.49321867725756;78.32229045745375;1017278.0;0.9638790979723327;5367.0
13_levy_on_flood_both;13;True;both;26;marketplace;131925;1055400.0;1019718.0;35682.0;0.9661910176236498;309674.0;1019718.0;7.729528140989198;83130965.86706518;78.76725968075154;81.52348577456236;1019718.0;0.9661910176236498;2075.0
13_levy_on_flood_both;13;True;both;26;pharmacy;131925;263816.0;254175.0;9641.0;0.9634555902598781;198756.0;254175.0;1.9266628766344513;19629117.879409496;74.40457697565536;77.22678422114487;254175.0;0.9634555902598781;685.0
13_levy_on_flood_both;13;True;both;26;restaurant;131925;1055400.0;1017278.0;38122.0;0.9638790979723327;213975.0;1017278.0;7.711032783778662;79665957.86544046;75.48413669266672;78.31286812989218;1017278.0;0.9638790979723327;5367.0
13_levy_on_flood_both;13;True;both;27;marketplace;131925;1055400.0;1019718.0;35682.0;0.9661910176236498;309674.0;1019718.0;7.729528140989198;83135735.13426675;78.77177859983584;81.5281628197862;1019718.0;0.9661910176236498;2075.0
13_levy_on_flood_both;13;True;both;27;pharmacy;131925;263816.0;254175.0;9641.0;0.9634555902598781;198756.0;254175.0;1.9266628766344513;19629464.945466675;74.40589253671754;77.22814968217439;254175.0;0.9634555902598781;685.0
13_levy_on_flood_both;13;True;both;27;restaurant;131925;1055400.0;1017278.0;38122.0;0.9638790979723327;213975.0;1017278.0;7.711032783778662;79664137.75706287;75.48241212532014;78.31107893522014;1017278.0;0.9638790979723327;5367.0
13_levy_on_flood_both;13;True;both;28;marketplace;131925;1055400.0;1019718.0;35682.0;0.9661910176236498;309674.0;1019718.0;7.729528140989198;83132905.83562383;78.76909781658502;81.52538823049493;1019718.0;0.9661910176236498;2075.0
13_levy_on_flood_both;13;True;both;28;pharmacy;131925;263816.0;254175.0;9641.0;0.9634555902598781;198756.0;254175.0;1.9266628766344513;19629679.282552924;74.40670498587244;77.22899294798043;254175.0;0.9634555902598781;685.0
13_levy_on_flood_both;13;True;both;28;restaurant;131925;1055400.0;1017278.0;38122.0;0.9638790979723327;213975.0;1017278.0;7.711032783778662;79664236.92388481;75.48250608668259;78.31117641773912;1017278.0;0.9638790979723327;5367.0
13_levy_on_flood_both;13;True;both;29;marketplace;131925;1055400.0;1019718.0;35682.0;0.9661910176236498;309674.0;1019718.0;7.729528140989198;83160965.432497;78.79568451060925;81.55290524683981;1019718.0;0.9661910176236498;2075.0
13_levy_on_flood_both;13;True;both;29;pharmacy;131925;263816.0;254175.0;9641.0;0.9634555902598781;198756.0;254175.0;1.9266628766344513;19631953.47183176;74.41532534733209;77.23794028457465;254175.0;0.9634555902598781;685.0
13_levy_on_flood_both;13;True;both;29;restaurant;131925;1055400.0;1017278.0;38122.0;0.9638790979723327;213975.0;1017278.0;7.711032783778662;79676719.01011121;75.49433296391057;78.323446501459;1017278.0;0.9638790979723327;5367.0
94_levy_off_flood_none;94;False;none;0;marketplace;1331414;10651312.0;10651312.0;0.0;1.0;2351280.0;10651312.0;8.0;969175639.7799306;90.99119805897439;90.99119805897439;10651312.0;1.0;20985.0
94_levy_off_flood_none;94;False;none;0;pharmacy;1331414;2662792.0;2662792.0;0.0;1.0;1567056.0;2662792.0;1.999972961077471;235086010.80207568;88.28553293012585;88.28553293012585;2662792.0;1.0;7157.0
94_levy_off_flood_none;94;False;none;0;restaurant;1331414;10651312.0;10651312.0;0.0;1.0;1627016.0;10651312.0;8.0;949846523.7538967;89.17648114653826;89.17648114653826;10651312.0;1.0;54222.0
94_levy_on_flood_none;94;True;none;0;marketplace;1331414;10651312.0;10651312.0;0.0;1.0;2351280.0;10651312.0;8.0;901407508.5555314;84.6287770516469;84.6287770516469;10651312.0;1.0;20985.0
94_levy_on_flood_none;94;True;none;0;pharmacy;1331414;2662792.0;2662792.0;0.0;1.0;1567056.0;2662792.0;1.999972961077471;221721317.36217096;83.26648020655423;83.26648020655423;2662792.0;1.0;7157.0
94_levy_on_flood_none;94;True;none;0;restaurant;1331414;10651312.0;10651312.0;0.0;1.0;1627016.0;10651312.0;8.0;890666148.6855304;83.62032289407449;83.62032289407449;10651312.0;1.0;54222.0
94_levy_on_flood_none;94;True;none;1;marketplace;1331414;10651312.0;10651312.0;0.0;1.0;2351280.0;10651312.0;8.0;901256691.4049952;84.61461756119765;84.61461756119765;10651312.0;1.0;20985.0
94_levy_on_flood_none;94;True;none;1;pharmacy;1331414;2662792.0;2662792.0;0.0;1.0;1567056.0;2662792.0;1.999972961077471;221815723.05035904;83.30193385377417;83.30193385377417;2662792.0;1.0;7157.0
94_levy_on_flood_none;94;True;none;1;restaurant;1331414;10651312.0;10651312.0;0.0;1.0;1627016.0;10651312.0;8.0;890457581.4688593;83.6007415301382;83.6007415301382;10651312.0;1.0;54222.0
94_levy_on_flood_none;94;True;none;2;marketplace;1331414;10651312.0;10651312.0;0.0;1.0;2351280.0;10651312.0;8.0;900567335.6698608;84.54989729620735;84.54989729620735;10651312.0;1.0;20985.0
94_levy_on_flood_none;94;True;none;2;pharmacy;1331414;2662792.0;2662792.0;0.0;1.0;1567056.0;2662792.0;1.999972961077471;221833061.12640533;83.3084450931223;83.3084450931223;2662792.0;1.0;7157.0
94_levy_on_flood_none;94;True;none;2;restaurant;1331414;10651312.0;10651312.0;0.0;1.0;1627016.0;10651312.0;8.0;890708641.8713688;83.6243123731019;83.6243123731019;10651312.0;1.0;54222.0
94_levy_on_flood_none;94;True;none;3;marketplace;1331414;10651312.0;10651312.0;0.0;1.0;2351280.0;10651312.0;8.0;901344737.1275235;84.62288374685893;84.62288374685893;10651312.0;1.0;20985.0
94_levy_on_flood_none;94;True;none;3;pharmacy;1331414;2662792.0;2662792.0;0.0;1.0;1567056.0;2662792.0;1.999972961077471;221719378.82339403;83.26575219671459;83.26575219671459;2662792.0;1.0;7157.0
94_levy_on_flood_none;94;True;none;3;restaurant;1331414;10651312.0;10651312.0;0.0;1.0;1627016.0;10651312.0;8.0;890659612.6945006;83.6197092615915;83.6197092615915;10651312.0;1.0;54222.0
94_levy_on_flood_none;94;True;none;4;marketplace;1331414;10651312.0;10651312.0;0.0;1.0;2351280.0;10651312.0;8.0;900831856.8749791;84.57473190861174;84.57473190861174;10651312.0;1.0;20985.0
94_levy_on_flood_none;94;True;none;4;pharmacy;1331414;2662792.0;2662792.0;0.0;1.0;1567056.0;2662792.0;1.999972961077471;221699334.81261867;83.25822475530146;83.25822475530146;2662792.0;1.0;7157.0
94_levy_on_flood_none;94;True;none;4;restaurant;1331414;10651312.0;10651312.0;0.0;1.0;1627016.0;10651312.0;8.0;890667989.5039351;83.62049571958225;83.62049571958225;10651312.0;1.0;54222.0
