scenario;environment;levy;flood;seed;cycles;population;requested;fulfilled;unmet;trips;travelers;traveler_distance;occupancy_person_hours;fulfillment_rate;travelers_per_capita;distance_per_requested_visit;mean_distance_per_traveler;occupancy_per_requested_visit;peak_hourly_occupancy;runtime_seconds;peak_memory_kib;validation_passed;failed_checks;commit_sha
13_levy_off_flood_none;13;False;none;0;56;131925;2374616.0;2374616.0;0.0;750336.0;2374616.0;206093130.43919274;2374616.0;1.0;17.99974227780936;86.7900875085457;86.7900875085457;1.0;6780.0;210.10442224899998;218600.0;True;;ba1c230496d7c4aa810407cca8cd6ef85112743f
13_levy_off_flood_pois;13;False;pois;0;56;131925;2374616.0;2291171.0;83445.0;722405.0;2291171.0;190769392.1915481;2291171.0;0.9648595815070732;17.36722380140231;80.33694382230563;83.26283467779058;0.9648595815070732;6780.0;376.91756996799813;217180.0;True;;ba1c230496d7c4aa810407cca8cd6ef85112743f
13_levy_off_flood_homes;13;False;homes;0;56;131925;2374616.0;2374616.0;0.0;750336.0;2374616.0;221596158.00205037;2374616.0;1.0;17.99974227780936;93.31873364032347;93.31873364032347;1.0;6780.0;329.6217668120007;277792.0;True;;ba1c230496d7c4aa810407cca8cd6ef85112743f
13_levy_off_flood_both;13;False;both;0;56;131925;2374616.0;2291171.0;83445.0;722405.0;2291171.0;191883444.6077461;2291171.0;0.9648595815070732;17.36722380140231;80.80609437809991;83.74907180989376;0.9648595815070732;6780.0;313.90983618300015;245872.0;True;;ba1c230496d7c4aa810407cca8cd6ef85112743f
13_levy_on_flood_none;13;True;none;0;56;131925;2374616.0;2374616.0;0.0;750336.0;2374616.0;194738800.0914984;2374616.0;1.0;17.99974227780936;82.00854373570228;82.00854373570228;1.0;6780.0;396.9176573279983;252704.0;True;;ba1c230496d7c4aa810407cca8cd6ef85112743f
13_levy_on_flood_none;13;True;none;1;56;131925;2374616.0;2374616.0;0.0;750336.0;2374616.0;194703521.27646604;2374616.0;1.0;17.99974227780936;81.9936870957098;81.9936870957098;1.0;6780.0;515.7239349640004;251872.0;True;;ba1c230496d7c4aa810407cca8cd6ef85112743f
13_levy_on_flood_none;13;True;none;2;56;131925;2374616.0;2374616.0;0.0;750336.0;2374616.0;194699704.68887553;2374616.0;1.0;17.99974227780936;81.99207985159518;81.99207985159518;1.0;6780.0;518.9209662989997;251892.0;True;;ba1c230496d7c4aa810407cca8cd6ef85112743f
13_levy_on_flood_none;13;True;none;3;56;131925;2374616.0;2374616.0;0.0;750336.0;2374616.0;194716032.41313294;2374616.0;1.0;17.99974227780936;81.99895579459287;81.99895579459287;1.0;6780.0;532.0240781309985;252192.0;True;;ba1c230496d7c4aa810407cca8cd6ef85112743f
13_levy_on_flood_none;13;True;none;4;56;131925;2374616.0;2374616.0;0.0;750336.0;2374616.0;194698943.1720035;2374616.0;1.0;17.99974227780936;81.99175916106162;81.99175916106162;1.0;6780.0;507.18441405700287;252540.0;True;;ba1c230496d7c4aa810407cca8cd6ef85112743f
13_levy_on_flood_none;13;True;none;5;56;131925;2374616.0;2374616.0;0.0;750336.0;2374616.0;194700716.33534366;2374616.0;1.0;17.99974227780936;81.99250587688437;81.99250587688437;1.0;6780.0;542.1136255019992;251968.0;True;;ba1c230496d7c4aa810407cca8cd6ef85112743f
13_levy_on_flood_none;13;True;none;6;56;131925;2374616.0;2374616.0;0.0;750336.0;2374616.0;194718928.53434986;2374616.0;1.0;17.99974227780936;82.00017541124538;82.00017541124538;1.0;6780.0;540.5896988659988;252476.0;True;;ba1c230496d7c4aa810407cca8cd6ef85112743f
13_levy_on_flood_none;13;True;none;7;56;131925;2374616.0;2374616.0;0.0;750336.0;2374616.0;194709200.7410599;2374616.0;1.0;17.99974227780936;81.99607883592964;81.99607883592964;1.0;6780.0;492.56514072999926;252292.0;True;;ba1c230496d7c4aa810407cca8cd6ef85112743f
13_levy_on_flood_none;13;True;none;8;56;131925;2374616.0;2374616.0;0.0;750336.0;2374616.0;194710625.92220235;2374616.0;1.0;17.99974227780936;81.99667900923869;81.99667900923869;1.0;6780.0;514.6545574449992;252124.0;True;;ba1c230496d7c4aa810407cca8cd6ef85112743f
13_levy_on_flood_none;13;True;none;9;56;131925;2374616.0;2374616.0;0.0;750336.0;2374616.0;194701455.82526338;2374616.0;1.0;17.99974227780936;81.99281729141191;81.99281729141191;1.0;6780.0;541.1447697359981;252136.0;True;;ba1c230496d7c4aa810407cca8cd6ef85112743f
13_levy_on_flood_none;13;True;none;10;56;131925;2374616.0;2374616.0;0.0;750336.0;2374616.0;194697594.1070644;2374616.0;1.0;17.99974227780936;81.99119104186293;81.99119104186293;1.0;6780.0;535.0134351199995;252728.0;True;;ba1c230496d7c4aa810407cca8cd6ef85112743f
13_levy_on_flood_none;13;True;none;11;56;131925;2374616.0;2374616.0;0.0;750336.0;2374616.0;194697114.32565197;2374616.0;1.0;17.99974227780936;81.99098899596902;81.99098899596902;1.0;6780.0;536.3036204059972;252556.0;True;;ba1c230496d7c4aa810407cca8cd6ef85112743f
13_levy_on_flood_none;13;True;none;12;56;131925;2374616.0;2374616.0;0.0;750336.0;2374616.0;194700103.6349373;2374616.0;1.0;17.99974227780936;81.99224785604801;81.99224785604801;1.0;6780.0;556.108991142999;252328.0;True;;ba1c230496d7c4aa810407cca8cd6ef85112743f
13_levy_on_flood_none;13;True;none;13;56;131925;2374616.0;2374616.0;0.0;750336.0;2374616.0;194725576.4912634;2374616.0;1.0;17.99974227780936;82.00297500364833;82.00297500364833;1.0;6780.0;553.4873950439978;251952.0;True;;ba1c230496d7c4aa810407cca8cd6ef85112743f
13_levy_on_flood_none;13;True;none;14;56;131925;2374616.0;2374616.0;0.0;750336.0;2374616.0;194701550.4909712;2374616.0;1.0;17.99974227780936;81.99285715710296;81.99285715710296;1.0;6780.0;525.2709311809995;251792.0;True;;ba1c230496d7c4aa810407cca8cd6ef85112743f
13_levy_on_flood_none;13;True;none;15;56;131925;2374616.0;2374616.0;0.0;750336.0;2374616.0;194709777.41582507;2374616.0;1.0;17.99974227780936;81.99632168562204;81.99632168562204;1.0;6780.0;516.0053963409991;251800.0;True;;ba1c230496d7c4aa810407cca8cd6ef85112743f
13_levy_on_flood_none;13;True;none;16;56;131925;2374616.0;2374616.0;0.0;750336.0;2374616.0;194701993.39703852;2374616.0;1.0;17.99974227780936;81.99304367402499;81.99304367402499;1.0;6780.0;515.7420181729976;252720.0;True;;ba1c230496d7c4aa810407cca8cd6ef85112743f
13_levy_on_flood_none;13;True;none;17;56;131925;2374616.0;2374616.0;0.0;750336.0;2374616.0;194702728.77650723;2374616.0;1.0;17.99974227780936;81.99335335755643;81.99335335755643;1.0;6780.0;325.990504657002;252408.0;True;;ba1c230496d7c4aa810407cca8cd6ef85112743f
13_levy_on_flood_none;13;True;none;18;56;131925;2374616.0;2374616.0;0.0;750336.0;2374616.0;194713044.98207515;2374616.0;1.0;17.99974227780936;81.99769772547441;81.99769772547441;1.0;6780.0;403.78844201299944;253188.0;True;;ba1c230496d7c4aa810407cca8cd6ef85112743f
13_levy_on_flood_none;13;True;none;19;56;131925;2374616.0;2374616.0;0.0;750336.0;2374616.0;194706319.31053093;2374616.0;1.0;17.99974227780936;81.99486540583023;81.99486540583023;1.0;6780.0;379.43975985400175;252392.0;True;;ba1c230496d7c4aa810407cca8cd6ef85112743f
13_levy_on_flood_none;13;True;none;20;56;131925;2374616.0;2374616.0;0.0;750336.0;2374616.0;194720592.00627118;2374616.0;1.0;17.99974227780936;82.00087593373884;82.00087593373884;1.0;6780.0;373.8723464429968;252072.0;True;;ba1c230496d7c4aa810407cca8cd6ef85112743f
13_levy_on_flood_none;13;True;none;21;56;131925;2374616.0;2374616.0;0.0;750336.0;2374616.0;194656643.79585588;2374616.0;1.0;17.99974227780936;81.97394601731644;81.97394601731644;1.0;6780.0;364.53093234300104;252216.0;True;;ba1c230496d7c4aa810407cca8cd6ef85112743f
13_levy_on_flood_none;13;True;none;22;56;131925;2374616.0;2374616.0;0.0;750336.0;2374616.0;194699608.9425737;2374616.0;1.0;17.99974227780936;81.9920395308436;81.9920395308436;1.0;6780.0;335.72356750700055;252428.0;True;;ba1c230496d7c4aa810407cca8cd6ef85112743f
13_levy_on_flood_none;13;True;none;23;56;131925;2374616.0;2374616.0;0.0;750336.0;2374616.0;194702922.78519717;2374616.0;1.0;17.99974227780936;81.99343505863565;81.99343505863565;1.0;6780.0;348.487376699999;252168.0;True;;ba1c230496d7c4aa810407cca8cd6ef85112743f
13_levy_on_flood_none;13;True;none;24;56;131925;2374616.0;2374616.0;0.0;750336.0;2374616.0;194713705.59857115;2374616.0;1.0;17.99974227780936;81.99797592476895;81.99797592476895;1.0;6780.0;420.2405083900012;252456.0;True;;ba1c230496d7c4aa810407cca8cd6ef85112743f
13_levy_on_flood_none;13;True;none;25;56;131925;2374616.0;2374616.0;0.0;750336.0;2374616.0;194718631.98267677;2374616.0;1.0;17.99974227780936;82.00005052719125;82.00005052719125;1.0;6780.0;346.59044397099933;252516.0;True;;ba1c230496d7c4aa810407cca8cd6ef85112743f
13_levy_on_flood_none;13;True;none;26;56;131925;2374616.0;2374616.0;0.0;750336.0;2374616.0;194696250.30837795;2374616.0;1.0;17.99974227780936;81.99062514039237;81.99062514039237;1.0;6780.0;355.8037117240019;252468.0;True;;ba1c230496d7c4aa810407cca8cd6ef85112743f
13_levy_on_flood_none;13;True;none;27;56;131925;2374616.0;2374616.0;0.0;750336.0;2374616.0;194705072.26994035;2374616.0;1.0;17.99974227780936;81.99434025119865;81.99434025119865;1.0;6780.0;395.94349223300014;252388.0;True;;ba1c230496d7c4aa810407cca8cd6ef85112743f
13_levy_on_flood_none;13;True;none;28;56;131925;2374616.0;2374616.0;0.0;750336.0;2374616.0;194702671.66412282;2374616.0;1.0;17.99974227780936;81.99332930634799;81.99332930634799;1.0;6780.0;391.62152391999916;252540.0;True;;ba1c230496d7c4aa810407cca8cd6ef85112743f
13_levy_on_flood_none;13;True;none;29;56;131925;2374616.0;2374616.0;0.0;750336.0;2374616.0;194749702.36520046;2374616.0;1.0;17.99974227780936;82.01313490905497;82.01313490905497;1.0;6780.0;374.34123069199995;252008.0;True;;ba1c230496d7c4aa810407cca8cd6ef85112743f
13_levy_on_flood_pois;13;True;pois;0;56;131925;2374616.0;2291171.0;83445.0;722405.0;2291171.0;181132182.54094636;2291171.0;0.9648595815070732;17.36722380140231;76.27851515400653;79.0565970592969;0.9648595815070732;6780.0;347.3247991919998;251652.0;True;;ba1c230496d7c4aa810407cca8cd6ef85112743f
13_levy_on_flood_pois;13;True;pois;1;56;131925;2374616.0;2291171.0;83445.0;722405.0;2291171.0;181104348.89584348;2291171.0;0.9648595815070732;17.36722380140231;76.2667938293364;79.04444884115742;0.9648595815070732;6780.0;361.31057401199723;251444.0;True;;ba1c230496d7c4aa810407cca8cd6ef85112743f
13_levy_on_flood_pois;13;True;pois;2;56;131925;2374616.0;2291171.0;83445.0;722405.0;2291171.0;181093799.98119146;2291171.0;0.9648595815070732;17.36722380140231;76.26235146280133;79.03984468256252;0.9648595815070732;6780.0;381.81756164499893;251692.0;True;;ba1c230496d7c4aa810407cca8cd6ef85112743f
13_levy_on_flood_pois;13;True;pois;3;56;131925;2374616.0;2291171.0;83445.0;722405.0;2291171.0;181132845.89253947;2291171.0;0.9648595815070732;17.36722380140231;76.27879450510713;79.05688658443192;0.9648595815070732;6780.0;362.46347729099944;251716.0;True;;ba1c230496d7c4aa810407cca8cd6ef85112743f
13_levy_on_flood_pois;13;True;pois;4;56;131925;2374616.0;2291171.0;83445.0;722405.0;2291171.0;181094285.81074712;2291171.0;0.9648595815070732;17.36722380140231;76.26255605569368;79.04005672677732;0.9648595815070732;6780.0;349.44874566;252604.0;True;;ba1c230496d7c4aa810407cca8cd6ef85112743f
13_levy_on_flood_pois;13;True;pois;5;56;131925;2374616.0;2291171.0;83445.0;722405.0;2291171.0;181092979.96215385;2291171.0;0.9648595815070732;17.36722380140231;76.26200613579368;79.03948677866202;0.9648595815070732;6780.0;378.781931497997;251316.0;True;;ba1c230496d7c4aa810407cca8cd6ef85112743f
13_levy_on_flood_pois;13;True;pois;6;56;131925;2374616.0;2291171.0;83445.0;722405.0;2291171.0;181108863.83344308;2291171.0;0.9648595815070732;17.36722380140231;76.26869516310977;79.04641942196504;0.9648595815070732;6780.0;357.1392422680001;251540.0;True;;ba1c230496d7c4aa810407cca8cd6ef85112743f
13_levy_on_flood_pois;13;True;pois;7;56;131925;2374616.0;2291171.0;83445.0;722405.0;2291171.0;181101029.08469388;2291171.0;0.9648595815070732;17.36722380140231;76.26539578807431;79.04299988289564;0.9648595815070732;6780.0;371.6091923950007;251324.0;True;;ba1c230496d7c4aa810407cca8cd6ef85112743f
13_levy_on_flood_pois;13;True;pois;8;56;131925;2374616.0;2291171.0;83445.0;722405.0;2291171.0;181103032.71200186;2291171.0;0.9648595815070732;17.36722380140231;76.26623955704916;79.0438743821399;0.9648595815070732;6780.0;381.7369857829981;251488.0;True;;ba1c230496d7c4aa810407cca8cd6ef85112743f
13_levy_on_flood_pois;13;True;pois;9;56;131925;2374616.0;2291171.0;83445.0;722405.0;2291171.0;181104733.45102525;2291171.0;0.9648595815070732;17.36722380140231;76.26695577349147;79.04461668335766;0.9648595815070732;6780.0;335.73766608299775;251520.0;True;;ba1c230496d7c4aa810407cca8cd6ef85112743f
13_levy_on_flood_pois;13;True;pois;10;56;131925;2374616.0;2291171.0;83445.0;722405.0;2291171.0;181099752.83334643;2291171.0;0.9648595815070732;17.36722380140231;76.26485833218779;79.04244285273619;0.9648595815070732;6780.0;389.2458077880001;251432.0;True;;ba1c230496d7c4aa810407cca8cd6ef85112743f
13_levy_on_flood_pois;13;True;pois;11;56;131925;2374616.0;2291171.0;83445.0;722405.0;2291171.0;181095095.40429047;2291171.0;0.9648595815070732;17.36722380140231;76.26289699230969;79.04041008038705;0.9648595815070732;6780.0;413.3508487979998;251136.0;True;;ba1c230496d7c4aa810407cca8cd6ef85112743f
13_levy_on_flood_pois;13;True;pois;12;56;131925;2374616.0;2291171.0;83445.0;722405.0;2291171.0;181094969.4543258;2291171.0;0.9648595815070732;17.36722380140231;76.26284395216986;79.04035510851254;0.9648595815070732;6780.0;343.14757194100093;251724.0;True;;ba1c230496d7c4aa810407cca8cd6ef85112743f
13_levy_on_flood_pois;13;True;pois;13;56;131925;2374616.0;2291171.0;83445.0;722405.0;2291171.0;181112986.74154162;2291171.0;0.9648595815070732;17.36722380140231;76.27043140513734;79.04821889834571;0.9648595815070732;6780.0;391.28125112199996;251904.0;True;;ba1c230496d7c4aa810407cca8cd6ef85112743f
13_levy_on_flood_pois;13;True;pois;14;56;131925;2374616.0;2291171.0;83445.0;722405.0;2291171.0;181099872.5523863;2291171.0;0.9648595815070732;17.36722380140231;76.26490874835608;79.04249510507348;0.9648595815070732;6780.0;335.1818024290005;252008.0;True;;ba1c230496d7c4aa810407cca8cd6ef85112743f
13_levy_on_flood_pois;13;True;pois;15;56;131925;2374616.0;2291171.0;83445.0;722405.0;2291171.0;181117537.08902425;2291171.0;0.9648595815070732;17.36722380140231;76.27234765074616;79.0502049340814;0.9648595815070732;6780.0;354.8596080790012;251552.0;True;;ba1c230496d7c4aa810407cca8cd6ef85112743f
13_levy_on_flood_pois;13;True;pois;16;56;131925;2374616.0;2291171.0;83445.0;722405.0;2291171.0;181107563.02860454;2291171.0;0.9648595815070732;17.36722380140231;76.2681473672394;79.04585167523705;0.9648595815070732;6780.0;373.0418877060001;252072.0;True;;ba1c230496d7c4aa810407cca8cd6ef85112743f
13_levy_on_flood_pois;13;True;pois;17;56;131925;2374616.0;2291171.0;83445.0;722405.0;2291171.0;181098515.086618;2291171.0;0.9648595815070732;17.36722380140231;76.26433709139415;79.04190262822723;0.9648595815070732;6780.0;373.04444833399975;252312.0;True;;ba1c230496d7c4aa810407cca8cd6ef85112743f
13_levy_on_flood_pois;13;True;pois;18;56;131925;2374616.0;2291171.0;83445.0;722405.0;2291171.0;181105521.2714154;2291171.0;0.9648595815070732;17.36722380140231;76.26728754098154;79.04496053389965;0.9648595815070732;6780.0;364.5522448210031;251932.0;True;;ba1c230496d7c4aa810407cca8cd6ef85112743f
13_levy_on_flood_pois;13;True;pois;19;56;131925;2374616.0;2291171.0;83445.0;722405.0;2291171.0;181108485.37255245;2291171.0;0.9648595815070732;17.36722380140231;76.26853578538696;79.04625423966716;0.9648595815070732;6780.0;359.60539124299976;251812.0;True;;ba1c230496d7c4aa810407cca8cd6ef85112743f
13_levy_on_flood_pois;13;True;pois;20;56;131925;2374616.0;2291171.0;83445.0;722405.0;2291171.0;181110480.0892135;2291171.0;0.9648595815070732;17.36722380140231;76.26937580190376;79.04712484978795;0.9648595815070732;6780.0;380.956026748001;251900.0;True;;ba1c230496d7c4aa810407cca8cd6ef85112743f
13_levy_on_flood_pois;13;True;pois;21;56;131925;2374616.0;2291171.0;83445.0;722405.0;2291171.0;181057671.60228246;2291171.0;0.9648595815070732;17.36722380140231;76.24713705385733;79.02407616117804;0.9648595815070732;6780.0;386.89859939899907;251180.0;True;;ba1c230496d7c4aa810407cca8cd6ef85112743f
13_levy_on_flood_pois;13;True;pois;22;56;131925;2374616.0;2291171.0;83445.0;722405.0;2291171.0;181096626.7454615;2291171.0;0.9648595815070732;17.36722380140231;76.26354187180642;79.04107844655047;0.9648595815070732;6780.0;353.1870303479991;251528.0;True;;ba1c230496d7c4aa810407cca8cd6ef85112743f
13_levy_on_flood_pois;13;True;pois;23;56;131925;2374616.0;2291171.0;83445.0;722405.0;2291171.0;181101978.66016912;2291171.0;0.9648595815070732;17.36722380140231;76.26579567398228;79.04341433274475;0.9648595815070732;6780.0;372.02222250200066;251700.0;True;;ba1c230496d7c4aa810407cca8cd6ef85112743f
13_levy_on_flood_pois;13;True;pois;24;56;131925;2374616.0;2291171.0;83445.0;722405.0;2291171.0;181108301.46272492;2291171.0;0.9648595815070732;17.36722380140231;76.26845833714795;79.04617397074462;0.9648595815070732;6780.0;345.9158279969997;252012.0;True;;ba1c230496d7c4aa810407cca8cd6ef85112743f
13_levy_on_flood_pois;13;True;pois;25;56;131925;2374616.0;2291171.0;83445.0;722405.0;2291171.0;181133308.4112533;2291171.0;0.9648595815070732;17.36722380140231;76.27898928132097;79.05708845444242;0.9648595815070732;6780.0;378.47001523699873;251472.0;True;;ba1c230496d7c4aa810407cca8cd6ef85112743f
13_levy_on_flood_pois;13;True;pois;26;56;131925;2374616.0;2291171.0;83445.0;722405.0;2291171.0;181093273.97834662;2291171.0;0.9648595815070732;17.36722380140231;76.26212995210452;79.03961510439274;0.9648595815070732;6780.0;359.8842799840022;251780.0;True;;ba1c230496d7c4aa810407cca8cd6ef85112743f
13_levy_on_flood_pois;13;True;pois;27;56;131925;2374616.0;2291171.0;83445.0;722405.0;2291171.0;181096581.47744888;2291171.0;0.9648595815070732;17.36722380140231;76.26352280850836;79.0410586889625;0.9648595815070732;6780.0;370.0561328949989;251752.0;True;;ba1c230496d7c4aa810407cca8cd6ef85112743f
13_levy_on_flood_pois;13;True;pois;28;56;131925;2374616.0;2291171.0;83445.0;722405.0;2291171.0;181096744.4998504;2291171.0;0.9648595815070732;17.36722380140231;76.26359146061948;79.04112984140005;0.9648595815070732;6780.0;354.37747076699816;251864.0;True;;ba1c230496d7c4aa810407cca8cd6ef85112743f
13_levy_on_flood_pois;13;True;pois;29;56;131925;2374616.0;2291171.0;83445.0;722405.0;2291171.0;181135068.34530813;2291171.0;0.9648595815070732;17.36722380140231;76.27973042601757;79.05785659180748;0.9648595815070732;6780.0;406.4474110600022;252616.0;True;;ba1c230496d7c4aa810407cca8cd6ef85112743f
13_levy_on_flood_homes;13;True;homes;0;56;131925;2374616.0;2374616.0;0.0;750336.0;2374616.0;211276043.58660522;2374616.0;1.0;17.99974227780936;88.97271962565956;88.97271962565956;1.0;6780.0;378.02155722799944;312084.0;True;;ba1c230496d7c4aa810407cca8cd6ef85112743f
13_levy_on_flood_homes;13;True;homes;1;56;131925;2374616.0;2374616.0;0.0;750336.0;2374616.0;211144416.3234724;2374616.0;1.0;17.99974227780936;88.91728865781769;88.91728865781769;1.0;6780.0;335.22837872499804;311032.0;True;;ba1c230496d7c4aa810407cca8cd6ef85112743f
13_levy_on_flood_homes;13;True;homes;2;56;131925;2374616.0;2374616.0;0.0;750336.0;2374616.0;211211185.52057502;2374616.0;1.0;17.99974227780936;88.94540655018538;88.94540655018538;1.0;6780.0;375.1211947479969;311244.0;True;;ba1c230496d7c4aa810407cca8cd6ef85112743f
13_levy_on_flood_homes;13;True;homes;3;56;131925;2374616.0;2374616.0;0.0;750336.0;2374616.0;211214838.14821434;2374616.0;1.0;17.99974227780936;88.9469447473673;88.9469447473673;1.0;6780.0;378.9179727990013;310660.0;True;;ba1c230496d7c4aa810407cca8cd6ef85112743f
13_levy_on_flood_homes;13;True;homes;4;56;131925;2374616.0;2374616.0;0.0;750336.0;2374616.0;211203601.1526372;2374616.0;1.0;17.99974227780936;88.94221261569753;88.94221261569753;1.0;6780.0;386.50234942399766;311020.0;True;;ba1c230496d7c4aa810407cca8cd6ef85112743f
13_levy_on_flood_homes;13;True;homes;5;56;131925;2374616.0;2374616.0;0.0;750336.0;2374616.0;211277677.34415194;2374616.0;1.0;17.99974227780936;88.9734076348142;88.9734076348142;1.0;6780.0;374.06236700000227;310728.0;True;;ba1c230496d7c4aa810407cca8cd6ef85112743f
13_levy_on_flood_homes;13;True;homes;6;56;131925;2374616.0;2374616.0;0.0;750336.0;2374616.0;211298015.62153876;2374616.0;1.0;17.99974227780936;88.98197250483395;88.98197250483395;1.0;6780.0;367.88431906500045;310732.0;True;;ba1c230496d7c4aa810407cca8cd6ef85112743f
13_levy_on_flood_homes;13;True;homes;7;56;131925;2374616.0;2374616.0;0.0;750336.0;2374616.0;211202778.73343876;2374616.0;1.0;17.99974227780936;88.94186627793242;88.94186627793242;1.0;6780.0;364.2545278329999;310792.0;True;;ba1c230496d7c4aa810407cca8cd6ef85112743f
13_levy_on_flood_homes;13;True;homes;8;56;131925;2374616.0;2374616.0;0.0;750336.0;2374616.0;211259016.98144102;2374616.0;1.0;17.99974227780936;88.9655493694311;88.9655493694311;1.0;6780.0;367.69993942400106;310592.0;True;;ba1c230496d7c4aa810407cca8cd6ef85112743f
13_levy_on_flood_homes;13;True;homes;9;56;131925;2374616.0;2374616.0;0.0;750336.0;2374616.0;211191249.08997738;2374616.0;1.0;17.99974227780936;88.93701090617489;88.93701090617489;1.0;6780.0;379.06810672900247;311088.0;True;;ba1c230496d7c4aa810407cca8cd6ef85112743f
13_levy_on_flood_homes;13;True;homes;10;56;131925;2374616.0;2374616.0;0.0;750336.0;2374616.0;211130228.10724294;2374616.0;1.0;17.99974227780936;88.91131370598148;88.91131370598148;1.0;6780.0;386.86811469700115;310536.0;True;;ba1c230496d7c4aa810407cca8cd6ef85112743f
13_levy_on_flood_homes;13;True;homes;11;56;131925;2374616.0;2374616.0;0.0;750336.0;2374616.0;211221893.98682502;2374616.0;1.0;17.99974227780936;88.94991610720429;88.94991610720429;1.0;6780.0;366.8759859339989;311160.0;True;;ba1c230496d7c4aa810407cca8cd6ef85112743f
13_levy_on_flood_homes;13;True;homes;12;56;131925;2374616.0;2374616.0;0.0;750336.0;2374616.0;211196033.66713524;2374616.0;1.0;17.99974227780936;88.93902579075322;88.93902579075322;1.0;6780.0;371.60116439000194;312260.0;True;;ba1c230496d7c4aa810407cca8cd6ef85112743f
13_levy_on_flood_homes;13;True;homes;13;56;131925;2374616.0;2374616.0;0.0;750336.0;2374616.0;211267216.88013092;2374616.0;1.0;17.99974227780936;88.96900251667256;88.96900251667256;1.0;6780.0;389.7061441989972;311016.0;True;;ba1c230496d7c4aa810407cca8cd6ef85112743f
13_levy_on_flood_homes;13;True;homes;14;56;131925;2374616.0;2374616.0;0.0;750336.0;2374616.0;211191413.15691012;2374616.0;1.0;17.99974227780936;88.93707999815976;88.93707999815976;1.0;6780.0;357.2494209550023;311052.0;True;;ba1c230496d7c4aa810407cca8cd6ef85112743f
13_levy_on_flood_homes;13;True;homes;15;56;131925;2374616.0;2374616.0;0.0;750336.0;2374616.0;211006966.04055354;2374616.0;1.0;17.99974227780936;88.85940549569005;88.85940549569005;1.0;6780.0;373.98976723000305;311020.0;True;;ba1c230496d7c4aa810407cca8cd6ef85112743f
13_levy_on_flood_homes;13;True;homes;16;56;131925;2374616.0;2374616.0;0.0;750336.0;2374616.0;211195821.20025146;2374616.0;1.0;17.99974227780936;88.9389363165461;88.9389363165461;1.0;6780.0;390.21205092799937;311320.0;True;;ba1c230496d7c4aa810407cca8cd6ef85112743f
13_levy_on_flood_homes;13;True;homes;17;56;131925;2374616.0;2374616.0;0.0;750336.0;2374616.0;211158991.20550776;2374616.0;1.0;17.99974227780936;88.92342644263651;88.92342644263651;1.0;6780.0;374.4669304300005;310592.0;True;;ba1c230496d7c4aa810407cca8cd6ef85112743f
13_levy_on_flood_homes;13;True;homes;18;56;131925;2374616.0;2374616.0;0.0;750336.0;2374616.0;211249249.33113238;2374616.0;1.0;17.99974227780936;88.96143600949895;88.96143600949895;1.0;6780.0;368.58587033899676;311120.0;True;;ba1c230496d7c4aa810407cca8cd6ef85112743f
13_levy_on_flood_homes;13;True;homes;19;56;131925;2374616.0;2374616.0;0.0;750336.0;2374616.0;211031429.35422626;2374616.0;1.0;17.99974227780936;88.86970750396117;88.86970750396117;1.0;6780.0;339.8969929520026;311812.0;True;;ba1c230496d7c4aa810407cca8cd6ef85112743f
13_levy_on_flood_homes;13;True;homes;20;56;131925;2374616.0;2374616.0;0.0;750336.0;2374616.0;211227438.21557194;2374616.0;1.0;17.99974227780936;88.95225089680687;88.95225089680687;1.0;6780.0;371.1399592300004;311756.0;True;;ba1c230496d7c4aa810407cca8cd6ef85112743f
13_levy_on_flood_homes;13;True;homes;21;56;131925;2374616.0;2374616.0;0.0;750336.0;2374616.0;211178394.05623487;2374616.0;1.0;17.99974227780936;88.93159738510768;88.93159738510768;1.0;6780.0;402.9554665100004;311608.0;True;;ba1c230496d7c4aa810407cca8cd6ef85112743f
13_levy_on_flood_homes;13;True;homes;22;56;131925;2374616.0;2374616.0;0.0;750336.0;2374616.0;211207560.308074;2374616.0;1.0;17.99974227780936;88.94387989808625;88.94387989808625;1.0;6780.0;368.86522526599947;311940.0;True;;ba1c230496d7c4aa810407cca8cd6ef85112743f
13_levy_on_flood_homes;13;True;homes;23;56;131925;2374616.0;2374616.0;0.0;750336.0;2374616.0;211122708.23345104;2374616.0;1.0;17.99974227780936;88.9081469313148;88.9081469313148;1.0;6780.0;361.5937243080007;310416.0;True;;ba1c230496d7c4aa810407cca8cd6ef85112743f
13_levy_on_flood_homes;13;True;homes;24;56;131925;2374616.0;2374616.0;0.0;750336.0;2374616.0;211200475.11832008;2374616.0;1.0;17.99974227780936;88.94089617787469;88.94089617787469;1.0;6780.0;401.1255554820018;310852.0;True;;ba1c230496d7c4aa810407cca8cd6ef85112743f
13_levy_on_flood_homes;13;True;homes;25;56;131925;2374616.0;2374616.0;0.0;750336.0;2374616.0;211196195.4092745;2374616.0;1.0;17.99974227780936;88.93909390371938;88.93909390371938;1.0;6780.0;376.9165050750016;310980.0;True;;ba1c230496d7c4aa810407cca8cd6ef85112743f
13_levy_on_flood_homes;13;True;homes;26;56;131925;2374616.0;2374616.0;0.0;750336.0;2374616.0;211217236.6961874;2374616.0;1.0;17.99974227780936;88.94795482561703;88.94795482561703;1.0;6780.0;366.1396861289977;311592.0;True;;ba1c230496d7c4aa810407cca8cd6ef85112743f
13_levy_on_flood_homes;13;True;homes;27;56;131925;2374616.0;2374616.0;0.0;750336.0;2374616.0;211202909.74551442;2374616.0;1.0;17.99974227780936;88.94192144983207;88.94192144983207;1.0;6780.0;355.7509570270013;312164.0;True;;ba1c230496d7c4aa810407cca8cd6ef85112743f
13_levy_on_flood_homes;13;True;homes;28;56;131925;2374616.0;2374616.0;0.0;750336.0;2374616.0;211301656.50352496;2374616.0;1.0;17.99974227780936;88.98350575567795;88.98350575567795;1.0;6780.0;365.10087984799975;312644.0;True;;ba1c230496d7c4aa810407cca8cd6ef85112743f
13_levy_on_flood_homes;13;True;homes;29;56;131925;2374616.0;2374616.0;0.0;750336.0;2374616.0;211226002.66963252;2374616.0;1.0;17.99974227780936;88.95164635866705;88.95164635866705;1.0;6780.0;430.38538578099906;310860.0;True;;ba1c230496d7c4aa810407cca8cd6ef85112743f
13_levy_on_flood_both;13;True;both;0;56;131925;2374616.0;2291171.0;83445.0;722405.0;2291171.0;182462809.7893448;2291171.0;0.9648595815070732;17.36722380140231;76.83886985910344;79.63736001780084;0.9648595815070732;6780.0;350.6550040930015;278600.0;True;;ba1c230496d7c4aa810407cca8cd6ef85112743f
13_levy_on_flood_both;13;True;both;1;56;131925;2374616.0;2291171.0;83445.0;722405.0;2291171.0;182478777.1204858;2291171.0;0.9648595815070732;17.36722380140231;76.84559403309242;79.64432908782706;0.9648595815070732;6780.0;358.0881874410006;279216.0;True;;ba1c230496d7c4aa810407cca8cd6ef85112743f
13_levy_on_flood_both;13;True;both;2;56;131925;2374616.0;2291171.0;83445.0;722405.0;2291171.0;182426461.4085903;2291171.0;0.9648595815070732;17.36722380140231;76.82356280282382;79.62149547484246;0.9648595815070732;6780.0;390.1111467069968;278060.0;True;;ba1c230496d7c4aa810407cca8cd6ef85112743f
13_levy_on_flood_both;13;True;both;3;56;131925;2374616.0;2291171.0;83445.0;722405.0;2291171.0;182445352.87627035;2291171.0;0.9648595815070732;17.36722380140231;76.83151839129795;79.62974080776614;0.9648595815070732;6780.0;339.01001571000234;278416.0;True;;ba1c230496d7c4aa810407cca8cd6ef85112743f
13_levy_on_flood_both;13;True;both;4;56;131925;2374616.0;2291171.0;83445.0;722405.0;2291171.0;182425778.11910444;2291171.0;0.9648595815070732;17.36722380140231;76.82327505546347;79.62119724765391;0.9648595815070732;6780.0;384.84479286499845;278740.0;True;;ba1c230496d7c4aa810407cca8cd6ef85112743f
13_levy_on_flood_both;13;True;both;5;56;131925;2374616.0;2291171.0;83445.0;722405.0;2291171.0;182437298.1934408;2291171.0;0.9648595815070732;17.36722380140231;76.82812639746417;79.62622527669947;0.9648595815070732;6780.0;358.9882267920002;278408.0;True;;ba1c230496d7c4aa810407cca8cd6ef85112743f
13_levy_on_flood_both;13;True;both;6;56;131925;2374616.0;2291171.0;83445.0;722405.0;2291171.0;182452988.31478837;2291171.0;0.9648595815070732;17.36722380140231;76.83473383266531;79.63307335628303;0.9648595815070732;6780.0;372.57238524100103;278996.0;True;;ba1c230496d7c4aa810407cca8cd6ef85112743f
13_levy_on_flood_both;13;True;both;7;56;131925;2374616.0;2291171.0;83445.0;722405.0;2291171.0;182431634.66502768;2291171.0;0.9648595815070732;17.36722380140231;76.82574136830026;79.6237533841986;0.9648595815070732;6780.0;371.33986926500074;278848.0;True;;ba1c230496d7c4aa810407cca8cd6ef85112743f
13_levy_on_flood_both;13;True;both;8;56;131925;2374616.0;2291171.0;83445.0;722405.0;2291171.0;182485894.30443114;2291171.0;0.9648595815070732;17.36722380140231;76.84859122672093;79.64743543996984;0.9648595815070732;6780.0;389.6991280129987;278444.0;True;;ba1c230496d7c4aa810407cca8cd6ef85112743f
13_levy_on_flood_both;13;True;both;9;56;131925;2374616.0;2291171.0;83445.0;722405.0;2291171.0;182440768.34477156;2291171.0;0.9648595815070732;17.36722380140231;76.82958775009162;79.62773985214179;0.9648595815070732;6780.0;347.35580983899854;278424.0;True;;ba1c230496d7c4aa810407cca8cd6ef85112743f
13_levy_on_flood_both;13;True;both;10;56;131925;2374616.0;2291171.0;83445.0;722405.0;2291171.0;182424035.4296584;2291171.0;0.9648595815070732;17.36722380140231;76.82254117282896;79.62043663683697;0.9648595815070732;6780.0;361.8717537960001;278292.0;True;;ba1c230496d7c4aa810407cca8cd6ef85112743f
13_levy_on_flood_both;13;True;both;11;56;131925;2374616.0;2291171.0;83445.0;722405.0;2291171.0;182426573.3943217;2291171.0;0.9648595815070732;17.36722380140231;76.82360996233568;79.62154435191512;0.9648595815070732;6780.0;359.50159514199913;279228.0;True;;ba1c230496d7c4aa810407cca8cd6ef85112743f
13_levy_on_flood_both;13;True;both;12;56;131925;2374616.0;2291171.0;83445.0;722405.0;2291171.0;182427737.08789435;2291171.0;0.9648595815070732;17.36722380140231;76.82410001781103;79.62205225532898;0.9648595815070732;6780.0;361.9863920030002;279320.0;True;;ba1c230496d7c4aa810407cca8cd6ef85112743f
13_levy_on_flood_both;13;True;both;13;56;131925;2374616.0;2291171.0;83445.0;722405.0;2291171.0;182438162.10995698;2291171.0;0.9648595815070732;17.36722380140231;76.82849021060963;79.62660234000735;0.9648595815070732;6780.0;374.29121664000195;279336.0;True;;ba1c230496d7c4aa810407cca8cd6ef85112743f
13_levy_on_flood_both;13;True;both;14;56;131925;2374616.0;2291171.0;83445.0;722405.0;2291171.0;182432556.78407606;2291171.0;0.9648595815070732;17.36722380140231;76.82612969173798;79.6241558504695;0.9648595815070732;6780.0;397.67560328400214;278748.0;True;;ba1c230496d7c4aa810407cca8cd6ef85112743f
13_levy_on_flood_both;13;True;both;15;56;131925;2374616.0;2291171.0;83445.0;722405.0;2291171.0;182433533.07614988;2291171.0;0.9648595815070732;17.36722380140231;76.82654082855917;79.62458196099281;0.9648595815070732;6780.0;396.65598335699906;279884.0;True;;ba1c230496d7c4aa810407cca8cd6ef85112743f
13_levy_on_flood_both;13;True;both;16;56;131925;2374616.0;2291171.0;83445.0;722405.0;2291171.0;182429686.45888442;2291171.0;0.9648595815070732;17.36722380140231;76.8249209383262;79.62290307396717;0.9648595815070732;6780.0;361.98021872699974;278144.0;True;;ba1c230496d7c4aa810407cca8cd6ef85112743f
13_levy_on_flood_both;13;True;both;17;56;131925;2374616.0;2291171.0;83445.0;722405.0;2291171.0;182431392.02833766;2291171.0;0.9648595815070732;17.36722380140231;76.82563918896261;79.62364748346485;0.9648595815070732;6780.0;337.94182326699956;279216.0;True;;ba1c230496d7c4aa810407cca8cd6ef85112743f
13_levy_on_flood_both;13;True;both;18;56;131925;2374616.0;2291171.0;83445.0;722405.0;2291171.0;182439257.63831076;2291171.0;0.9648595815070732;17.36722380140231;76.82895156029892;79.62708049216351;0.9648595815070732;6780.0;356.8071377169981;279304.0;True;;ba1c230496d7c4aa810407cca8cd6ef85112743f
13_levy_on_flood_both;13;True;both;19;56;131925;2374616.0;2291171.0;83445.0;722405.0;2291171.0;182432508.89104652;2291171.0;0.9648595815070732;17.36722380140231;76.82610952299089;79.62413494717178;0.9648595815070732;6780.0;347.0300855059977;278684.0;True;;ba1c230496d7c4aa810407cca8cd6ef85112743f
13_levy_on_flood_both;13;True;both;20;56;131925;2374616.0;2291171.0;83445.0;722405.0;2291171.0;182444934.03451186;2291171.0;0.9648595815070732;17.36722380140231;76.83134200835498;79.62955800091389;0.9648595815070732;6780.0;367.53680258500026;278664.0;True;;ba1c230496d7c4aa810407cca8cd6ef85112743f
13_levy_on_flood_both;13;True;both;21;56;131925;2374616.0;2291171.0;83445.0;722405.0;2291171.0;182390443.4449373;2291171.0;0.9648595815070732;17.36722380140231;76.80839489203193;79.60577514508401;0.9648595815070732;6780.0;381.8961282260025;278404.0;True;;ba1c230496d7c4aa810407cca8cd6ef85112743f
13_levy_on_flood_both;13;True;both;22;56;131925;2374616.0;2291171.0;83445.0;722405.0;2291171.0;182429388.76629385;2291171.0;0.9648595815070732;17.36722380140231;76.82479557380809;79.62277314364307;0.9648595815070732;6780.0;377.5020255700001;279552.0;True;;ba1c230496d7c4aa810407cca8cd6ef85112743f
13_levy_on_flood_both;13;True;both;23;56;131925;2374616.0;2291171.0;83445.0;722405.0;2291171.0;182431242.5526845;2291171.0;0.9648595815070732;17.36722380140231;76.8255762416679;79.6235822436145;0.9648595815070732;6780.0;370.84797392399923;278572.0;True;;ba1c230496d7c4aa810407cca8cd6ef85112743f
13_levy_on_flood_both;13;True;both;24;56;131925;2374616.0;2291171.0;83445.0;722405.0;2291171.0;182441069.09629345;2291171.0;0.9648595815070732;17.36722380140231;76.82971440278911;79.62787111756104;0.9648595815070732;6780.0;408.96260949000134;278696.0;True;;ba1c230496d7c4aa810407cca8cd6ef85112743f
13_levy_on_flood_both;13;True;both;25;56;131925;2374616.0;2291171.0;83445.0;722405.0;2291171.0;182465039.0254028;2291171.0;0.9648595815070732;17.36722380140231;76.83980863659758;79.63833298579758;0.9648595815070732;6780.0;361.38258900300207;278864.0;True;;ba1c230496d7c4aa810407cca8cd6ef85112743f
13_levy_on_flood_both;13;True;both;26;56;131925;2374616.0;2291171.0;83445.0;722405.0;2291171.0;182426041.61191514;2291171.0;0.9648595815070732;17.36722380140231;76.82338601774566;79.62131225120916;0.9648595815070732;6780.0;363.8154487389984;278144.0;True;;ba1c230496d7c4aa810407cca8cd6ef85112743f
13_levy_on_flood_both;13;True;both;27;56;131925;2374616.0;2291171.0;83445.0;722405.0;2291171.0;182429337.83679628;2291171.0;0.9648595815070732;17.36722380140231;76.8247741263414;79.62275091505448;0.9648595815070732;6780.0;374.3345979000005;280424.0;True;;ba1c230496d7c4aa810407cca8cd6ef85112743f
13_levy_on_flood_both;13;True;both;28;56;131925;2374616.0;2291171.0;83445.0;722405.0;2291171.0;182426822.04206157;2291171.0;0.9648595815070732;17.36722380140231;76.82371467305096;79.62165287621987;0.9648595815070732;6780.0;374.7101479410012;280776.0;True;;ba1c230496d7c4aa810407cca8cd6ef85112743f
13_levy_on_flood_both;13;True;both;29;56;131925;2374616.0;2291171.0;83445.0;722405.0;2291171.0;182469637.91443998;2291171.0;0.9648595815070732;17.36722380140231;76.84174532406081;79.64034020788495;0.9648595815070732;6780.0;377.9384947159997;279024.0;True;;ba1c230496d7c4aa810407cca8cd6ef85112743f
94_levy_off_flood_none;94;False;none;0;56;1331414;23965416.0;23965416.0;0.0;5545352.0;23965416.0;2154108174.335903;23965416.0;1.0;17.99997296107747;89.8840301514442;89.8840301514442;1.0;68345.0;2591.721676684003;638500.0;True;;ba1c230496d7c4aa810407cca8cd6ef85112743f
94_levy_on_flood_none;94;True;none;0;56;1331414;23965416.0;23965416.0;0.0;5545352.0;23965416.0;2013794974.6032329;23965416.0;1.0;17.99997296107747;84.02921003345959;84.02921003345959;1.0;68345.0;4847.818377509;959348.0;True;;ba1c230496d7c4aa810407cca8cd6ef85112743f
94_levy_on_flood_none;94;True;none;1;56;1331414;23965416.0;23965416.0;0.0;5545352.0;23965416.0;2013529995.9242136;23965416.0;1.0;17.99997296107747;84.01815332244655;84.01815332244655;1.0;68345.0;4792.257785505;959572.0;True;;ba1c230496d7c4aa810407cca8cd6ef85112743f
94_levy_on_flood_none;94;True;none;2;56;1331414;23965416.0;23965416.0;0.0;5545352.0;23965416.0;2013109038.667635;23965416.0;1.0;17.99997296107747;84.00058812530669;84.00058812530669;1.0;68345.0;4751.066842173997;959824.0;True;;ba1c230496d7c4aa810407cca8cd6ef85112743f
94_levy_on_flood_none;94;True;none;3;56;1331414;23965416.0;23965416.0;0.0;5545352.0;23965416.0;2013723728.6454182;23965416.0;1.0;17.99997296107747;84.02623716798482;84.02623716798482;1.0;68345.0;3952.8191270530006;959364.0;True;;ba1c230496d7c4aa810407cca8cd6ef85112743f
94_levy_on_flood_none;94;True;none;4;56;1331414;23965416.0;23965416.0;0.0;5545352.0;23965416.0;2013199181.1915329;23965416.0;1.0;17.99997296107747;84.0043494839202;84.0043494839202;1.0;68345.0;2520.693408277999;959144.0;True;;ba1c230496d7c4aa810407cca8cd6ef85112743f
