contrast;environment;stratum;metric;n;mean;standard_deviation;ci95_lower;ci95_upper;inferential
levy_on_minus_off;13;none;requested;30;0.0;0.0;0.0;0.0;True
levy_on_minus_off;13;none;fulfilled;30;0.0;0.0;0.0;0.0;True
levy_on_minus_off;13;none;unmet;30;0.0;0.0;0.0;0.0;True
levy_on_minus_off;13;none;fulfillment_rate;30;0.0;0.0;0.0;0.0;True
levy_on_minus_off;13;none;trips;30;0.0;0.0;0.0;0.0;True
levy_on_minus_off;13;none;travelers;30;0.0;0.0;0.0;0.0;True
levy_on_minus_off;13;none;travelers_per_capita;30;0.0;0.0;0.0;0.0;True
levy_on_minus_off;13;none;traveler_distance;30;-11385812.650831137;15625.593427969297;-11391647.343307627;-11379977.958354646;True
levy_on_minus_off;13;none;distance_per_requested_visit;30;-4.79480162301237;0.006580261157159255;-4.797258732909924;-4.792344513114816;True
levy_on_minus_off;13;none;mean_distance_per_traveler;30;-4.79480162301237;0.006580261157159255;-4.797258732909924;-4.792344513114816;True
levy_on_minus_off;13;none;occupancy_person_hours;30;0.0;0.0;0.0;0.0;True
levy_on_minus_off;13;none;occupancy_per_requested_visit;30;0.0;0.0;0.0;0.0;True
levy_on_minus_off;13;none;peak_hourly_occupancy;30;0.0;0.0;0.0;0.0;True
levy_on_minus_off;13;pois;requested;30;0.0;0.0;0.0;0.0;True
levy_on_minus_off;13;pois;fulfilled;30;0.0;0.0;0.0;0.0;True
levy_on_minus_off;13;pois;unmet;30;0.0;0.0;0.0;0.0;True
levy_on_minus_off;13;pois;fulfillment_rate;30;0.0;0.0;0.0;0.0;True
levy_on_minus_off;13;pois;trips;30;0.0;0.0;0.0;0.0;True
levy_on_minus_off;13;pois;travelers;30;0.0;0.0;0.0;0.0;True
levy_on_minus_off;13;pois;travelers_per_capita;30;0.0;0.0;0.0;0.0;True
levy_on_minus_off;13;pois;traveler_distance;30;-9664777.649189778;15319.915956899376;-9670498.199822702;-9659057.098556854;True
levy_on_minus_off;13;pois;distance_per_requested_visit;30;-4.070038123717592;0.006451534040407911;-4.072447166119784;-4.0676290813154;True
levy_on_minus_off;13;pois;mean_distance_per_traveler;30;-4.2182698930764175;0.006686500465001839;-4.220766673383485;-4.21577311276935;True
levy_on_minus_off;13;pois;occupancy_person_hours;30;0.0;0.0;0.0;0.0;True
levy_on_minus_off;13;pois;occupancy_per_requested_visit;30;0.0;0.0;0.0;0.0;True
levy_on_minus_off;13;pois;peak_hourly_occupancy;30;0.0;0.0;0.0;0.0;True
levy_on_minus_off;13;homes;requested;30;0.0;0.0;0.0;0.0;True
levy_on_minus_off;13;homes;fulfilled;30;0.0;0.0;0.0;0.0;True
levy_on_minus_off;13;homes;unmet;30;0.0;0.0;0.0;0.0;True
levy_on_minus_off;13;homes;fulfillment_rate;30;0.0;0.0;0.0;0.0;True
levy_on_minus_off;13;homes;trips;30;0.0;0.0;0.0;0.0;True
levy_on_minus_off;13;homes;travelers;30;0.0;0.0;0.0;0.0;True
levy_on_minus_off;13;homes;travelers_per_capita;30;0.0;0.0;0.0;0.0;True
levy_on_minus_off;13;homes;traveler_distance;30;-10395869.92245859;66117.7805093641;-10420558.707449611;-10371181.137467567;True
levy_on_minus_off;13;homes;distance_per_requested_visit;30;-4.377916228332742;0.02784356734283187;-4.3883131872477925;-4.367519269417691;True
levy_on_minus_off;13;homes;mean_distance_per_traveler;30;-4.377916228332742;0.02784356734283187;-4.3883131872477925;-4.367519269417691;True
levy_on_minus_off;13;homes;occupancy_person_hours;30;0.0;0.0;0.0;0.0;True
levy_on_minus_off;13;homes;occupancy_per_requested_visit;30;0.0;0.0;0.0;0.0;True
levy_on_minus_off;13;homes;peak_hourly_occupancy;30;0.0;0.0;0.0;0.0;True
levy_on_minus_off;13;both;requested;30;0.0;0.0;0.0;0.0;True
levy_on_minus_off;13;both;fulfilled;30;0.0;0.0;0.0;0.0;True
levy_on_minus_off;13;both;unmet;30;0.0;0.0;0.0;0.0;True
levy_on_minus_off;13;both;fulfillment_rate;30;0.0;0.0;0.0;0.0;True
levy_on_minus_off;13;both;trips;30;0.0;0.0;0.0;0.0;True
levy_on_minus_off;13;both;travelers;30;0.0;0.0;0.0;0.0;True
levy_on_minus_off;13;both;travelers_per_capita;30;0.0;0.0;0.0;0.0;True
levy_on_minus_off;13;both;traveler_distance;30;-9444872.529071804;18856.32180769831;-9451913.595351484;-9437831.462792125;True
levy_on_minus_off;13;both;distance_per_requested_visit;30;-3.977431521168818;0.007940787819039756;-3.9803966600711416;-3.9744663822664945;True
levy_on_minus_off;13;both;mean_distance_per_traveler;30;-4.1222905357443045;0.008229993225166592;-4.12536366572006;-4.119217405768549;True
levy_on_minus_off;13;both;occupancy_person_hours;30;0.0;0.0;0.0;0.0;True
levy_on_minus_off;13;both;occupancy_per_requested_visit;30;0.0;0.0;0.0;0.0;True
levy_on_minus_off;13;both;peak_hourly_occupancy;30;0.0;0.0;0.0;0.0;True
levy_on_minus_off;94;none;requested;5;0.0;0.0;0.0;0.0;True
levy_on_minus_off;94;none;fulfilled;5;0.0;0.0;0.0;0.0;True
levy_on_minus_off;94;none;unmet;5;0.0;0.0;0.0;0.0;True
levy_on_minus_off;94;none;fulfillment_rate;5;0.0;0.0;0.0;0.0;True
levy_on_minus_off;94;none;trips;5;0.0;0.0;0.0;0.0;True
levy_on_minus_off;94;none;travelers;5;0.0;0.0;0.0;0.0;True
levy_on_minus_off;94;none;travelers_per_capita;5;0.0;0.0;0.0;0.0;True
levy_on_minus_off;94;none;traveler_distance;5;-140636790.52949667;307088.16529451206;-141018090.84861732;-140255490.21037602;True
levy_on_minus_off;94;none;distance_per_requested_visit;5;-5.868322524820624;0.012813804913486269;-5.884232965061707;-5.852412084579542;True
levy_on_minus_off;94;none;mean_distance_per_traveler;5;-5.868322524820624;0.012813804913486269;-5.884232965061707;-5.852412084579542;True
levy_on_minus_off;94;none;occupancy_person_hours;5;0.0;0.0;0.0;0.0;True
levy_on_minus_off;94;none;occupancy_per_requested_visit;5;0.0;0.0;0.0;0.0;True
levy_on_minus_off;94;none;peak_hourly_occupancy;5;0.0;0.0;0.0;0.0;True
flood_pois_minus_none;13;off;requested;1;0.0;;;;False
flood_pois_minus_none;13;off;fulfilled;1;-83445.0;;;;False
flood_pois_minus_none;13;off;unmet;1;83445.0;;;;False
flood_pois_minus_none;13;off;fulfillment_rate;1;-0.03514041849292682;;;;False
flood_pois_minus_none;13;off;trips;1;-27931.0;;;;False
flood_pois_minus_none;13;off;travelers;1;-83445.0;;;;False
flood_pois_minus_none;13;off;travelers_per_capita;1;-0.63251847640705;;;;False
flood_pois_minus_none;13;off;traveler_distance;1;-15323738.247644633;;;;False
flood_pois_minus_none;13;off;distance_per_requested_visit;1;-6.453143686240068;;;;False
flood_pois_minus_none;13;off;mean_distance_per_traveler;1;-3.527252830755117;;;;False
flood_pois_minus_none;13;off;occupancy_person_hours;1;-83445.0;;;;False
flood_pois_minus_none;13;off;occupancy_per_requested_visit;1;-0.03514041849292682;;;;False
flood_pois_minus_none;13;off;peak_hourly_occupancy;1;0.0;;;;False
flood_homes_minus_none;13;off;requested;1;0.0;;;;False
flood_homes_minus_none;13;off;fulfilled;1;0.0;;;;False
flood_homes_minus_none;13;off;unmet;1;0.0;;;;False
flood_homes_minus_none;13;off;fulfillment_rate;1;0.0;;;;False
flood_homes_minus_none;13;off;trips;1;0.0;;;;False
flood_homes_minus_none;13;off;travelers;1;0.0;;;;False
flood_homes_minus_none;13;off;travelers_per_capita;1;0.0;;;;False
flood_homes_minus_none;13;off;traveler_distance;1;15503027.562857628;;;;False
flood_homes_minus_none;13;off;distance_per_requested_visit;1;6.528646131777776;;;;False
flood_homes_minus_none;13;off;mean_distance_per_traveler;1;6.528646131777776;;;;False
flood_homes_minus_none;13;off;occupancy_person_hours;1;0.0;;;;False
flood_homes_minus_none;13;off;occupancy_per_requested_visit;1;0.0;;;;False
flood_homes_minus_none;13;off;peak_hourly_occupancy;1;0.0;;;;False
flood_both_minus_none;13;off;requested;1;0.0;;;;False
flood_both_minus_none;13;off;fulfilled;1;-83445.0;;;;False
flood_both_minus_none;13;off;unmet;1;83445.0;;;;False
flood_both_minus_none;13;off;fulfillment_rate;1;-0.03514041849292682;;;;False
flood_both_minus_none;13;off;trips;1;-27931.0;;;;False
flood_both_minus_none;13;off;travelers;1;-83445.0;;;;False
flood_both_minus_none;13;off;travelers_per_capita;1;-0.63251847640705;;;;False
flood_both_minus_none;13;off;traveler_distance;1;-14209685.831446648;;;;False
flood_both_minus_none;13;off;distance_per_requested_visit;1;-5.983993130445782;;;;False
flood_both_minus_none;13;off;mean_distance_per_traveler;1;-3.0410156986519326;;;;False
flood_both_minus_none;13;off;occupancy_person_hours;1;-83445.0;;;;False
flood_both_minus_none;13;off;occupancy_per_requested_visit;1;-0.03514041849292682;;;;False
flood_both_minus_none;13;off;peak_hourly_occupancy;1;0.0;;;;False
flood_pois_x_homes;13;off;requested;1;0.0;;;;False
flood_pois_x_homes;13;off;fulfilled;1;0.0;;;;False
flood_pois_x_homes;13;off;unmet;1;0.0;;;;False
flood_pois_x_homes;13;off;fulfillment_rate;1;0.0;;;;False
flood_pois_x_homes;13;off;trips;1;0.0;;;;False
flood_pois_x_homes;13;off;travelers;1;0.0;;;;False
flood_pois_x_homes;13;off;travelers_per_capita;1;0.0;;;;False
flood_pois_x_homes;13;off;traveler_distance;1;-14388975.146659642;;;;False
flood_pois_x_homes;13;off;distance_per_requested_visit;1;-6.05949557598349;;;;False
flood_pois_x_homes;13;off;mean_distance_per_traveler;1;-6.042408999674592;;;;False
flood_pois_x_homes;13;off;occupancy_person_hours;1;0.0;;;;False
flood_pois_x_homes;13;off;occupancy_per_requested_visit;1;0.0;;;;False
flood_pois_x_homes;13;off;peak_hourly_occupancy;1;0.0;;;;False
flood_pois_minus_none;13;on;requested;30;0.0;0.0;0.0;0.0;True
flood_pois_minus_none;13;on;fulfilled;30;-83445.0;0.0;-83445.0;-83445.0;True
flood_pois_minus_none;13;on;unmet;30;83445.0;0.0;83445.0;83445.0;True
flood_pois_minus_none;13;on;fulfillment_rate;30;-0.03514041849292682;0.0;-0.03514041849292682;-0.03514041849292682;True
flood_pois_minus_none;13;on;trips;30;-27931.0;0.0;-27931.0;-27931.0;True
flood_pois_minus_none;13;on;travelers;30;-83445.0;0.0;-83445.0;-83445.0;True
flood_pois_minus_none;13;on;travelers_per_capita;30;-0.63251847640705;0.0;-0.63251847640705;-0.63251847640705;True
flood_pois_minus_none;13;on;traveler_distance;30;-13602703.246003274;7228.911802866406;-13605402.566032548;-13600003.925974;True
flood_pois_minus_none;13;on;distance_per_requested_visit;30;-5.728380186945291;0.003044244544323256;-5.729516926539934;-5.727243447350648;True
flood_pois_minus_none;13;on;mean_distance_per_traveler;30;-2.9507211008191647;0.003098234869103439;-2.951878000732406;-2.9495642009059235;True
flood_pois_minus_none;13;on;occupancy_person_hours;30;-83445.0;0.0;-83445.0;-83445.0;True
flood_pois_minus_none;13;on;occupancy_per_requested_visit;30;-0.03514041849292682;0.0;-0.03514041849292682;-0.03514041849292682;True
flood_pois_minus_none;13;on;peak_hourly_occupancy;30;0.0;0.0;0.0;0.0;True
flood_homes_minus_none;13;on;requested;30;0.0;0.0;0.0;0.0;True
flood_homes_minus_none;13;on;fulfilled;30;0.0;0.0;0.0;0.0;True
flood_homes_minus_none;13;on;unmet;30;0.0;0.0;0.0;0.0;True
flood_homes_minus_none;13;on;fulfillment_rate;30;0.0;0.0;0.0;0.0;True
flood_homes_minus_none;13;on;trips;30;0.0;0.0;0.0;0.0;True
flood_homes_minus_none;13;on;travelers;30;0.0;0.0;0.0;0.0;True
flood_homes_minus_none;13;on;travelers_per_capita;30;0.0;0.0;0.0;0.0;True
flood_homes_minus_none;13;on;traveler_distance;30;16492970.291230176;63978.65648858593;16469080.2682758;16516860.314184552;True
flood_homes_minus_none;13;on;distance_per_requested_visit;30;6.945531526457404;0.026942737894711046;6.935470942786454;6.955592110128354;True
flood_homes_minus_none;13;on;mean_distance_per_traveler;30;6.945531526457404;0.026942737894711046;6.935470942786454;6.955592110128354;True
flood_homes_minus_none;13;on;occupancy_person_hours;30;0.0;0.0;0.0;0.0;True
flood_homes_minus_none;13;on;occupancy_per_requested_visit;30;0.0;0.0;0.0;0.0;True
flood_homes_minus_none;13;on;peak_hourly_occupancy;30;0.0;0.0;0.0;0.0;True
flood_both_minus_none;13;on;requested;30;0.0;0.0;0.0;0.0;True
flood_both_minus_none;13;on;fulfilled;30;-83445.0;0.0;-83445.0;-83445.0;True
flood_both_minus_none;13;on;unmet;30;83445.0;0.0;83445.0;83445.0;True
flood_both_minus_none;13;on;fulfillment_rate;30;-0.03514041849292682;0.0;-0.03514041849292682;-0.03514041849292682;True
flood_both_minus_none;13;on;trips;30;-27931.0;0.0;-27931.0;-27931.0;True
flood_both_minus_none;13;on;travelers;30;-83445.0;0.0;-83445.0;-83445.0;True
flood_both_minus_none;13;on;travelers_per_capita;30;-0.63251847640705;0.0;-0.63251847640705;-0.63251847640705;True
flood_both_minus_none;13;on;traveler_distance;30;-12268745.709687315;13393.861873183168;-12273747.059905652;-12263744.359468978;True
flood_both_minus_none;13;on;distance_per_requested_visit;30;-5.16662302860223;0.005640432757625753;-5.168729200807899;-5.1645168563965616;True
flood_both_minus_none;13;on;mean_distance_per_traveler;30;-2.3685046113838677;0.0058117416341324215;-2.3706747513753053;-2.36633447139243;True
flood_both_minus_none;13;on;occupancy_person_hours;30;-83445.0;0.0;-83445.0;-83445.0;True
flood_both_minus_none;13;on;occupancy_per_requested_visit;30;-0.03514041849292682;0.0;-0.03514041849292682;-0.03514041849292682;True
flood_both_minus_none;13;on;peak_hourly_occupancy;30;0.0;0.0;0.0;0.0;True
flood_pois_x_homes;13;on;requested;30;0.0;0.0;0.0;0.0;True
flood_pois_x_homes;13;on;fulfilled;30;0.0;0.0;0.0;0.0;True
flood_pois_x_homes;13;on;unmet;30;0.0;0.0;0.0;0.0;True
flood_pois_x_homes;13;on;fulfillment_rate;30;0.0;0.0;0.0;0.0;True
flood_pois_x_homes;13;on;trips;30;0.0;0.0;0.0;0.0;True
flood_pois_x_homes;13;on;travelers;30;0.0;0.0;0.0;0.0;True
flood_pois_x_homes;13;on;travelers_per_capita;30;0.0;0.0;0.0;0.0;True
flood_pois_x_homes;13;on;traveler_distance;30;-15159012.754914217;61554.67352479912;-15181997.647754518;-15136027.862073915;True
flood_pois_x_homes;13;on;distance_per_requested_visit;30;-6.383774368114344;0.02592194844336995;-6.393453782739826;-6.3740949534888625;True
flood_pois_x_homes;13;on;mean_distance_per_traveler;30;-6.363315037022107;0.025908644042676662;-6.372989483702724;-6.353640590341491;True
flood_pois_x_homes;13;on;occupancy_person_hours;30;0.0;0.0;0.0;0.0;True
flood_pois_x_homes;13;on;occupancy_per_requested_visit;30;0.0;0.0;0.0;0.0;True
flood_pois_x_homes;13;on;peak_hourly_occupancy;30;0.0;0.0;0.0;0.0;True
levy_x_flood_pois;13;pois;requested;30;0.0;0.0;0.0;0.0;True
levy_x_flood_pois;13;pois;fulfilled;30;0.0;0.0;0.0;0.0;True
levy_x_flood_pois;13;pois;unmet;30;0.0;0.0;0.0;0.0;True
levy_x_flood_pois;13;pois;fulfillment_rate;30;0.0;0.0;0.0;0.0;True
levy_x_flood_pois;13;pois;trips;30;0.0;0.0;0.0;0.0;True
levy_x_flood_pois;13;pois;travelers;30;0.0;0.0;0.0;0.0;True
levy_x_flood_pois;13;pois;travelers_per_capita;30;0.0;0.0;0.0;0.0;True
levy_x_flood_pois;13;pois;traveler_distance;30;1721035.001641358;7228.911802866406;1718335.6816120846;1723734.3216706314;True
levy_x_flood_pois;13;pois;distance_per_requested_visit;30;0.7247634992947776;0.003044244544323256;0.7236267597001349;0.7259002388894202;True
levy_x_flood_pois;13;pois;mean_distance_per_traveler;30;0.5765317299359524;0.003098234869103439;0.5753748300227112;0.5776886298491936;True
levy_x_flood_pois;13;pois;occupancy_person_hours;30;0.0;0.0;0.0;0.0;True
levy_x_flood_pois;13;pois;occupancy_per_requested_visit;30;0.0;0.0;0.0;0.0;True
levy_x_flood_pois;13;pois;peak_hourly_occupancy;30;0.0;0.0;0.0;0.0;True
levy_x_flood_homes;13;homes;requested;30;0.0;0.0;0.0;0.0;True
levy_x_flood_homes;13;homes;fulfilled;30;0.0;0.0;0.0;0.0;True
levy_x_flood_homes;13;homes;unmet;30;0.0;0.0;0.0;0.0;True
levy_x_flood_homes;13;homes;fulfillment_rate;30;0.0;0.0;0.0;0.0;True
levy_x_flood_homes;13;homes;trips;30;0.0;0.0;0.0;0.0;True
levy_x_flood_homes;13;homes;travelers;30;0.0;0.0;0.0;0.0;True
levy_x_flood_homes;13;homes;travelers_per_capita;30;0.0;0.0;0.0;0.0;True
levy_x_flood_homes;13;homes;traveler_distance;30;989942.728372548;63978.65648858593;966052.7054181716;1013832.7513269244;True
levy_x_flood_homes;13;homes;distance_per_requested_visit;30;0.41688539467962754;0.026942737894711046;0.4068248110086774;0.4269459783505777;True
levy_x_flood_homes;13;homes;mean_distance_per_traveler;30;0.41688539467962754;0.026942737894711046;0.4068248110086774;0.4269459783505777;True
levy_x_flood_homes;13;homes;occupancy_person_hours;30;0.0;0.0;0.0;0.0;True
levy_x_flood_homes;13;homes;occupancy_per_requested_visit;30;0.0;0.0;0.0;0.0;True
levy_x_flood_homes;13;homes;peak_hourly_occupancy;30;0.0;0.0;0.0;0.0;True
levy_x_flood_both;13;both;requested;30;0.0;0.0;0.0;0.0;True
levy_x_flood_both;13;both;fulfilled;30;0.0;0.0;0.0;0.0;True
levy_x_flood_both;13;both;unmet;30;0.0;0.0;0.0;0.0;True
levy_x_flood_both;13;both;fulfillment_rate;30;0.0;0.0;0.0;0.0;True
levy_x_flood_both;13;both;trips;30;0.0;0.0;0.0;0.0;True
levy_x_flood_both;13;both;travelers;30;0.0;0.0;0.0;0.0;True
levy_x_flood_both;13;both;travelers_per_capita;30;0.0;0.0;0.0;0.0;True
levy_x_flood_both;13;both;traveler_distance;30;1940940.1217593332;13393.861873183168;1935938.7715409962;1945941.4719776702;True
levy_x_flood_both;13;both;distance_per_requested_visit;30;0.8173701018435519;0.005640432757625753;0.815263929637883;0.8194762740492207;True
levy_x_flood_both;13;both;mean_distance_per_traveler;30;0.672511087268065;0.0058117416341324215;0.6703409472766274;0.6746812272595025;True
levy_x_flood_both;13;both;occupancy_person_hours;30;0.0;0.0;0.0;0.0;True
levy_x_flood_both;13;both;occupancy_per_requested_visit;30;0.0;0.0;0.0;0.0;True
levy_x_flood_both;13;both;peak_hourly_occupancy;30;0.0;0.0;0.0;0.0;True
