Frame;Hour;Vacc0;Vacc1;Vacc2;Vacc3;dI;dR;dV
0;0;190489;0;0;0;190489;0;
1;1;190489;0;0;0;0;0;
2;2;190489;0;0;0;0;0;
3;3;190489;0;0;0;0;0;
4;4;190489;0;0;0;0;0;
5;5;190489;0;0;0;0;0;
6;6;190489;0;0;0;0;0;
7;7;190489;0;0;0;0;0;
8;8;190489;0;0;0;0;0;
9;9;190385;104;0;0;-104;104;
10;10;190273;216;0;0;-112;112;
11;11;190273;216;0;0;0;0;
12;12;190160;329;0;0;-113;113;
13;13;190160;329;0;0;0;0;
14;14;190160;329;0;0;0;0;
15;15;190160;329;0;0;0;0;
16;16;190160;329;0;0;0;0;
17;17;190160;329;0;0;0;0;
18;18;190160;329;0;0;0;0;
19;19;190160;329;0;0;0;0;
20;20;190160;329;0;0;0;0;
21;21;190160;329;0;0;0;0;
22;22;190160;329;0;0;0;0;
23;23;190160;329;0;0;0;0;
24;0;190160;329;0;0;0;0;
25;1;190160;329;0;0;0;0;
26;2;190160;329;0;0;0;0;
27;3;190160;329;0;0;0;0;
28;4;190160;329;0;0;0;0;
29;5;190160;329;0;0;0;0;
30;6;190160;329;0;0;0;0;
31;7;190160;329;0;0;0;0;
32;8;190160;329;0;0;0;0;
33;9;188277;2212;0;0;-1883;1883;
34;10;186389;4100;0;0;-1888;1888;
35;11;186389;4100;0;0;0;0;
36;12;184494;5995;0;0;-1895;1895;
37;13;184494;5995;0;0;0;0;
38;14;184494;5995;0;0;0;0;
39;15;184494;5995;0;0;0;0;
40;16;184494;5995;0;0;0;0;
41;17;184494;5995;0;0;0;0;
42;18;184494;5995;0;0;0;0;
43;19;184494;5995;0;0;0;0;
44;20;184494;5995;0;0;0;0;
45;21;184494;5995;0;0;0;0;
46;22;184494;5995;0;0;0;0;
47;23;184494;5995;0;0;0;0;
48;0;184494;5995;0;0;0;0;
49;1;184494;5995;0;0;0;0;
50;2;184494;5995;0;0;0;0;
51;3;184494;5995;0;0;0;0;
52;4;184494;5995;0;0;0;0;
53;5;184494;5995;0;0;0;0;
54;6;184494;5995;0;0;0;0;
55;7;184494;5995;0;0;0;0;
56;8;184494;5995;0;0;0;0;
57;9;182147;8342;0;0;-2347;2347;
58;10;179795;10694;0;0;-2352;2352;
59;11;179795;10694;0;0;0;0;
60;12;177440;13049;0;0;-2355;2355;
61;13;177440;13049;0;0;0;0;
62;14;177440;13049;0;0;0;0;
63;15;177440;13049;0;0;0;0;
64;16;177440;13049;0;0;0;0;
65;17;177440;13049;0;0;0;0;
66;18;177440;13049;0;0;0;0;
67;19;177440;13049;0;0;0;0;
68;20;177440;13049;0;0;0;0;
69;21;177440;13049;0;0;0;0;
70;22;177440;13049;0;0;0;0;
71;23;177440;13049;0;0;0;0;
72;0;177440;13049;0;0;0;0;
73;1;177440;13049;0;0;0;0;
74;2;177440;13049;0;0;0;0;
75;3;177440;13049;0;0;0;0;
76;4;177440;13049;0;0;0;0;
77;5;177440;13049;0;0;0;0;
78;6;177440;13049;0;0;0;0;
79;7;177440;13049;0;0;0;0;
80;8;177440;13049;0;0;0;0;
81;9;175484;15005;0;0;-1956;1956;
82;10;173524;16965;0;0;-1960;1960;
83;11;173524;16965;0;0;0;0;
84;12;171557;18932;0;0;-1967;1967;
85;13;171557;18932;0;0;0;0;
86;14;171557;18932;0;0;0;0;
87;15;171557;18932;0;0;0;0;
88;16;171557;18932;0;0;0;0;
89;17;171557;18932;0;0;0;0;
90;18;171557;18932;0;0;0;0;
91;19;171557;18932;0;0;0;0;
92;20;171557;18932;0;0;0;0;
93;21;171557;18932;0;0;0;0;
94;22;171557;18932;0;0;0;0;
95;23;171557;18932;0;0;0;0;
96;0;171557;18932;0;0;0;0;
97;1;171557;18932;0;0;0;0;
98;2;171557;18932;0;0;0;0;
99;3;171557;18932;0;0;0;0;
100;4;171557;18932;0;0;0;0;
101;5;171557;18932;0;0;0;0;
102;6;171557;18932;0;0;0;0;
103;7;171557;18932;0;0;0;0;
104;8;171557;18932;0;0;0;0;
105;9;171117;19372;0;0;-440;440;
106;10;170672;19817;0;0;-445;445;
107;11;170672;19817;0;0;0;0;
108;12;170226;20263;0;0;-446;446;
109;13;170226;20263;0;0;0;0;
110;14;170226;20263;0;0;0;0;
111;15;170226;20263;0;0;0;0;
112;16;170226;20263;0;0;0;0;
113;17;170226;20263;0;0;0;0;
114;18;170226;20263;0;0;0;0;
115;19;170226;20263;0;0;0;0;
116;20;170226;20263;0;0;0;0;
117;21;170226;20263;0;0;0;0;
118;22;170226;20263;0;0;0;0;
119;23;170226;20263;0;0;0;0;
120;0;170226;20263;0;0;0;0;
121;1;170226;20263;0;0;0;0;
122;2;170226;20263;0;0;0;0;
123;3;170226;20263;0;0;0;0;
124;4;170226;20263;0;0;0;0;
125;5;170226;20263;0;0;0;0;
126;6;170226;20263;0;0;0;0;
127;7;170226;20263;0;0;0;0;
128;8;170226;20263;0;0;0;0;
129;9;170126;20363;0;0;-100;100;
130;10;170025;20464;0;0;-101;101;
131;11;170025;20464;0;0;0;0;
132;12;169919;20570;0;0;-106;106;
133;13;169919;20570;0;0;0;0;
134;14;169919;20570;0;0;0;0;
135;15;169919;20570;0;0;0;0;
136;16;169919;20570;0;0;0;0;
137;17;169919;20570;0;0;0;0;
138;18;169919;20570;0;0;0;0;
139;19;169919;20570;0;0;0;0;
140;20;169919;20570;0;0;0;0;
141;21;169919;20570;0;0;0;0;
142;22;169919;20570;0;0;0;0;
143;23;169919;20570;0;0;0;0;
144;0;169919;20570;0;0;0;0;
145;1;169919;20570;0;0;0;0;
146;2;169919;20570;0;0;0;0;
147;3;169919;20570;0;0;0;0;
148;4;169919;20570;0;0;0;0;
149;5;169919;20570;0;0;0;0;
150;6;169919;20570;0;0;0;0;
151;7;169919;20570;0;0;0;0;
152;8;169919;20570;0;0;0;0;
153;9;168553;21936;0;0;-1366;1366;
154;10;167185;23304;0;0;-1368;1368;
155;11;167185;23304;0;0;0;0;
156;12;165809;24680;0;0;-1376;1376;
157;13;165809;24680;0;0;0;0;
158;14;165809;24680;0;0;0;0;
159;15;165809;24680;0;0;0;0;
160;16;165809;24680;0;0;0;0;
161;17;165809;24680;0;0;0;0;
162;18;165809;24680;0;0;0;0;
163;19;165809;24680;0;0;0;0;
164;20;165809;24680;0;0;0;0;
165;21;165809;24680;0;0;0;0;
166;22;165809;24680;0;0;0;0;
167;23;165809;24680;0;0;0;0;
168;0;165809;24680;0;0;0;0;
169;1;165809;24680;0;0;0;0;
170;2;165809;24680;0;0;0;0;
171;3;165809;24680;0;0;0;0;
172;4;165809;24680;0;0;0;0;
173;5;165809;24680;0;0;0;0;
174;6;165809;24680;0;0;0;0;
175;7;165809;24680;0;0;0;0;
176;8;165809;24680;0;0;0;0;
177;9;164557;25932;0;0;-1252;1252;
178;10;163304;27185;0;0;-1253;1253;
179;11;163304;27185;0;0;0;0;
180;12;162044;28445;0;0;-1260;1260;
181;13;162044;28445;0;0;0;0;
182;14;162044;28445;0;0;0;0;
183;15;162044;28445;0;0;0;0;
184;16;162044;28445;0;0;0;0;
185;17;162044;28445;0;0;0;0;
186;18;162044;28445;0;0;0;0;
187;19;162044;28445;0;0;0;0;
188;20;162044;28445;0;0;0;0;
189;21;162044;28445;0;0;0;0;
190;22;162044;28445;0;0;0;0;
191;23;162044;28445;0;0;0;0;
192;0;162044;28445;0;0;0;0;
193;1;162044;28445;0;0;0;0;
194;2;162044;28445;0;0;0;0;
195;3;162044;28445;0;0;0;0;
196;4;162044;28445;0;0;0;0;
197;5;162044;28445;0;0;0;0;
198;6;162044;28445;0;0;0;0;
199;7;162044;28445;0;0;0;0;
200;8;162044;28445;0;0;0;0;
201;9;161119;29370;0;0;-925;925;
202;10;160191;30298;0;0;-928;928;
203;11;160191;30298;0;0;0;0;
204;12;159259;31230;0;0;-932;932;
205;13;159259;31230;0;0;0;0;
206;14;159259;31230;0;0;0;0;
207;15;159259;31230;0;0;0;0;
208;16;159259;31230;0;0;0;0;
209;17;159259;31230;0;0;0;0;
210;18;159259;31230;0;0;0;0;
211;19;159259;31230;0;0;0;0;
212;20;159259;31230;0;0;0;0;
213;21;159259;31230;0;0;0;0;
214;22;159259;31230;0;0;0;0;
215;23;159259;31230;0;0;0;0;
216;0;159259;31230;0;0;0;0;
217;1;159259;31230;0;0;0;0;
218;2;159259;31230;0;0;0;0;
219;3;159259;31230;0;0;0;0;
220;4;159259;31230;0;0;0;0;
221;5;159259;31230;0;0;0;0;
222;6;159259;31230;0;0;0;0;
223;7;159259;31230;0;0;0;0;
224;8;159259;31230;0;0;0;0;
225;9;158085;32404;0;0;-1174;1174;
226;10;156908;33581;0;0;-1177;1177;
227;11;156908;33581;0;0;0;0;
228;12;155727;34762;0;0;-1181;1181;
229;13;155727;34762;0;0;0;0;
230;14;155727;34762;0;0;0;0;
231;15;155727;34762;0;0;0;0;
232;16;155727;34762;0;0;0;0;
233;17;155727;34762;0;0;0;0;
234;18;155727;34762;0;0;0;0;
235;19;155727;34762;0;0;0;0;
236;20;155727;34762;0;0;0;0;
237;21;155727;34762;0;0;0;0;
238;22;155727;34762;0;0;0;0;
239;23;155727;34762;0;0;0;0;
240;0;155727;34762;0;0;0;0;
241;1;155727;34762;0;0;0;0;
242;2;155727;34762;0;0;0;0;
243;3;155727;34762;0;0;0;0;
244;4;155727;34762;0;0;0;0;
245;5;155727;34762;0;0;0;0;
246;6;155727;34762;0;0;0;0;
247;7;155727;34762;0;0;0;0;
248;8;155727;34762;0;0;0;0;
249;9;153651;36838;0;0;-2076;2076;
250;10;151571;38918;0;0;-2080;2080;
251;11;151571;38918;0;0;0;0;
252;12;149484;41005;0;0;-2087;2087;
253;13;149484;41005;0;0;0;0;
254;14;149484;41005;0;0;0;0;
255;15;149484;41005;0;0;0;0;
256;16;149484;41005;0;0;0;0;
257;17;149484;41005;0;0;0;0;
258;18;149484;41005;0;0;0;0;
259;19;149484;41005;0;0;0;0;
260;20;149484;41005;0;0;0;0;
261;21;149484;41005;0;0;0;0;
262;22;149484;41005;0;0;0;0;
263;23;149484;41005;0;0;0;0;
264;0;149484;41005;0;0;0;0;
265;1;149484;41005;0;0;0;0;
266;2;149484;41005;0;0;0;0;
267;3;149484;41005;0;0;0;0;
268;4;149484;41005;0;0;0;0;
269;5;149484;41005;0;0;0;0;
270;6;149484;41005;0;0;0;0;
271;7;149484;41005;0;0;0;0;
272;8;149484;41005;0;0;0;0;
273;9;148805;41684;0;0;-679;679;
274;10;148124;42365;0;0;-681;681;
275;11;148124;42365;0;0;0;0;
276;12;147438;43051;0;0;-686;686;
277;13;147438;43051;0;0;0;0;
278;14;147438;43051;0;0;0;0;
279;15;147438;43051;0;0;0;0;
280;16;147438;43051;0;0;0;0;
281;17;147438;43051;0;0;0;0;
282;18;147438;43051;0;0;0;0;
283;19;147438;43051;0;0;0;0;
284;20;147438;43051;0;0;0;0;
285;21;147438;43051;0;0;0;0;
286;22;147438;43051;0;0;0;0;
287;23;147438;43051;0;0;0;0;
288;0;147438;43051;0;0;0;0;
289;1;147438;43051;0;0;0;0;
290;2;147438;43051;0;0;0;0;
291;3;147438;43051;0;0;0;0;
292;4;147438;43051;0;0;0;0;
293;5;147438;43051;0;0;0;0;
294;6;147438;43051;0;0;0;0;
295;7;147438;43051;0;0;0;0;
296;8;147438;43051;0;0;0;0;
297;9;147438;43051;0;0;0;0;
298;10;147438;43051;0;0;0;0;
299;11;147438;43051;0;0;0;0;
300;12;147438;43051;0;0;0;0;
301;13;147438;43051;0;0;0;0;
302;14;147438;43051;0;0;0;0;
303;15;147438;43051;0;0;0;0;
304;16;147438;43051;0;0;0;0;
305;17;147438;43051;0;0;0;0;
306;18;147438;43051;0;0;0;0;
307;19;147438;43051;0;0;0;0;
308;20;147438;43051;0;0;0;0;
309;21;147438;43051;0;0;0;0;
310;22;147438;43051;0;0;0;0;
311;23;147438;43051;0;0;0;0;
312;0;147438;43051;0;0;0;0;
313;1;147438;43051;0;0;0;0;
314;2;147438;43051;0;0;0;0;
315;3;147438;43051;0;0;0;0;
316;4;147438;43051;0;0;0;0;
317;5;147438;43051;0;0;0;0;
318;6;147438;43051;0;0;0;0;
319;7;147438;43051;0;0;0;0;
320;8;147438;43051;0;0;0;0;
321;9;146144;44345;0;0;-1294;1294;
322;10;144847;45642;0;0;-1297;1297;
323;11;144847;45642;0;0;0;0;
324;12;143546;46943;0;0;-1301;1301;
325;13;143546;46943;0;0;0;0;
326;14;143546;46943;0;0;0;0;
327;15;143546;46943;0;0;0;0;
328;16;143546;46943;0;0;0;0;
329;17;143546;46943;0;0;0;0;
330;18;143546;46943;0;0;0;0;
331;19;143546;46943;0;0;0;0;
332;20;143546;46943;0;0;0;0;
333;21;143546;46943;0;0;0;0;
334;22;143546;46943;0;0;0;0;
335;23;143546;46943;0;0;0;0;
336;0;143546;46943;0;0;0;0;
337;1;143546;46943;0;0;0;0;
338;2;143546;46943;0;0;0;0;
339;3;143546;46943;0;0;0;0;
340;4;143546;46943;0;0;0;0;
341;5;143546;46943;0;0;0;0;
342;6;143546;46943;0;0;0;0;
343;7;143546;46943;0;0;0;0;
344;8;143546;46943;0;0;0;0;
345;9;143457;47032;0;0;-89;89;
346;10;143361;47128;0;0;-96;96;
347;11;143361;47128;0;0;0;0;
348;12;143262;47227;0;0;-99;99;
349;13;143262;47227;0;0;0;0;
350;14;143262;47227;0;0;0;0;
351;15;143262;47227;0;0;0;0;
352;16;143262;47227;0;0;0;0;
353;17;143262;47227;0;0;0;0;
354;18;143262;47227;0;0;0;0;
355;19;143262;47227;0;0;0;0;
356;20;143262;47227;0;0;0;0;
357;21;143262;47227;0;0;0;0;
358;22;143262;47227;0;0;0;0;
359;23;143262;47227;0;0;0;0;
360;0;143262;47227;0;0;0;0;
361;1;143262;47227;0;0;0;0;
362;2;143262;47227;0;0;0;0;
363;3;143262;47227;0;0;0;0;
364;4;143262;47227;0;0;0;0;
365;5;143262;47227;0;0;0;0;
366;6;143262;47227;0;0;0;0;
367;7;143262;47227;0;0;0;0;
368;8;143262;47227;0;0;0;0;
369;9;142186;48303;0;0;-1076;1076;
370;10;141103;49386;0;0;-1083;1083;
371;11;141103;49386;0;0;0;0;
372;12;140016;50473;0;0;-1087;1087;
373;13;140016;50473;0;0;0;0;
374;14;140016;50473;0;0;0;0;
375;15;140016;50473;0;0;0;0;
376;16;140016;50473;0;0;0;0;
377;17;140016;50473;0;0;0;0;
378;18;140016;50473;0;0;0;0;
379;19;140016;50473;0;0;0;0;
380;20;140016;50473;0;0;0;0;
381;21;140016;50473;0;0;0;0;
382;22;140016;50473;0;0;0;0;
383;23;140016;50473;0;0;0;0;
384;0;140016;50473;0;0;0;0;
385;1;140016;50473;0;0;0;0;
386;2;140016;50473;0;0;0;0;
387;3;140016;50473;0;0;0;0;
388;4;140016;50473;0;0;0;0;
389;5;140016;50473;0;0;0;0;
390;6;140016;50473;0;0;0;0;
391;7;140016;50473;0;0;0;0;
392;8;140016;50473;0;0;0;0;
393;9;138734;51755;0;0;-1282;1282;
394;10;137447;53042;0;0;-1287;1287;
395;11;137447;53042;0;0;0;0;
396;12;136154;54335;0;0;-1293;1293;
397;13;136154;54335;0;0;0;0;
398;14;136154;54335;0;0;0;0;
399;15;136154;54335;0;0;0;0;
400;16;136154;54335;0;0;0;0;
401;17;136154;54335;0;0;0;0;
402;18;136154;54335;0;0;0;0;
403;19;136154;54335;0;0;0;0;
404;20;136154;54335;0;0;0;0;
405;21;136154;54335;0;0;0;0;
406;22;136154;54335;0;0;0;0;
407;23;136154;54335;0;0;0;0;
408;0;136154;54335;0;0;0;0;
409;1;136154;54335;0;0;0;0;
410;2;136154;54335;0;0;0;0;
411;3;136154;54335;0;0;0;0;
412;4;136154;54335;0;0;0;0;
413;5;136154;54335;0;0;0;0;
414;6;136154;54335;0;0;0;0;
415;7;136154;54335;0;0;0;0;
416;8;136154;54335;0;0;0;0;
417;9;135236;55253;0;0;-918;918;
418;10;134314;56175;0;0;-922;922;
419;11;134314;56175;0;0;0;0;
420;12;133389;57100;0;0;-925;925;
421;13;133389;57100;0;0;0;0;
422;14;133389;57100;0;0;0;0;
423;15;133389;57100;0;0;0;0;
424;16;133389;57100;0;0;0;0;
425;17;133389;57100;0;0;0;0;
426;18;133389;57100;0;0;0;0;
427;19;133389;57100;0;0;0;0;
428;20;133389;57100;0;0;0;0;
429;21;133389;57100;0;0;0;0;
430;22;133389;57100;0;0;0;0;
431;23;133389;57100;0;0;0;0;
432;0;133389;57100;0;0;0;0;
433;1;133389;57100;0;0;0;0;
434;2;133389;57100;0;0;0;0;
435;3;133389;57100;0;0;0;0;
436;4;133389;57100;0;0;0;0;
437;5;133389;57100;0;0;0;0;
438;6;133389;57100;0;0;0;0;
439;7;133389;57100;0;0;0;0;
440;8;133389;57100;0;0;0;0;
441;9;131191;59298;0;0;-2198;2198;
442;10;128988;61501;0;0;-2203;2203;
443;11;128988;61501;0;0;0;0;
444;12;126781;63708;0;0;-2207;2207;
445;13;126781;63708;0;0;0;0;
446;14;126781;63708;0;0;0;0;
447;15;126781;63708;0;0;0;0;
448;16;126781;63708;0;0;0;0;
449;17;126781;63708;0;0;0;0;
450;18;126781;63708;0;0;0;0;
451;19;126781;63708;0;0;0;0;
452;20;126781;63708;0;0;0;0;
453;21;126781;63708;0;0;0;0;
454;22;126781;63708;0;0;0;0;
455;23;126781;63708;0;0;0;0;
456;0;126781;63708;0;0;0;0;
457;1;126781;63708;0;0;0;0;
458;2;126781;63708;0;0;0;0;
459;3;126781;63708;0;0;0;0;
460;4;126781;63708;0;0;0;0;
461;5;126781;63708;0;0;0;0;
462;6;126781;63708;0;0;0;0;
463;7;126781;63708;0;0;0;0;
464;8;126781;63708;0;0;0;0;
465;9;126781;63708;0;0;0;0;
466;10;126781;63708;0;0;0;0;
467;11;126781;63708;0;0;0;0;
468;12;126781;63708;0;0;0;0;
469;13;126781;63708;0;0;0;0;
470;14;126781;63708;0;0;0;0;
471;15;126781;63708;0;0;0;0;
472;16;126781;63708;0;0;0;0;
473;17;126781;63708;0;0;0;0;
474;18;126781;63708;0;0;0;0;
475;19;126781;63708;0;0;0;0;
476;20;126781;63708;0;0;0;0;
477;21;126781;63708;0;0;0;0;
478;22;126781;63708;0;0;0;0;
479;23;126781;63708;0;0;0;0;
480;0;126781;63708;0;0;0;0;
481;1;126781;63708;0;0;0;0;
482;2;126781;63708;0;0;0;0;
483;3;126781;63708;0;0;0;0;
484;4;126781;63708;0;0;0;0;
485;5;126781;63708;0;0;0;0;
486;6;126781;63708;0;0;0;0;
487;7;126781;63708;0;0;0;0;
488;8;126781;63708;0;0;0;0;
489;9;126056;64329;104;0;-725;621;
490;10;125325;64948;216;0;-731;619;
491;11;125325;64948;216;0;0;0;
492;12;124590;65570;329;0;-735;622;
493;13;124590;65570;329;0;0;0;
494;14;124590;65570;329;0;0;0;
495;15;124590;65570;329;0;0;0;
496;16;124590;65570;329;0;0;0;
497;17;124590;65570;329;0;0;0;
498;18;124590;65570;329;0;0;0;
499;19;124590;65570;329;0;0;0;
500;20;124590;65570;329;0;0;0;
501;21;124590;65570;329;0;0;0;
502;22;124590;65570;329;0;0;0;
503;23;124590;65570;329;0;0;0;
504;0;124590;65570;329;0;0;0;
505;1;124590;65570;329;0;0;0;
506;2;124590;65570;329;0;0;0;
507;3;124590;65570;329;0;0;0;
508;4;124590;65570;329;0;0;0;
509;5;124590;65570;329;0;0;0;
510;6;124590;65570;329;0;0;0;
511;7;124590;65570;329;0;0;0;
512;8;124590;65570;329;0;0;0;
513;9;123718;64559;2212;0;-872;-1011;
514;10;122844;63545;4100;0;-874;-1014;
515;11;122844;63545;4100;0;0;0;
516;12;121964;62530;5995;0;-880;-1015;
517;13;121964;62530;5995;0;0;0;
518;14;121964;62530;5995;0;0;0;
519;15;121964;62530;5995;0;0;0;
520;16;121964;62530;5995;0;0;0;
521;17;121964;62530;5995;0;0;0;
522;18;121964;62530;5995;0;0;0;
523;19;121964;62530;5995;0;0;0;
524;20;121964;62530;5995;0;0;0;
525;21;121964;62530;5995;0;0;0;
526;22;121964;62530;5995;0;0;0;
527;23;121964;62530;5995;0;0;0;
528;0;121964;62530;5995;0;0;0;
529;1;121964;62530;5995;0;0;0;
530;2;121964;62530;5995;0;0;0;
531;3;121964;62530;5995;0;0;0;
532;4;121964;62530;5995;0;0;0;
533;5;121964;62530;5995;0;0;0;
534;6;121964;62530;5995;0;0;0;
535;7;121964;62530;5995;0;0;0;
536;8;121964;62530;5995;0;0;0;
537;9;119720;62427;8342;0;-2244;-103;
538;10;117468;62327;10694;0;-2252;-100;
539;11;117468;62327;10694;0;0;0;
540;12;115214;62226;13049;0;-2254;-101;
541;13;115214;62226;13049;0;0;0;
542;14;115214;62226;13049;0;0;0;
543;15;115214;62226;13049;0;0;0;
544;16;115214;62226;13049;0;0;0;
545;17;115214;62226;13049;0;0;0;
546;18;115214;62226;13049;0;0;0;
547;19;115214;62226;13049;0;0;0;
548;20;115214;62226;13049;0;0;0;
549;21;115214;62226;13049;0;0;0;
550;22;115214;62226;13049;0;0;0;
551;23;115214;62226;13049;0;0;0;
552;0;115214;62226;13049;0;0;0;
553;1;115214;62226;13049;0;0;0;
554;2;115214;62226;13049;0;0;0;
555;3;115214;62226;13049;0;0;0;
556;4;115214;62226;13049;0;0;0;
557;5;115214;62226;13049;0;0;0;
558;6;115214;62226;13049;0;0;0;
559;7;115214;62226;13049;0;0;0;
560;8;115214;62226;13049;0;0;0;
561;9;112990;62494;15005;0;-2224;268;
562;10;110762;62762;16965;0;-2228;268;
563;11;110762;62762;16965;0;0;0;
564;12;108528;63029;18932;0;-2234;267;
565;13;108528;63029;18932;0;0;0;
566;14;108528;63029;18932;0;0;0;
567;15;108528;63029;18932;0;0;0;
568;16;108528;63029;18932;0;0;0;
569;17;108528;63029;18932;0;0;0;
570;18;108528;63029;18932;0;0;0;
571;19;108528;63029;18932;0;0;0;
572;20;108528;63029;18932;0;0;0;
573;21;108528;63029;18932;0;0;0;
574;22;108528;63029;18932;0;0;0;
575;23;108528;63029;18932;0;0;0;
576;0;108528;63029;18932;0;0;0;
577;1;108528;63029;18932;0;0;0;
578;2;108528;63029;18932;0;0;0;
579;3;108528;63029;18932;0;0;0;
580;4;108528;63029;18932;0;0;0;
581;5;108528;63029;18932;0;0;0;
582;6;108528;63029;18932;0;0;0;
583;7;108528;63029;18932;0;0;0;
584;8;108528;63029;18932;0;0;0;
585;9;106497;64620;19372;0;-2031;1591;
586;10;104464;66208;19817;0;-2033;1588;
587;11;104464;66208;19817;0;0;0;
588;12;102424;67802;20263;0;-2040;1594;
589;13;102424;67802;20263;0;0;0;
590;14;102424;67802;20263;0;0;0;
591;15;102424;67802;20263;0;0;0;
592;16;102424;67802;20263;0;0;0;
593;17;102424;67802;20263;0;0;0;
594;18;102424;67802;20263;0;0;0;
595;19;102424;67802;20263;0;0;0;
596;20;102424;67802;20263;0;0;0;
597;21;102424;67802;20263;0;0;0;
598;22;102424;67802;20263;0;0;0;
599;23;102424;67802;20263;0;0;0;
600;0;102424;67802;20263;0;0;0;
601;1;102424;67802;20263;0;0;0;
602;2;102424;67802;20263;0;0;0;
603;3;102424;67802;20263;0;0;0;
604;4;102424;67802;20263;0;0;0;
605;5;102424;67802;20263;0;0;0;
606;6;102424;67802;20263;0;0;0;
607;7;102424;67802;20263;0;0;0;
608;8;102424;67802;20263;0;0;0;
609;9;102022;68104;20363;0;-402;302;
610;10;101615;68410;20464;0;-407;306;
611;11;101615;68410;20464;0;0;0;
612;12;101201;68718;20570;0;-414;308;
613;13;101201;68718;20570;0;0;0;
614;14;101201;68718;20570;0;0;0;
615;15;101201;68718;20570;0;0;0;
616;16;101201;68718;20570;0;0;0;
617;17;101201;68718;20570;0;0;0;
618;18;101201;68718;20570;0;0;0;
619;19;101201;68718;20570;0;0;0;
620;20;101201;68718;20570;0;0;0;
621;21;101201;68718;20570;0;0;0;
622;22;101201;68718;20570;0;0;0;
623;23;101201;68718;20570;0;0;0;
624;0;101201;68718;20570;0;0;0;
625;1;101201;68718;20570;0;0;0;
626;2;101201;68718;20570;0;0;0;
627;3;101201;68718;20570;0;0;0;
628;4;101201;68718;20570;0;0;0;
629;5;101201;68718;20570;0;0;0;
630;6;101201;68718;20570;0;0;0;
631;7;101201;68718;20570;0;0;0;
632;8;101201;68718;20570;0;0;0;
633;9;101201;67352;21936;0;0;-1366;
634;10;101201;65984;23304;0;0;-1368;
635;11;101201;65984;23304;0;0;0;
636;12;101201;64608;24680;0;0;-1376;
637;13;101201;64608;24680;0;0;0;
638;14;101201;64608;24680;0;0;0;
639;15;101201;64608;24680;0;0;0;
640;16;101201;64608;24680;0;0;0;
641;17;101201;64608;24680;0;0;0;
642;18;101201;64608;24680;0;0;0;
643;19;101201;64608;24680;0;0;0;
644;20;101201;64608;24680;0;0;0;
645;21;101201;64608;24680;0;0;0;
646;22;101201;64608;24680;0;0;0;
647;23;101201;64608;24680;0;0;0;
648;0;101201;64608;24680;0;0;0;
649;1;101201;64608;24680;0;0;0;
650;2;101201;64608;24680;0;0;0;
651;3;101201;64608;24680;0;0;0;
652;4;101201;64608;24680;0;0;0;
653;5;101201;64608;24680;0;0;0;
654;6;101201;64608;24680;0;0;0;
655;7;101201;64608;24680;0;0;0;
656;8;101201;64608;24680;0;0;0;
657;9;100850;63707;25932;0;-351;-901;
658;10;100491;62813;27185;0;-359;-894;
659;11;100491;62813;27185;0;0;0;
660;12;100132;61912;28445;0;-359;-901;
661;13;100132;61912;28445;0;0;0;
662;14;100132;61912;28445;0;0;0;
663;15;100132;61912;28445;0;0;0;
664;16;100132;61912;28445;0;0;0;
665;17;100132;61912;28445;0;0;0;
666;18;100132;61912;28445;0;0;0;
667;19;100132;61912;28445;0;0;0;
668;20;100132;61912;28445;0;0;0;
669;21;100132;61912;28445;0;0;0;
670;22;100132;61912;28445;0;0;0;
671;23;100132;61912;28445;0;0;0;
672;0;100132;61912;28445;0;0;0;
673;1;100132;61912;28445;0;0;0;
674;2;100132;61912;28445;0;0;0;
675;3;100132;61912;28445;0;0;0;
676;4;100132;61912;28445;0;0;0;
677;5;100132;61912;28445;0;0;0;
678;6;100132;61912;28445;0;0;0;
679;7;100132;61912;28445;0;0;0;
680;8;100132;61912;28445;0;0;0;
681;9;98906;62213;29370;0;-1226;301;
682;10;97675;62516;30298;0;-1231;303;
683;11;97675;62516;30298;0;0;0;
684;12;96443;62816;31230;0;-1232;300;
685;13;96443;62816;31230;0;0;0;
686;14;96443;62816;31230;0;0;0;
687;15;96443;62816;31230;0;0;0;
688;16;96443;62816;31230;0;0;0;
689;17;96443;62816;31230;0;0;0;
690;18;96443;62816;31230;0;0;0;
691;19;96443;62816;31230;0;0;0;
692;20;96443;62816;31230;0;0;0;
693;21;96443;62816;31230;0;0;0;
694;22;96443;62816;31230;0;0;0;
695;23;96443;62816;31230;0;0;0;
696;0;96443;62816;31230;0;0;0;
697;1;96443;62816;31230;0;0;0;
698;2;96443;62816;31230;0;0;0;
699;3;96443;62816;31230;0;0;0;
700;4;96443;62816;31230;0;0;0;
701;5;96443;62816;31230;0;0;0;
702;6;96443;62816;31230;0;0;0;
703;7;96443;62816;31230;0;0;0;
704;8;96443;62816;31230;0;0;0;
705;9;95647;62438;32404;0;-796;-378;
706;10;94846;62062;33581;0;-801;-376;
707;11;94846;62062;33581;0;0;0;
708;12;94042;61685;34762;0;-804;-377;
709;13;94042;61685;34762;0;0;0;
710;14;94042;61685;34762;0;0;0;
711;15;94042;61685;34762;0;0;0;
712;16;94042;61685;34762;0;0;0;
713;17;94042;61685;34762;0;0;0;
714;18;94042;61685;34762;0;0;0;
715;19;94042;61685;34762;0;0;0;
716;20;94042;61685;34762;0;0;0;
717;21;94042;61685;34762;0;0;0;
718;22;94042;61685;34762;0;0;0;
719;23;94042;61685;34762;0;0;0;
720;0;94042;61685;34762;0;0;0;
721;1;94042;61685;34762;0;0;0;
722;2;94042;61685;34762;0;0;0;
723;3;94042;61685;34762;0;0;0;
724;4;94042;61685;34762;0;0;0;
725;5;94042;61685;34762;0;0;0;
726;6;94042;61685;34762;0;0;0;
727;7;94042;61685;34762;0;0;0;
728;8;94042;61685;34762;0;0;0;
729;9;93400;60251;36838;0;-642;-1434;
730;10;92756;58815;38918;0;-644;-1436;
731;11;92756;58815;38918;0;0;0;
732;12;92107;57377;41005;0;-649;-1438;
733;13;92107;57377;41005;0;0;0;
734;14;92107;57377;41005;0;0;0;
735;15;92107;57377;41005;0;0;0;
736;16;92107;57377;41005;0;0;0;
737;17;92107;57377;41005;0;0;0;
738;18;92107;57377;41005;0;0;0;
739;19;92107;57377;41005;0;0;0;
740;20;92107;57377;41005;0;0;0;
741;21;92107;57377;41005;0;0;0;
742;22;92107;57377;41005;0;0;0;
743;23;92107;57377;41005;0;0;0;
744;0;92107;57377;41005;0;0;0;
745;1;92107;57377;41005;0;0;0;
746;2;92107;57377;41005;0;0;0;
747;3;92107;57377;41005;0;0;0;
748;4;92107;57377;41005;0;0;0;
749;5;92107;57377;41005;0;0;0;
750;6;92107;57377;41005;0;0;0;
751;7;92107;57377;41005;0;0;0;
752;8;92107;57377;41005;0;0;0;
753;9;91694;57111;41684;0;-413;-266;
754;10;91279;56845;42365;0;-415;-266;
755;11;91279;56845;42365;0;0;0;
756;12;90861;56577;43051;0;-418;-268;
757;13;90861;56577;43051;0;0;0;
758;14;90861;56577;43051;0;0;0;
759;15;90861;56577;43051;0;0;0;
760;16;90861;56577;43051;0;0;0;
761;17;90861;56577;43051;0;0;0;
762;18;90861;56577;43051;0;0;0;
763;19;90861;56577;43051;0;0;0;
764;20;90861;56577;43051;0;0;0;
765;21;90861;56577;43051;0;0;0;
766;22;90861;56577;43051;0;0;0;
767;23;90861;56577;43051;0;0;0;
768;0;90861;56577;43051;0;0;0;
769;1;90861;56577;43051;0;0;0;
770;2;90861;56577;43051;0;0;0;
771;3;90861;56577;43051;0;0;0;
772;4;90861;56577;43051;0;0;0;
773;5;90861;56577;43051;0;0;0;
774;6;90861;56577;43051;0;0;0;
775;7;90861;56577;43051;0;0;0;
776;8;90861;56577;43051;0;0;0;
777;9;90861;56577;43051;0;0;0;
778;10;90861;56577;43051;0;0;0;
779;11;90861;56577;43051;0;0;0;
780;12;90861;56577;43051;0;0;0;
781;13;90861;56577;43051;0;0;0;
782;14;90861;56577;43051;0;0;0;
783;15;90861;56577;43051;0;0;0;
784;16;90861;56577;43051;0;0;0;
785;17;90861;56577;43051;0;0;0;
786;18;90861;56577;43051;0;0;0;
787;19;90861;56577;43051;0;0;0;
788;20;90861;56577;43051;0;0;0;
789;21;90861;56577;43051;0;0;0;
790;22;90861;56577;43051;0;0;0;
791;23;90861;56577;43051;0;0;0;
792;0;90861;56577;43051;0;0;0;
793;1;90861;56577;43051;0;0;0;
794;2;90861;56577;43051;0;0;0;
795;3;90861;56577;43051;0;0;0;
796;4;90861;56577;43051;0;0;0;
797;5;90861;56577;43051;0;0;0;
798;6;90861;56577;43051;0;0;0;
799;7;90861;56577;43051;0;0;0;
800;8;90861;56577;43051;0;0;0;
801;9;90861;55283;44345;0;0;-1294;
802;10;90861;53986;45642;0;0;-1297;
803;11;90861;53986;45642;0;0;0;
804;12;90861;52685;46943;0;0;-1301;
805;13;90861;52685;46943;0;0;0;
806;14;90861;52685;46943;0;0;0;
807;15;90861;52685;46943;0;0;0;
808;16;90861;52685;46943;0;0;0;
809;17;90861;52685;46943;0;0;0;
810;18;90861;52685;46943;0;0;0;
811;19;90861;52685;46943;0;0;0;
812;20;90861;52685;46943;0;0;0;
813;21;90861;52685;46943;0;0;0;
814;22;90861;52685;46943;0;0;0;
815;23;90861;52685;46943;0;0;0;
816;0;90861;52685;46943;0;0;0;
817;1;90861;52685;46943;0;0;0;
818;2;90861;52685;46943;0;0;0;
819;3;90861;52685;46943;0;0;0;
820;4;90861;52685;46943;0;0;0;
821;5;90861;52685;46943;0;0;0;
822;6;90861;52685;46943;0;0;0;
823;7;90861;52685;46943;0;0;0;
824;8;90861;52685;46943;0;0;0;
825;9;90512;52945;47032;0;-349;260;
826;10;90161;53200;47128;0;-351;255;
827;11;90161;53200;47128;0;0;0;
828;12;89803;53459;47227;0;-358;259;
829;13;89803;53459;47227;0;0;0;
830;14;89803;53459;47227;0;0;0;
831;15;89803;53459;47227;0;0;0;
832;16;89803;53459;47227;0;0;0;
833;17;89803;53459;47227;0;0;0;
834;18;89803;53459;47227;0;0;0;
835;19;89803;53459;47227;0;0;0;
836;20;89803;53459;47227;0;0;0;
837;21;89803;53459;47227;0;0;0;
838;22;89803;53459;47227;0;0;0;
839;23;89803;53459;47227;0;0;0;
840;0;89803;53459;47227;0;0;0;
841;1;89803;53459;47227;0;0;0;
842;2;89803;53459;47227;0;0;0;
843;3;89803;53459;47227;0;0;0;
844;4;89803;53459;47227;0;0;0;
845;5;89803;53459;47227;0;0;0;
846;6;89803;53459;47227;0;0;0;
847;7;89803;53459;47227;0;0;0;
848;8;89803;53459;47227;0;0;0;
849;9;89540;52646;48303;0;-263;-813;
850;10;89274;51829;49386;0;-266;-817;
851;11;89274;51829;49386;0;0;0;
852;12;89005;51011;50473;0;-269;-818;
853;13;89005;51011;50473;0;0;0;
854;14;89005;51011;50473;0;0;0;
855;15;89005;51011;50473;0;0;0;
856;16;89005;51011;50473;0;0;0;
857;17;89005;51011;50473;0;0;0;
858;18;89005;51011;50473;0;0;0;
859;19;89005;51011;50473;0;0;0;
860;20;89005;51011;50473;0;0;0;
861;21;89005;51011;50473;0;0;0;
862;22;89005;51011;50473;0;0;0;
863;23;89005;51011;50473;0;0;0;
864;0;89005;51011;50473;0;0;0;
865;1;89005;51011;50473;0;0;0;
866;2;89005;51011;50473;0;0;0;
867;3;89005;51011;50473;0;0;0;
868;4;89005;51011;50473;0;0;0;
869;5;89005;51011;50473;0;0;0;
870;6;89005;51011;50473;0;0;0;
871;7;89005;51011;50473;0;0;0;
872;8;89005;51011;50473;0;0;0;
873;9;88821;49913;51755;0;-184;-1098;
874;10;88633;48814;53042;0;-188;-1099;
875;11;88633;48814;53042;0;0;0;
876;12;88441;47713;54335;0;-192;-1101;
877;13;88441;47713;54335;0;0;0;
878;14;88441;47713;54335;0;0;0;
879;15;88441;47713;54335;0;0;0;
880;16;88441;47713;54335;0;0;0;
881;17;88441;47713;54335;0;0;0;
882;18;88441;47713;54335;0;0;0;
883;19;88441;47713;54335;0;0;0;
884;20;88441;47713;54335;0;0;0;
885;21;88441;47713;54335;0;0;0;
886;22;88441;47713;54335;0;0;0;
887;23;88441;47713;54335;0;0;0;
888;0;88441;47713;54335;0;0;0;
889;1;88441;47713;54335;0;0;0;
890;2;88441;47713;54335;0;0;0;
891;3;88441;47713;54335;0;0;0;
892;4;88441;47713;54335;0;0;0;
893;5;88441;47713;54335;0;0;0;
894;6;88441;47713;54335;0;0;0;
895;7;88441;47713;54335;0;0;0;
896;8;88441;47713;54335;0;0;0;
897;9;88105;47131;55253;0;-336;-582;
898;10;87764;46550;56175;0;-341;-581;
899;11;87764;46550;56175;0;0;0;
900;12;87418;45971;57100;0;-346;-579;
901;13;87418;45971;57100;0;0;0;
902;14;87418;45971;57100;0;0;0;
903;15;87418;45971;57100;0;0;0;
904;16;87418;45971;57100;0;0;0;
905;17;87418;45971;57100;0;0;0;
906;18;87418;45971;57100;0;0;0;
907;19;87418;45971;57100;0;0;0;
908;20;87418;45971;57100;0;0;0;
909;21;87418;45971;57100;0;0;0;
910;22;87418;45971;57100;0;0;0;
911;23;87418;45971;57100;0;0;0;
912;0;87418;45971;57100;0;0;0;
913;1;87418;45971;57100;0;0;0;
914;2;87418;45971;57100;0;0;0;
915;3;87418;45971;57100;0;0;0;
916;4;87418;45971;57100;0;0;0;
917;5;87418;45971;57100;0;0;0;
918;6;87418;45971;57100;0;0;0;
919;7;87418;45971;57100;0;0;0;
920;8;87418;45971;57100;0;0;0;
921;9;86578;44613;59298;0;-840;-1358;
922;10;85735;43253;61501;0;-843;-1360;
923;11;85735;43253;61501;0;0;0;
924;12;84888;41893;63708;0;-847;-1360;
925;13;84888;41893;63708;0;0;0;
926;14;84888;41893;63708;0;0;0;
927;15;84888;41893;63708;0;0;0;
928;16;84888;41893;63708;0;0;0;
929;17;84888;41893;63708;0;0;0;
930;18;84888;41893;63708;0;0;0;
931;19;84888;41893;63708;0;0;0;
932;20;84888;41893;63708;0;0;0;
933;21;84888;41893;63708;0;0;0;
934;22;84888;41893;63708;0;0;0;
935;23;84888;41893;63708;0;0;0;
936;0;84888;41893;63708;0;0;0;
937;1;84888;41893;63708;0;0;0;
938;2;84888;41893;63708;0;0;0;
939;3;84888;41893;63708;0;0;0;
940;4;84888;41893;63708;0;0;0;
941;5;84888;41893;63708;0;0;0;
942;6;84888;41893;63708;0;0;0;
943;7;84888;41893;63708;0;0;0;
944;8;84888;41893;63708;0;0;0;
945;9;84638;42143;63708;0;-250;250;
946;10;84384;42397;63708;0;-254;254;
947;11;84384;42397;63708;0;0;0;
948;12;84125;42656;63708;0;-259;259;
949;13;84125;42656;63708;0;0;0;
950;14;84125;42656;63708;0;0;0;
951;15;84125;42656;63708;0;0;0;
952;16;84125;42656;63708;0;0;0;
953;17;84125;42656;63708;0;0;0;
954;18;84125;42656;63708;0;0;0;
955;19;84125;42656;63708;0;0;0;
956;20;84125;42656;63708;0;0;0;
957;21;84125;42656;63708;0;0;0;
958;22;84125;42656;63708;0;0;0;
959;23;84125;42656;63708;0;0;0;
960;0;84125;42656;63708;0;0;0;
961;1;84125;42656;63708;0;0;0;
962;2;84125;42656;63708;0;0;0;
963;3;84125;42656;63708;0;0;0;
964;4;84125;42656;63708;0;0;0;
965;5;84125;42656;63708;0;0;0;
966;6;84125;42656;63708;0;0;0;
967;7;84125;42656;63708;0;0;0;
968;8;84125;42656;63708;0;0;0;
969;9;84125;41931;64329;104;0;-725;
970;10;84125;41200;64948;216;0;-731;
971;11;84125;41200;64948;216;0;0;
972;12;84125;40465;65570;329;0;-735;
973;13;84125;40465;65570;329;0;0;
974;14;84125;40465;65570;329;0;0;
975;15;84125;40465;65570;329;0;0;
976;16;84125;40465;65570;329;0;0;
977;17;84125;40465;65570;329;0;0;
978;18;84125;40465;65570;329;0;0;
979;19;84125;40465;65570;329;0;0;
980;20;84125;40465;65570;329;0;0;
981;21;84125;40465;65570;329;0;0;
982;22;84125;40465;65570;329;0;0;
983;23;84125;40465;65570;329;0;0;
984;0;84125;40465;65570;329;0;0;
985;1;84125;40465;65570;329;0;0;
986;2;84125;40465;65570;329;0;0;
987;3;84125;40465;65570;329;0;0;
988;4;84125;40465;65570;329;0;0;
989;5;84125;40465;65570;329;0;0;
990;6;84125;40465;65570;329;0;0;
991;7;84125;40465;65570;329;0;0;
992;8;84125;40465;65570;329;0;0;
993;9;83787;39931;64559;2212;-338;-534;
994;10;83444;39400;63545;4100;-343;-531;
995;11;83444;39400;63545;4100;0;0;
996;12;83095;38869;62530;5995;-349;-531;
997;13;83095;38869;62530;5995;0;0;
998;14;83095;38869;62530;5995;0;0;
999;15;83095;38869;62530;5995;0;0;
1000;16;83095;38869;62530;5995;0;0;
1001;17;83095;38869;62530;5995;0;0;
1002;18;83095;38869;62530;5995;0;0;
1003;19;83095;38869;62530;5995;0;0;
1004;20;83095;38869;62530;5995;0;0;
1005;21;83095;38869;62530;5995;0;0;
1006;22;83095;38869;62530;5995;0;0;
1007;23;83095;38869;62530;5995;0;0;
1008;0;83095;38869;62530;5995;0;0;
1009;1;83095;38869;62530;5995;0;0;
1010;2;83095;38869;62530;5995;0;0;
1011;3;83095;38869;62530;5995;0;0;
1012;4;83095;38869;62530;5995;0;0;
1013;5;83095;38869;62530;5995;0;0;
1014;6;83095;38869;62530;5995;0;0;
1015;7;83095;38869;62530;5995;0;0;
1016;8;83095;38869;62530;5995;0;0;
1017;9;82123;37597;62427;8342;-972;-1272;
1018;10;81146;36322;62327;10694;-977;-1275;
1019;11;81146;36322;62327;10694;0;0;
1020;12;80162;35052;62226;13049;-984;-1270;
1021;13;80162;35052;62226;13049;0;0;
1022;14;80162;35052;62226;13049;0;0;
1023;15;80162;35052;62226;13049;0;0;
1024;16;80162;35052;62226;13049;0;0;
1025;17;80162;35052;62226;13049;0;0;
1026;18;80162;35052;62226;13049;0;0;
1027;19;80162;35052;62226;13049;0;0;
1028;20;80162;35052;62226;13049;0;0;
1029;21;80162;35052;62226;13049;0;0;
1030;22;80162;35052;62226;13049;0;0;
1031;23;80162;35052;62226;13049;0;0;
1032;0;80162;35052;62226;13049;0;0;
1033;1;80162;35052;62226;13049;0;0;
1034;2;80162;35052;62226;13049;0;0;
1035;3;80162;35052;62226;13049;0;0;
1036;4;80162;35052;62226;13049;0;0;
1037;5;80162;35052;62226;13049;0;0;
1038;6;80162;35052;62226;13049;0;0;
1039;7;80162;35052;62226;13049;0;0;
1040;8;80162;35052;62226;13049;0;0;
1041;9;78940;34050;62494;15005;-1222;-1002;
1042;10;77711;33051;62762;16965;-1229;-999;
1043;11;77711;33051;62762;16965;0;0;
1044;12;76481;32047;63029;18932;-1230;-1004;
1045;13;76481;32047;63029;18932;0;0;
1046;14;76481;32047;63029;18932;0;0;
1047;15;76481;32047;63029;18932;0;0;
1048;16;76481;32047;63029;18932;0;0;
1049;17;76481;32047;63029;18932;0;0;
1050;18;76481;32047;63029;18932;0;0;
1051;19;76481;32047;63029;18932;0;0;
1052;20;76481;32047;63029;18932;0;0;
1053;21;76481;32047;63029;18932;0;0;
1054;22;76481;32047;63029;18932;0;0;
1055;23;76481;32047;63029;18932;0;0;
1056;0;76481;32047;63029;18932;0;0;
1057;1;76481;32047;63029;18932;0;0;
1058;2;76481;32047;63029;18932;0;0;
1059;3;76481;32047;63029;18932;0;0;
1060;4;76481;32047;63029;18932;0;0;
1061;5;76481;32047;63029;18932;0;0;
1062;6;76481;32047;63029;18932;0;0;
1063;7;76481;32047;63029;18932;0;0;
1064;8;76481;32047;63029;18932;0;0;
1065;9;75872;30625;64620;19372;-609;-1422;
1066;10;75261;29203;66208;19817;-611;-1422;
1067;11;75261;29203;66208;19817;0;0;
1068;12;74643;27781;67802;20263;-618;-1422;
1069;13;74643;27781;67802;20263;0;0;
1070;14;74643;27781;67802;20263;0;0;
1071;15;74643;27781;67802;20263;0;0;
1072;16;74643;27781;67802;20263;0;0;
1073;17;74643;27781;67802;20263;0;0;
1074;18;74643;27781;67802;20263;0;0;
1075;19;74643;27781;67802;20263;0;0;
1076;20;74643;27781;67802;20263;0;0;
1077;21;74643;27781;67802;20263;0;0;
1078;22;74643;27781;67802;20263;0;0;
1079;23;74643;27781;67802;20263;0;0;
1080;0;74643;27781;67802;20263;0;0;
1081;1;74643;27781;67802;20263;0;0;
1082;2;74643;27781;67802;20263;0;0;
1083;3;74643;27781;67802;20263;0;0;
1084;4;74643;27781;67802;20263;0;0;
1085;5;74643;27781;67802;20263;0;0;
1086;6;74643;27781;67802;20263;0;0;
1087;7;74643;27781;67802;20263;0;0;
1088;8;74643;27781;67802;20263;0;0;
1089;9;73567;28455;68104;20363;-1076;674;
1090;10;72482;29133;68410;20464;-1085;678;
1091;11;72482;29133;68410;20464;0;0;
1092;12;71394;29807;68718;20570;-1088;674;
1093;13;71394;29807;68718;20570;0;0;
1094;14;71394;29807;68718;20570;0;0;
1095;15;71394;29807;68718;20570;0;0;
1096;16;71394;29807;68718;20570;0;0;
1097;17;71394;29807;68718;20570;0;0;
1098;18;71394;29807;68718;20570;0;0;
1099;19;71394;29807;68718;20570;0;0;
1100;20;71394;29807;68718;20570;0;0;
1101;21;71394;29807;68718;20570;0;0;
1102;22;71394;29807;68718;20570;0;0;
1103;23;71394;29807;68718;20570;0;0;
1104;0;71394;29807;68718;20570;0;0;
1105;1;71394;29807;68718;20570;0;0;
1106;2;71394;29807;68718;20570;0;0;
1107;3;71394;29807;68718;20570;0;0;
1108;4;71394;29807;68718;20570;0;0;
1109;5;71394;29807;68718;20570;0;0;
1110;6;71394;29807;68718;20570;0;0;
1111;7;71394;29807;68718;20570;0;0;
1112;8;71394;29807;68718;20570;0;0;
1113;9;71193;30008;67352;21936;-201;201;
1114;10;70987;30214;65984;23304;-206;206;
1115;11;70987;30214;65984;23304;0;0;
1116;12;70776;30425;64608;24680;-211;211;
1117;13;70776;30425;64608;24680;0;0;
1118;14;70776;30425;64608;24680;0;0;
1119;15;70776;30425;64608;24680;0;0;
1120;16;70776;30425;64608;24680;0;0;
1121;17;70776;30425;64608;24680;0;0;
1122;18;70776;30425;64608;24680;0;0;
1123;19;70776;30425;64608;24680;0;0;
1124;20;70776;30425;64608;24680;0;0;
1125;21;70776;30425;64608;24680;0;0;
1126;22;70776;30425;64608;24680;0;0;
1127;23;70776;30425;64608;24680;0;0;
1128;0;70776;30425;64608;24680;0;0;
1129;1;70776;30425;64608;24680;0;0;
1130;2;70776;30425;64608;24680;0;0;
1131;3;70776;30425;64608;24680;0;0;
1132;4;70776;30425;64608;24680;0;0;
1133;5;70776;30425;64608;24680;0;0;
1134;6;70776;30425;64608;24680;0;0;
1135;7;70776;30425;64608;24680;0;0;
1136;8;70776;30425;64608;24680;0;0;
1137;9;70776;30074;63707;25932;0;-351;
1138;10;70776;29715;62813;27185;0;-359;
1139;11;70776;29715;62813;27185;0;0;
1140;12;70776;29356;61912;28445;0;-359;
1141;13;70776;29356;61912;28445;0;0;
1142;14;70776;29356;61912;28445;0;0;
1143;15;70776;29356;61912;28445;0;0;
1144;16;70776;29356;61912;28445;0;0;
1145;17;70776;29356;61912;28445;0;0;
1146;18;70776;29356;61912;28445;0;0;
1147;19;70776;29356;61912;28445;0;0;
1148;20;70776;29356;61912;28445;0;0;
1149;21;70776;29356;61912;28445;0;0;
1150;22;70776;29356;61912;28445;0;0;
1151;23;70776;29356;61912;28445;0;0;
1152;0;70776;29356;61912;28445;0;0;
1153;1;70776;29356;61912;28445;0;0;
1154;2;70776;29356;61912;28445;0;0;
1155;3;70776;29356;61912;28445;0;0;
1156;4;70776;29356;61912;28445;0;0;
1157;5;70776;29356;61912;28445;0;0;
1158;6;70776;29356;61912;28445;0;0;
1159;7;70776;29356;61912;28445;0;0;
1160;8;70776;29356;61912;28445;0;0;
1161;9;70490;28416;62213;29370;-286;-940;
1162;10;70200;27475;62516;30298;-290;-941;
1163;11;70200;27475;62516;30298;0;0;
1164;12;69904;26539;62816;31230;-296;-936;
1165;13;69904;26539;62816;31230;0;0;
1166;14;69904;26539;62816;31230;0;0;
1167;15;69904;26539;62816;31230;0;0;
1168;16;69904;26539;62816;31230;0;0;
1169;17;69904;26539;62816;31230;0;0;
1170;18;69904;26539;62816;31230;0;0;
1171;19;69904;26539;62816;31230;0;0;
1172;20;69904;26539;62816;31230;0;0;
1173;21;69904;26539;62816;31230;0;0;
1174;22;69904;26539;62816;31230;0;0;
1175;23;69904;26539;62816;31230;0;0;
1176;0;69904;26539;62816;31230;0;0;
1177;1;69904;26539;62816;31230;0;0;
1178;2;69904;26539;62816;31230;0;0;
1179;3;69904;26539;62816;31230;0;0;
1180;4;69904;26539;62816;31230;0;0;
1181;5;69904;26539;62816;31230;0;0;
1182;6;69904;26539;62816;31230;0;0;
1183;7;69904;26539;62816;31230;0;0;
1184;8;69904;26539;62816;31230;0;0;
1185;9;69660;25987;62438;32404;-244;-552;
1186;10;69412;25434;62062;33581;-248;-553;
1187;11;69412;25434;62062;33581;0;0;
1188;12;69160;24882;61685;34762;-252;-552;
1189;13;69160;24882;61685;34762;0;0;
1190;14;69160;24882;61685;34762;0;0;
1191;15;69160;24882;61685;34762;0;0;
1192;16;69160;24882;61685;34762;0;0;
1193;17;69160;24882;61685;34762;0;0;
1194;18;69160;24882;61685;34762;0;0;
1195;19;69160;24882;61685;34762;0;0;
1196;20;69160;24882;61685;34762;0;0;
1197;21;69160;24882;61685;34762;0;0;
1198;22;69160;24882;61685;34762;0;0;
1199;23;69160;24882;61685;34762;0;0;
1200;0;69160;24882;61685;34762;0;0;
1201;1;69160;24882;61685;34762;0;0;
1202;2;69160;24882;61685;34762;0;0;
1203;3;69160;24882;61685;34762;0;0;
1204;4;69160;24882;61685;34762;0;0;
1205;5;69160;24882;61685;34762;0;0;
1206;6;69160;24882;61685;34762;0;0;
1207;7;69160;24882;61685;34762;0;0;
1208;8;69160;24882;61685;34762;0;0;
1209;9;68094;25306;60251;36838;-1066;424;
1210;10;67026;25730;58815;38918;-1068;424;
1211;11;67026;25730;58815;38918;0;0;
1212;12;65952;26155;57377;41005;-1074;425;
1213;13;65952;26155;57377;41005;0;0;
1214;14;65952;26155;57377;41005;0;0;
1215;15;65952;26155;57377;41005;0;0;
1216;16;65952;26155;57377;41005;0;0;
1217;17;65952;26155;57377;41005;0;0;
1218;18;65952;26155;57377;41005;0;0;
1219;19;65952;26155;57377;41005;0;0;
1220;20;65952;26155;57377;41005;0;0;
1221;21;65952;26155;57377;41005;0;0;
1222;22;65952;26155;57377;41005;0;0;
1223;23;65952;26155;57377;41005;0;0;
1224;0;65952;26155;57377;41005;0;0;
1225;1;65952;26155;57377;41005;0;0;
1226;2;65952;26155;57377;41005;0;0;
1227;3;65952;26155;57377;41005;0;0;
1228;4;65952;26155;57377;41005;0;0;
1229;5;65952;26155;57377;41005;0;0;
1230;6;65952;26155;57377;41005;0;0;
1231;7;65952;26155;57377;41005;0;0;
1232;8;65952;26155;57377;41005;0;0;
1233;9;64943;26751;57111;41684;-1009;596;
1234;10;63933;27346;56845;42365;-1010;595;
1235;11;63933;27346;56845;42365;0;0;
1236;12;62918;27943;56577;43051;-1015;597;
1237;13;62918;27943;56577;43051;0;0;
1238;14;62918;27943;56577;43051;0;0;
1239;15;62918;27943;56577;43051;0;0;
1240;16;62918;27943;56577;43051;0;0;
1241;17;62918;27943;56577;43051;0;0;
1242;18;62918;27943;56577;43051;0;0;
1243;19;62918;27943;56577;43051;0;0;
1244;20;62918;27943;56577;43051;0;0;
1245;21;62918;27943;56577;43051;0;0;
1246;22;62918;27943;56577;43051;0;0;
1247;23;62918;27943;56577;43051;0;0;
1248;0;62918;27943;56577;43051;0;0;
1249;1;62918;27943;56577;43051;0;0;
1250;2;62918;27943;56577;43051;0;0;
1251;3;62918;27943;56577;43051;0;0;
1252;4;62918;27943;56577;43051;0;0;
1253;5;62918;27943;56577;43051;0;0;
1254;6;62918;27943;56577;43051;0;0;
1255;7;62918;27943;56577;43051;0;0;
1256;8;62918;27943;56577;43051;0;0;
1257;9;61307;29554;56577;43051;-1611;1611;
1258;10;59693;31168;56577;43051;-1614;1614;
1259;11;59693;31168;56577;43051;0;0;
1260;12;58077;32784;56577;43051;-1616;1616;
1261;13;58077;32784;56577;43051;0;0;
1262;14;58077;32784;56577;43051;0;0;
1263;15;58077;32784;56577;43051;0;0;
1264;16;58077;32784;56577;43051;0;0;
1265;17;58077;32784;56577;43051;0;0;
1266;18;58077;32784;56577;43051;0;0;
1267;19;58077;32784;56577;43051;0;0;
1268;20;58077;32784;56577;43051;0;0;
1269;21;58077;32784;56577;43051;0;0;
1270;22;58077;32784;56577;43051;0;0;
1271;23;58077;32784;56577;43051;0;0;
1272;0;58077;32784;56577;43051;0;0;
1273;1;58077;32784;56577;43051;0;0;
1274;2;58077;32784;56577;43051;0;0;
1275;3;58077;32784;56577;43051;0;0;
1276;4;58077;32784;56577;43051;0;0;
1277;5;58077;32784;56577;43051;0;0;
1278;6;58077;32784;56577;43051;0;0;
1279;7;58077;32784;56577;43051;0;0;
1280;8;58077;32784;56577;43051;0;0;
1281;9;57742;33119;55283;44345;-335;335;
1282;10;57404;33457;53986;45642;-338;338;
1283;11;57404;33457;53986;45642;0;0;
1284;12;57062;33799;52685;46943;-342;342;
1285;13;57062;33799;52685;46943;0;0;
1286;14;57062;33799;52685;46943;0;0;
1287;15;57062;33799;52685;46943;0;0;
1288;16;57062;33799;52685;46943;0;0;
1289;17;57062;33799;52685;46943;0;0;
1290;18;57062;33799;52685;46943;0;0;
1291;19;57062;33799;52685;46943;0;0;
1292;20;57062;33799;52685;46943;0;0;
1293;21;57062;33799;52685;46943;0;0;
1294;22;57062;33799;52685;46943;0;0;
1295;23;57062;33799;52685;46943;0;0;
1296;0;57062;33799;52685;46943;0;0;
1297;1;57062;33799;52685;46943;0;0;
1298;2;57062;33799;52685;46943;0;0;
1299;3;57062;33799;52685;46943;0;0;
1300;4;57062;33799;52685;46943;0;0;
1301;5;57062;33799;52685;46943;0;0;
1302;6;57062;33799;52685;46943;0;0;
1303;7;57062;33799;52685;46943;0;0;
1304;8;57062;33799;52685;46943;0;0;
1305;9;57062;33450;52945;47032;0;-349;
1306;10;57062;33099;53200;47128;0;-351;
1307;11;57062;33099;53200;47128;0;0;
1308;12;57062;32741;53459;47227;0;-358;
1309;13;57062;32741;53459;47227;0;0;
1310;14;57062;32741;53459;47227;0;0;
1311;15;57062;32741;53459;47227;0;0;
1312;16;57062;32741;53459;47227;0;0;
1313;17;57062;32741;53459;47227;0;0;
1314;18;57062;32741;53459;47227;0;0;
1315;19;57062;32741;53459;47227;0;0;
1316;20;57062;32741;53459;47227;0;0;
1317;21;57062;32741;53459;47227;0;0;
1318;22;57062;32741;53459;47227;0;0;
1319;23;57062;32741;53459;47227;0;0;
1320;0;57062;32741;53459;47227;0;0;
1321;1;57062;32741;53459;47227;0;0;
1322;2;57062;32741;53459;47227;0;0;
1323;3;57062;32741;53459;47227;0;0;
1324;4;57062;32741;53459;47227;0;0;
1325;5;57062;32741;53459;47227;0;0;
1326;6;57062;32741;53459;47227;0;0;
1327;7;57062;32741;53459;47227;0;0;
1328;8;57062;32741;53459;47227;0;0;
1329;9;55116;34424;52646;48303;-1946;1683;
1330;10;53167;36107;51829;49386;-1949;1683;
1331;11;53167;36107;51829;49386;0;0;
1332;12;51213;37792;51011;50473;-1954;1685;
1333;13;51213;37792;51011;50473;0;0;
1334;14;51213;37792;51011;50473;0;0;
1335;15;51213;37792;51011;50473;0;0;
1336;16;51213;37792;51011;50473;0;0;
1337;17;51213;37792;51011;50473;0;0;
1338;18;51213;37792;51011;50473;0;0;
1339;19;51213;37792;51011;50473;0;0;
1340;20;51213;37792;51011;50473;0;0;
1341;21;51213;37792;51011;50473;0;0;
1342;22;51213;37792;51011;50473;0;0;
1343;23;51213;37792;51011;50473;0;0;
1344;0;51213;37792;51011;50473;0;0;
1345;1;51213;37792;51011;50473;0;0;
1346;2;51213;37792;51011;50473;0;0;
1347;3;51213;37792;51011;50473;0;0;
1348;4;51213;37792;51011;50473;0;0;
1349;5;51213;37792;51011;50473;0;0;
1350;6;51213;37792;51011;50473;0;0;
1351;7;51213;37792;51011;50473;0;0;
1352;8;51213;37792;51011;50473;0;0;
1353;9;50230;38591;49913;51755;-983;799;
1354;10;49240;39393;48814;53042;-990;802;
1355;11;49240;39393;48814;53042;0;0;
1356;12;48248;40193;47713;54335;-992;800;
1357;13;48248;40193;47713;54335;0;0;
1358;14;48248;40193;47713;54335;0;0;
1359;15;48248;40193;47713;54335;0;0;
1360;16;48248;40193;47713;54335;0;0;
1361;17;48248;40193;47713;54335;0;0;
1362;18;48248;40193;47713;54335;0;0;
1363;19;48248;40193;47713;54335;0;0;
1364;20;48248;40193;47713;54335;0;0;
1365;21;48248;40193;47713;54335;0;0;
1366;22;48248;40193;47713;54335;0;0;
1367;23;48248;40193;47713;54335;0;0;
1368;0;48248;40193;47713;54335;0;0;
1369;1;48248;40193;47713;54335;0;0;
1370;2;48248;40193;47713;54335;0;0;
1371;3;48248;40193;47713;54335;0;0;
1372;4;48248;40193;47713;54335;0;0;
1373;5;48248;40193;47713;54335;0;0;
1374;6;48248;40193;47713;54335;0;0;
1375;7;48248;40193;47713;54335;0;0;
1376;8;48248;40193;47713;54335;0;0;
1377;9;46387;41718;47131;55253;-1861;1525;
1378;10;44522;43242;46550;56175;-1865;1524;
1379;11;44522;43242;46550;56175;0;0;
1380;12;42650;44768;45971;57100;-1872;1526;
1381;13;42650;44768;45971;57100;0;0;
1382;14;42650;44768;45971;57100;0;0;
1383;15;42650;44768;45971;57100;0;0;
1384;16;42650;44768;45971;57100;0;0;
1385;17;42650;44768;45971;57100;0;0;
1386;18;42650;44768;45971;57100;0;0;
1387;19;42650;44768;45971;57100;0;0;
1388;20;42650;44768;45971;57100;0;0;
1389;21;42650;44768;45971;57100;0;0;
1390;22;42650;44768;45971;57100;0;0;
1391;23;42650;44768;45971;57100;0;0;
1392;0;42650;44768;45971;57100;0;0;
1393;1;42650;44768;45971;57100;0;0;
1394;2;42650;44768;45971;57100;0;0;
1395;3;42650;44768;45971;57100;0;0;
1396;4;42650;44768;45971;57100;0;0;
1397;5;42650;44768;45971;57100;0;0;
1398;6;42650;44768;45971;57100;0;0;
1399;7;42650;44768;45971;57100;0;0;
1400;8;42650;44768;45971;57100;0;0;
1401;9;41743;44835;44613;59298;-907;67;
1402;10;40833;44902;43253;61501;-910;67;
1403;11;40833;44902;43253;61501;0;0;
1404;12;39917;44971;41893;63708;-916;69;
1405;13;39917;44971;41893;63708;0;0;
1406;14;39917;44971;41893;63708;0;0;
1407;15;39917;44971;41893;63708;0;0;
1408;16;39917;44971;41893;63708;0;0;
1409;17;39917;44971;41893;63708;0;0;
1410;18;39917;44971;41893;63708;0;0;
1411;19;39917;44971;41893;63708;0;0;
1412;20;39917;44971;41893;63708;0;0;
1413;21;39917;44971;41893;63708;0;0;
1414;22;39917;44971;41893;63708;0;0;
1415;23;39917;44971;41893;63708;0;0;
1416;0;39917;44971;41893;63708;0;0;
1417;1;39917;44971;41893;63708;0;0;
1418;2;39917;44971;41893;63708;0;0;
1419;3;39917;44971;41893;63708;0;0;
1420;4;39917;44971;41893;63708;0;0;
1421;5;39917;44971;41893;63708;0;0;
1422;6;39917;44971;41893;63708;0;0;
1423;7;39917;44971;41893;63708;0;0;
1424;8;39917;44971;41893;63708;0;0;
1425;9;37562;47076;42143;63708;-2355;2105;
1426;10;35203;49181;42397;63708;-2359;2105;
1427;11;35203;49181;42397;63708;0;0;
1428;12;32838;51287;42656;63708;-2365;2106;
1429;13;32838;51287;42656;63708;0;0;
1430;14;32838;51287;42656;63708;0;0;
1431;15;32838;51287;42656;63708;0;0;
1432;16;32838;51287;42656;63708;0;0;
1433;17;32838;51287;42656;63708;0;0;
1434;18;32838;51287;42656;63708;0;0;
1435;19;32838;51287;42656;63708;0;0;
1436;20;32838;51287;42656;63708;0;0;
1437;21;32838;51287;42656;63708;0;0;
1438;22;32838;51287;42656;63708;0;0;
1439;23;32838;51287;42656;63708;0;0;
1440;0;32838;51287;42656;63708;0;0;
1441;1;32838;51287;42656;63708;0;0;
1442;2;32838;51287;42656;63708;0;0;
1443;3;32838;51287;42656;63708;0;0;
1444;4;32838;51287;42656;63708;0;0;
1445;5;32838;51287;42656;63708;0;0;
1446;6;32838;51287;42656;63708;0;0;
1447;7;32838;51287;42656;63708;0;0;
1448;8;32838;51287;42656;63708;0;0;
1449;9;32473;51652;41931;64433;-365;365;
1450;10;32103;52022;41200;65164;-370;370;
1451;11;32103;52022;41200;65164;0;0;
1452;12;31729;52396;40465;65899;-374;374;
1453;13;31729;52396;40465;65899;0;0;
1454;14;31729;52396;40465;65899;0;0;
1455;15;31729;52396;40465;65899;0;0;
1456;16;31729;52396;40465;65899;0;0;
1457;17;31729;52396;40465;65899;0;0;
1458;18;31729;52396;40465;65899;0;0;
1459;19;31729;52396;40465;65899;0;0;
1460;20;31729;52396;40465;65899;0;0;
1461;21;31729;52396;40465;65899;0;0;
1462;22;31729;52396;40465;65899;0;0;
1463;23;31729;52396;40465;65899;0;0;
1464;0;31729;52396;40465;65899;0;0;
1465;1;31729;52396;40465;65899;0;0;
1466;2;31729;52396;40465;65899;0;0;
1467;3;31729;52396;40465;65899;0;0;
1468;4;31729;52396;40465;65899;0;0;
1469;5;31729;52396;40465;65899;0;0;
1470;6;31729;52396;40465;65899;0;0;
1471;7;31729;52396;40465;65899;0;0;
1472;8;31729;52396;40465;65899;0;0;
1473;9;31729;52058;39931;66771;0;-338;
1474;10;31729;51715;39400;67645;0;-343;
1475;11;31729;51715;39400;67645;0;0;
1476;12;31729;51366;38869;68525;0;-349;
1477;13;31729;51366;38869;68525;0;0;
1478;14;31729;51366;38869;68525;0;0;
1479;15;31729;51366;38869;68525;0;0;
1480;16;31729;51366;38869;68525;0;0;
1481;17;31729;51366;38869;68525;0;0;
1482;18;31729;51366;38869;68525;0;0;
1483;19;31729;51366;38869;68525;0;0;
1484;20;31729;51366;38869;68525;0;0;
1485;21;31729;51366;38869;68525;0;0;
1486;22;31729;51366;38869;68525;0;0;
1487;23;31729;51366;38869;68525;0;0;
1488;0;31729;51366;38869;68525;0;0;
1489;1;31729;51366;38869;68525;0;0;
1490;2;31729;51366;38869;68525;0;0;
1491;3;31729;51366;38869;68525;0;0;
1492;4;31729;51366;38869;68525;0;0;
1493;5;31729;51366;38869;68525;0;0;
1494;6;31729;51366;38869;68525;0;0;
1495;7;31729;51366;38869;68525;0;0;
1496;8;31729;51366;38869;68525;0;0;
1497;9;28996;53127;37597;70769;-2733;1761;
1498;10;26256;54890;36322;73021;-2740;1763;
1499;11;26256;54890;36322;73021;0;0;
1500;12;23513;56649;35052;75275;-2743;1759;
1501;13;23513;56649;35052;75275;0;0;
1502;14;23513;56649;35052;75275;0;0;
1503;15;23513;56649;35052;75275;0;0;
1504;16;23513;56649;35052;75275;0;0;
1505;17;23513;56649;35052;75275;0;0;
1506;18;23513;56649;35052;75275;0;0;
1507;19;23513;56649;35052;75275;0;0;
1508;20;23513;56649;35052;75275;0;0;
1509;21;23513;56649;35052;75275;0;0;
1510;22;23513;56649;35052;75275;0;0;
1511;23;23513;56649;35052;75275;0;0;
1512;0;23513;56649;35052;75275;0;0;
1513;1;23513;56649;35052;75275;0;0;
1514;2;23513;56649;35052;75275;0;0;
1515;3;23513;56649;35052;75275;0;0;
1516;4;23513;56649;35052;75275;0;0;
1517;5;23513;56649;35052;75275;0;0;
1518;6;23513;56649;35052;75275;0;0;
1519;7;23513;56649;35052;75275;0;0;
1520;8;23513;56649;35052;75275;0;0;
1521;9;22095;56845;34050;77499;-1418;196;
1522;10;20674;57037;33051;79727;-1421;192;
1523;11;20674;57037;33051;79727;0;0;
1524;12;19249;57232;32047;81961;-1425;195;
1525;13;19249;57232;32047;81961;0;0;
1526;14;19249;57232;32047;81961;0;0;
1527;15;19249;57232;32047;81961;0;0;
1528;16;19249;57232;32047;81961;0;0;
1529;17;19249;57232;32047;81961;0;0;
1530;18;19249;57232;32047;81961;0;0;
1531;19;19249;57232;32047;81961;0;0;
1532;20;19249;57232;32047;81961;0;0;
1533;21;19249;57232;32047;81961;0;0;
1534;22;19249;57232;32047;81961;0;0;
1535;23;19249;57232;32047;81961;0;0;
1536;0;19249;57232;32047;81961;0;0;
1537;1;19249;57232;32047;81961;0;0;
1538;2;19249;57232;32047;81961;0;0;
1539;3;19249;57232;32047;81961;0;0;
1540;4;19249;57232;32047;81961;0;0;
1541;5;19249;57232;32047;81961;0;0;
1542;6;19249;57232;32047;81961;0;0;
1543;7;19249;57232;32047;81961;0;0;
1544;8;19249;57232;32047;81961;0;0;
1545;9;15940;59932;30625;83992;-3309;2700;
1546;10;12627;62634;29203;86025;-3313;2702;
1547;11;12627;62634;29203;86025;0;0;
1548;12;9309;65334;27781;88065;-3318;2700;
1549;13;9309;65334;27781;88065;0;0;
1550;14;9309;65334;27781;88065;0;0;
1551;15;9309;65334;27781;88065;0;0;
1552;16;9309;65334;27781;88065;0;0;
1553;17;9309;65334;27781;88065;0;0;
1554;18;9309;65334;27781;88065;0;0;
1555;19;9309;65334;27781;88065;0;0;
1556;20;9309;65334;27781;88065;0;0;
1557;21;9309;65334;27781;88065;0;0;
1558;22;9309;65334;27781;88065;0;0;
1559;23;9309;65334;27781;88065;0;0;
1560;0;9309;65334;27781;88065;0;0;
1561;1;9309;65334;27781;88065;0;0;
1562;2;9309;65334;27781;88065;0;0;
1563;3;9309;65334;27781;88065;0;0;
1564;4;9309;65334;27781;88065;0;0;
1565;5;9309;65334;27781;88065;0;0;
1566;6;9309;65334;27781;88065;0;0;
1567;7;9309;65334;27781;88065;0;0;
1568;8;9309;65334;27781;88065;0;0;
1569;9;7952;65615;28455;88467;-1357;281;
1570;10;6590;65892;29133;88874;-1362;277;
1571;11;6590;65892;29133;88874;0;0;
1572;12;5226;66168;29807;89288;-1364;276;
1573;13;5226;66168;29807;89288;0;0;
1574;14;5226;66168;29807;89288;0;0;
1575;15;5226;66168;29807;89288;0;0;
1576;16;5226;66168;29807;89288;0;0;
1577;17;5226;66168;29807;89288;0;0;
1578;18;5226;66168;29807;89288;0;0;
1579;19;5226;66168;29807;89288;0;0;
1580;20;5226;66168;29807;89288;0;0;
1581;21;5226;66168;29807;89288;0;0;
1582;22;5226;66168;29807;89288;0;0;
1583;23;5226;66168;29807;89288;0;0;
1584;0;5226;66168;29807;89288;0;0;
1585;1;5226;66168;29807;89288;0;0;
1586;2;5226;66168;29807;89288;0;0;
1587;3;5226;66168;29807;89288;0;0;
1588;4;5226;66168;29807;89288;0;0;
1589;5;5226;66168;29807;89288;0;0;
1590;6;5226;66168;29807;89288;0;0;
1591;7;5226;66168;29807;89288;0;0;
1592;8;5226;66168;29807;89288;0;0;
1593;9;1677;69516;30008;89288;-3549;3348;
1594;10;0;70987;30214;89288;-1677;1471;
1595;11;0;70987;30214;89288;0;0;
1596;12;0;70776;30425;89288;0;-211;
1597;13;0;70776;30425;89288;0;0;
1598;14;0;70776;30425;89288;0;0;
1599;15;0;70776;30425;89288;0;0;
1600;16;0;70776;30425;89288;0;0;
1601;17;0;70776;30425;89288;0;0;
1602;18;0;70776;30425;89288;0;0;
1603;19;0;70776;30425;89288;0;0;
1604;20;0;70776;30425;89288;0;0;
1605;21;0;70776;30425;89288;0;0;
1606;22;0;70776;30425;89288;0;0;
1607;23;0;70776;30425;89288;0;0;
1608;0;0;70776;30425;89288;0;0;
1609;1;0;70776;30425;89288;0;0;
1610;2;0;70776;30425;89288;0;0;
1611;3;0;70776;30425;89288;0;0;
1612;4;0;70776;30425;89288;0;0;
1613;5;0;70776;30425;89288;0;0;
1614;6;0;70776;30425;89288;0;0;
1615;7;0;70776;30425;89288;0;0;
1616;8;0;70776;30425;89288;0;0;
1617;9;0;70776;30074;89639;0;0;
1618;10;0;70776;29715;89998;0;0;
1619;11;0;70776;29715;89998;0;0;
1620;12;0;70776;29356;90357;0;0;
1621;13;0;70776;29356;90357;0;0;
1622;14;0;70776;29356;90357;0;0;
1623;15;0;70776;29356;90357;0;0;
1624;16;0;70776;29356;90357;0;0;
1625;17;0;70776;29356;90357;0;0;
1626;18;0;70776;29356;90357;0;0;
1627;19;0;70776;29356;90357;0;0;
1628;20;0;70776;29356;90357;0;0;
1629;21;0;70776;29356;90357;0;0;
1630;22;0;70776;29356;90357;0;0;
1631;23;0;70776;29356;90357;0;0;
1632;0;0;70776;29356;90357;0;0;
1633;1;0;70776;29356;90357;0;0;
1634;2;0;70776;29356;90357;0;0;
1635;3;0;70776;29356;90357;0;0;
1636;4;0;70776;29356;90357;0;0;
1637;5;0;70776;29356;90357;0;0;
1638;6;0;70776;29356;90357;0;0;
1639;7;0;70776;29356;90357;0;0;
1640;8;0;70776;29356;90357;0;0;
1641;9;0;70490;28416;91583;0;-286;
1642;10;0;70200;27475;92814;0;-290;
1643;11;0;70200;27475;92814;0;0;
1644;12;0;69904;26539;94046;0;-296;
1645;13;0;69904;26539;94046;0;0;
1646;14;0;69904;26539;94046;0;0;
1647;15;0;69904;26539;94046;0;0;
1648;16;0;69904;26539;94046;0;0;
1649;17;0;69904;26539;94046;0;0;
1650;18;0;69904;26539;94046;0;0;
1651;19;0;69904;26539;94046;0;0;
1652;20;0;69904;26539;94046;0;0;
1653;21;0;69904;26539;94046;0;0;
1654;22;0;69904;26539;94046;0;0;
1655;23;0;69904;26539;94046;0;0;
1656;0;0;69904;26539;94046;0;0;
1657;1;0;69904;26539;94046;0;0;
1658;2;0;69904;26539;94046;0;0;
1659;3;0;69904;26539;94046;0;0;
1660;4;0;69904;26539;94046;0;0;
1661;5;0;69904;26539;94046;0;0;
1662;6;0;69904;26539;94046;0;0;
1663;7;0;69904;26539;94046;0;0;
1664;8;0;69904;26539;94046;0;0;
1665;9;0;69660;25987;94842;0;-244;
1666;10;0;69412;25434;95643;0;-248;
1667;11;0;69412;25434;95643;0;0;
1668;12;0;69160;24882;96447;0;-252;
1669;13;0;69160;24882;96447;0;0;
1670;14;0;69160;24882;96447;0;0;
1671;15;0;69160;24882;96447;0;0;
1672;16;0;69160;24882;96447;0;0;
1673;17;0;69160;24882;96447;0;0;
1674;18;0;69160;24882;96447;0;0;
1675;19;0;69160;24882;96447;0;0;
1676;20;0;69160;24882;96447;0;0;
1677;21;0;69160;24882;96447;0;0;
1678;22;0;69160;24882;96447;0;0;
1679;23;0;69160;24882;96447;0;0;
1680;0;0;69160;24882;96447;0;0;
1681;1;0;69160;24882;96447;0;0;
1682;2;0;69160;24882;96447;0;0;
1683;3;0;69160;24882;96447;0;0;
1684;4;0;69160;24882;96447;0;0;
1685;5;0;69160;24882;96447;0;0;
1686;6;0;69160;24882;96447;0;0;
1687;7;0;69160;24882;96447;0;0;
1688;8;0;69160;24882;96447;0;0;
1689;9;0;68094;25306;97089;0;-1066;
1690;10;0;67026;25730;97733;0;-1068;
1691;11;0;67026;25730;97733;0;0;
1692;12;0;65952;26155;98382;0;-1074;
1693;13;0;65952;26155;98382;0;0;
1694;14;0;65952;26155;98382;0;0;
1695;15;0;65952;26155;98382;0;0;
1696;16;0;65952;26155;98382;0;0;
1697;17;0;65952;26155;98382;0;0;
1698;18;0;65952;26155;98382;0;0;
1699;19;0;65952;26155;98382;0;0;
1700;20;0;65952;26155;98382;0;0;
1701;21;0;65952;26155;98382;0;0;
1702;22;0;65952;26155;98382;0;0;
1703;23;0;65952;26155;98382;0;0;
1704;0;0;65952;26155;98382;0;0;
1705;1;0;65952;26155;98382;0;0;
1706;2;0;65952;26155;98382;0;0;
1707;3;0;65952;26155;98382;0;0;
1708;4;0;65952;26155;98382;0;0;
1709;5;0;65952;26155;98382;0;0;
1710;6;0;65952;26155;98382;0;0;
1711;7;0;65952;26155;98382;0;0;
1712;8;0;65952;26155;98382;0;0;
1713;9;0;64943;26751;98795;0;-1009;
1714;10;0;63933;27346;99210;0;-1010;
1715;11;0;63933;27346;99210;0;0;
1716;12;0;62918;27943;99628;0;-1015;
1717;13;0;62918;27943;99628;0;0;
1718;14;0;62918;27943;99628;0;0;
1719;15;0;62918;27943;99628;0;0;
1720;16;0;62918;27943;99628;0;0;
1721;17;0;62918;27943;99628;0;0;
1722;18;0;62918;27943;99628;0;0;
1723;19;0;62918;27943;99628;0;0;
1724;20;0;62918;27943;99628;0;0;
1725;21;0;62918;27943;99628;0;0;
1726;22;0;62918;27943;99628;0;0;
1727;23;0;62918;27943;99628;0;0;
1728;0;0;62918;27943;99628;0;0;
1729;1;0;62918;27943;99628;0;0;
1730;2;0;62918;27943;99628;0;0;
1731;3;0;62918;27943;99628;0;0;
1732;4;0;62918;27943;99628;0;0;
1733;5;0;62918;27943;99628;0;0;
1734;6;0;62918;27943;99628;0;0;
1735;7;0;62918;27943;99628;0;0;
1736;8;0;62918;27943;99628;0;0;
1737;9;0;61307;29554;99628;0;-1611;
1738;10;0;59693;31168;99628;0;-1614;
1739;11;0;59693;31168;99628;0;0;
1740;12;0;58077;32784;99628;0;-1616;
1741;13;0;58077;32784;99628;0;0;
1742;14;0;58077;32784;99628;0;0;
1743;15;0;58077;32784;99628;0;0;
1744;16;0;58077;32784;99628;0;0;
1745;17;0;58077;32784;99628;0;0;
1746;18;0;58077;32784;99628;0;0;
1747;19;0;58077;32784;99628;0;0;
1748;20;0;58077;32784;99628;0;0;
1749;21;0;58077;32784;99628;0;0;
1750;22;0;58077;32784;99628;0;0;
1751;23;0;58077;32784;99628;0;0;
1752;0;0;58077;32784;99628;0;0;
1753;1;0;58077;32784;99628;0;0;
1754;2;0;58077;32784;99628;0;0;
1755;3;0;58077;32784;99628;0;0;
1756;4;0;58077;32784;99628;0;0;
1757;5;0;58077;32784;99628;0;0;
1758;6;0;58077;32784;99628;0;0;
1759;7;0;58077;32784;99628;0;0;
1760;8;0;58077;32784;99628;0;0;
1761;9;0;57742;33119;99628;0;-335;
1762;10;0;57404;33457;99628;0;-338;
1763;11;0;57404;33457;99628;0;0;
1764;12;0;57062;33799;99628;0;-342;
1765;13;0;57062;33799;99628;0;0;
1766;14;0;57062;33799;99628;0;0;
1767;15;0;57062;33799;99628;0;0;
1768;16;0;57062;33799;99628;0;0;
1769;17;0;57062;33799;99628;0;0;
1770;18;0;57062;33799;99628;0;0;
1771;19;0;57062;33799;99628;0;0;
1772;20;0;57062;33799;99628;0;0;
1773;21;0;57062;33799;99628;0;0;
1774;22;0;57062;33799;99628;0;0;
1775;23;0;57062;33799;99628;0;0;
1776;0;0;57062;33799;99628;0;0;
1777;1;0;57062;33799;99628;0;0;
1778;2;0;57062;33799;99628;0;0;
1779;3;0;57062;33799;99628;0;0;
1780;4;0;57062;33799;99628;0;0;
1781;5;0;57062;33799;99628;0;0;
1782;6;0;57062;33799;99628;0;0;
1783;7;0;57062;33799;99628;0;0;
1784;8;0;57062;33799;99628;0;0;
1785;9;0;57062;33450;99977;0;0;
1786;10;0;57062;33099;100328;0;0;
1787;11;0;57062;33099;100328;0;0;
1788;12;0;57062;32741;100686;0;0;
1789;13;0;57062;32741;100686;0;0;
1790;14;0;57062;32741;100686;0;0;
1791;15;0;57062;32741;100686;0;0;
1792;16;0;57062;32741;100686;0;0;
1793;17;0;57062;32741;100686;0;0;
1794;18;0;57062;32741;100686;0;0;
1795;19;0;57062;32741;100686;0;0;
1796;20;0;57062;32741;100686;0;0;
1797;21;0;57062;32741;100686;0;0;
1798;22;0;57062;32741;100686;0;0;
1799;23;0;57062;32741;100686;0;0;
1800;0;0;57062;32741;100686;0;0;
1801;1;0;57062;32741;100686;0;0;
1802;2;0;57062;32741;100686;0;0;
1803;3;0;57062;32741;100686;0;0;
1804;4;0;57062;32741;100686;0;0;
1805;5;0;57062;32741;100686;0;0;
1806;6;0;57062;32741;100686;0;0;
1807;7;0;57062;32741;100686;0;0;
1808;8;0;57062;32741;100686;0;0;
1809;9;0;55116;34424;100949;0;-1946;
1810;10;0;53167;36107;101215;0;-1949;
1811;11;0;53167;36107;101215;0;0;
1812;12;0;51213;37792;101484;0;-1954;
1813;13;0;51213;37792;101484;0;0;
1814;14;0;51213;37792;101484;0;0;
1815;15;0;51213;37792;101484;0;0;
1816;16;0;51213;37792;101484;0;0;
1817;17;0;51213;37792;101484;0;0;
1818;18;0;51213;37792;101484;0;0;
1819;19;0;51213;37792;101484;0;0;
1820;20;0;51213;37792;101484;0;0;
1821;21;0;51213;37792;101484;0;0;
1822;22;0;51213;37792;101484;0;0;
1823;23;0;51213;37792;101484;0;0;
1824;0;0;51213;37792;101484;0;0;
1825;1;0;51213;37792;101484;0;0;
1826;2;0;51213;37792;101484;0;0;
1827;3;0;51213;37792;101484;0;0;
1828;4;0;51213;37792;101484;0;0;
1829;5;0;51213;37792;101484;0;0;
1830;6;0;51213;37792;101484;0;0;
1831;7;0;51213;37792;101484;0;0;
1832;8;0;51213;37792;101484;0;0;
1833;9;0;50230;38591;101668;0;-983;
1834;10;0;49240;39393;101856;0;-990;
1835;11;0;49240;39393;101856;0;0;
1836;12;0;48248;40193;102048;0;-992;
1837;13;0;48248;40193;102048;0;0;
1838;14;0;48248;40193;102048;0;0;
1839;15;0;48248;40193;102048;0;0;
1840;16;0;48248;40193;102048;0;0;
1841;17;0;48248;40193;102048;0;0;
1842;18;0;48248;40193;102048;0;0;
1843;19;0;48248;40193;102048;0;0;
1844;20;0;48248;40193;102048;0;0;
1845;21;0;48248;40193;102048;0;0;
1846;22;0;48248;40193;102048;0;0;
1847;23;0;48248;40193;102048;0;0;
1848;0;0;48248;40193;102048;0;0;
1849;1;0;48248;40193;102048;0;0;
1850;2;0;48248;40193;102048;0;0;
1851;3;0;48248;40193;102048;0;0;
1852;4;0;48248;40193;102048;0;0;
1853;5;0;48248;40193;102048;0;0;
1854;6;0;48248;40193;102048;0;0;
1855;7;0;48248;40193;102048;0;0;
1856;8;0;48248;40193;102048;0;0;
1857;9;0;46387;41718;102384;0;-1861;
1858;10;0;44522;43242;102725;0;-1865;
1859;11;0;44522;43242;102725;0;0;
1860;12;0;42650;44768;103071;0;-1872;
1861;13;0;42650;44768;103071;0;0;
1862;14;0;42650;44768;103071;0;0;
1863;15;0;42650;44768;103071;0;0;
1864;16;0;42650;44768;103071;0;0;
1865;17;0;42650;44768;103071;0;0;
1866;18;0;42650;44768;103071;0;0;
1867;19;0;42650;44768;103071;0;0;
1868;20;0;42650;44768;103071;0;0;
1869;21;0;42650;44768;103071;0;0;
1870;22;0;42650;44768;103071;0;0;
1871;23;0;42650;44768;103071;0;0;
1872;0;0;42650;44768;103071;0;0;
1873;1;0;42650;44768;103071;0;0;
1874;2;0;42650;44768;103071;0;0;
1875;3;0;42650;44768;103071;0;0;
1876;4;0;42650;44768;103071;0;0;
1877;5;0;42650;44768;103071;0;0;
1878;6;0;42650;44768;103071;0;0;
1879;7;0;42650;44768;103071;0;0;
1880;8;0;42650;44768;103071;0;0;
1881;9;0;41743;44835;103911;0;-907;
1882;10;0;40833;44902;104754;0;-910;
1883;11;0;40833;44902;104754;0;0;
1884;12;0;39917;44971;105601;0;-916;
1885;13;0;39917;44971;105601;0;0;
1886;14;0;39917;44971;105601;0;0;
1887;15;0;39917;44971;105601;0;0;
1888;16;0;39917;44971;105601;0;0;
1889;17;0;39917;44971;105601;0;0;
1890;18;0;39917;44971;105601;0;0;
1891;19;0;39917;44971;105601;0;0;
1892;20;0;39917;44971;105601;0;0;
1893;21;0;39917;44971;105601;0;0;
1894;22;0;39917;44971;105601;0;0;
1895;23;0;39917;44971;105601;0;0;
1896;0;0;39917;44971;105601;0;0;
1897;1;0;39917;44971;105601;0;0;
1898;2;0;39917;44971;105601;0;0;
1899;3;0;39917;44971;105601;0;0;
1900;4;0;39917;44971;105601;0;0;
1901;5;0;39917;44971;105601;0;0;
1902;6;0;39917;44971;105601;0;0;
1903;7;0;39917;44971;105601;0;0;
1904;8;0;39917;44971;105601;0;0;
1905;9;0;37562;47076;105851;0;-2355;
1906;10;0;35203;49181;106105;0;-2359;
1907;11;0;35203;49181;106105;0;0;
1908;12;0;32838;51287;106364;0;-2365;
1909;13;0;32838;51287;106364;0;0;
1910;14;0;32838;51287;106364;0;0;
1911;15;0;32838;51287;106364;0;0;
1912;16;0;32838;51287;106364;0;0;
1913;17;0;32838;51287;106364;0;0;
1914;18;0;32838;51287;106364;0;0;
1915;19;0;32838;51287;106364;0;0;
1916;20;0;32838;51287;106364;0;0;
1917;21;0;32838;51287;106364;0;0;
1918;22;0;32838;51287;106364;0;0;
1919;23;0;32838;51287;106364;0;0;
