Simulation Frame;Aberta dos Morros;Agronomia;Anchieta;Arquipélago;Auxiliadora;Azenha;Bela Vista;Belém Novo;Belém Velho;Boa Vista;Boa Vista do Sul;Bom Fim;Bom Jesus;Camaquã;Campo Novo;Cascata;Cavalhada;Centro;Chácara das Pedras;Chapéu do Sol;Cidade Baixa;Coronel Aparício Borges;Costa e Silva;Cristal;Cristo Redentor;Espírito Santo;Extrema;Farrapos;Farroupilha;Floresta;Glória;Guarujá;Higienópolis;Hípica;Humaitá;Independência;Ipanema;Jardim Botânico;Jardim Carvalho;Jardim do Salso;Jardim Dona Leopoldina;Jardim Europa;Jardim Floresta;Jardim Isabel;Jardim Itu;Jardim Lindóia;Jardim Sabará;Jardim São Pedro;Lageado;Lami;Lomba do Pinheiro;Mário Quintana;Medianeira;Menino Deus;Moinhos de Vento;MontSerrat;Morro Santana;Navegantes;Nonoai;Parque Santa Fé;Partenon;Passo DAreia;Passo das Pedras;Pedra Redonda;Petrópolis;Pitinga;Ponta Grossa;Praia de Belas;Restinga;Rio Branco;Rubem Berta;Santa Cecília;Santa Maria Goretti;Santa Rosa de Lima;Santa Tereza;Santana;Santo Antônio;São Caetano;São Geraldo;São João;São Sebastião;Sarandi;Serraria;Sétimo Céu;Teresópolis;Três Figueiras;Tristeza;Vila Assunção;Vila Conceição;Vila Ipiranga;Vila Jardim;Vila João Pessoa;Vila Nova;Vila São José
0;15;25;23;27;24;33;27;13;24;27;11;21;25;18;22;28;20;43;28;13;19;27;22;23;51;18;7;26;39;25;44;15;28;19;24;41;19;57;52;33;20;32;26;21;30;24;30;24;13;7;33;25;28;43;51;27;33;30;29;19;34;31;27;15;38;23;19;25;39;49;20;47;30;24;28;49;32;12;32;33;31;32;24;17;53;44;19;36;24;35;38;33;54;37
1;19;25;24;31;32;42;37;15;27;34;12;29;42;29;24;36;32;42;31;15;30;41;28;41;57;19;8;34;27;33;37;16;37;25;25;46;26;51;58;34;27;31;27;22;36;27;38;27;13;8;51;35;36;48;57;36;40;31;44;23;55;47;33;14;60;24;19;24;40;64;24;51;30;34;46;64;38;12;35;36;32;45;24;17;63;46;28;40;24;40;38;34;61;46
2;19;25;24;29;33;42;37;15;27;36;12;12;42;28;25;34;32;46;30;14;32;44;30;41;43;19;8;33;22;35;36;15;37;26;25;30;27;42;42;35;26;31;27;21;39;25;39;26;13;8;40;38;38;45;41;38;44;31;48;22;55;47;36;14;63;24;20;23;38;44;28;40;32;34;46;54;38;12;36;37;32;45;24;17;47;48;30;38;24;47;43;38;44;54
3;19;25;24;31;35;40;28;14;28;36;11;13;37;28;24;37;33;45;34;14;23;27;28;33;43;19;8;33;22;34;35;16;38;27;26;28;27;42;47;36;25;33;27;21;39;26;40;27;13;8;43;24;27;44;37;41;49;32;34;26;35;46;35;14;46;24;20;23;36;41;21;31;33;28;37;50;33;12;35;40;32;27;24;17;42;50;28;35;24;47;47;44;45;52
4;46;28;19;73;74;103;92;91;102;80;18;90;109;105;98;101;105;135;81;28;100;102;100;104;118;89;12;103;1;99;114;59;97;100;101;89;105;113;122;71;102;24;45;18;106;73;101;55;66;46;103;104;101;132;110;94;103;67;104;75;120;113;103;19;122;112;114;57;138;126;125;86;91;131;146;156;137;49;132;135;116;151;124;23;146;126;122;97;39;159;154;135;155;153
5;48;30;21;79;81;116;97;94;102;90;20;96;125;110;101;107;117;137;83;32;111;114;106;121;121;92;13;115;1;107;121;61;107;110;110;97;108;124;130;79;105;5;48;21;115;81;108;61;66;49;128;117;105;136;113;106;115;70;117;78;144;128;108;19;135;111;114;61;134;129;136;93;97;148;163;172;147;50;136;146;118;155;123;24;154;133;126;97;39;168;157;138;157;157
6;52;48;37;78;82;98;95;92;100;92;35;95;111;103;100;105;112;131;82;30;108;108;99;108;118;95;20;108;1;102;110;67;100;101;102;99;104;110;117;76;102;45;56;35;111;87;107;64;80;47;111;110;102;128;110;100;106;67;107;83;126;117;104;1;119;106;108;55;123;127;104;93;68;115;122;137;126;45;125;127;93;144;108;36;133;102;121;94;38;133;128;123;143;142
7;154;124;95;191;180;227;201;192;210;194;96;198;246;223;202;216;251;278;167;118;223;225;212;245;236;188;65;223;35;208;235;147;205;214;203;213;208;226;253;159;207;126;136;123;214;214;206;147;160;117;263;234;204;260;242;205;225;180;234;159;270;240;203;28;274;171;179;163;238;233;220;174;145;232;255;250;216;71;197;241;209;276;160;58;224;189;210;141;74;222;206;204;252;233
8;161;90;65;194;191;204;214;206;222;200;70;203;270;228;208;231;259;273;178;106;229;242;219;261;241;184;69;230;32;214;243;141;214;222;215;196;221;216;283;146;210;83;116;92;224;177;222;120;148;128;279;246;207;280;233;217;248;138;251;162;282;256;218;11;290;159;190;99;270;256;219;167;143;246;274;262;233;125;226;237;187;270;175;84;241;187;229;133;108;245;238;230;288;279
9;172;80;67;200;201;237;224;203;229;218;78;218;271;232;217;239;240;286;190;98;242;258;231;255;265;196;70;227;1;238;264;152;238;228;223;226;227;255;291;146;218;81;102;98;247;202;235;138;153;130;299;235;232;270;251;236;251;152;252;171;303;264;230;12;303;167;189;94;253;262;220;185;147;238;272;286;248;127;235;250;188;272;178;84;235;186;234;137;110;246;253;248;278;282
10;160;108;89;190;165;209;207;204;221;198;94;187;262;223;207;220;261;307;159;114;243;239;206;261;243;176;76;235;1;223;253;131;209;212;218;205;223;230;278;151;210;139;127;108;236;180;228;141;131;126;254;234;210;275;233;224;242;166;246;151;292;255;232;3;307;172;183;122;235;260;215;179;153;232;264;275;235;73;217;252;179;315;168;59;240;176;224;137;70;247;237;234;267;272
11;99;59;47;135;126;180;196;142;193;151;57;150;271;229;157;220;260;301;112;45;222;245;209;264;228;112;42;230;1;200;251;69;192;227;196;145;195;205;288;101;203;50;57;54;237;143;227;84;77;54;280;234;205;284;210;201;245;105;247;105;295;267;217;1;299;118;134;70;249;264;218;141;99;244;279;280;237;50;176;232;152;309;128;34;248;157;208;98;47;241;230;229;265;253
12;126;62;39;166;149;173;168;194;209;163;28;172;245;211;203;211;251;294;156;57;208;216;204;255;209;175;28;228;30;196;225;137;187;214;216;190;216;218;273;134;201;96;93;88;209;177;209;112;128;121;301;247;204;282;215;186;242;175;252;158;284;246;218;23;280;159;200;104;261;246;226;166;124;241;278;256;230;115;206;238;183;310;203;54;249;201;226;169;116;258;243;233;291;286
13;149;60;38;190;169;214;190;206;244;171;37;186;299;233;231;256;290;337;165;49;250;263;232;285;250;192;32;261;1;230;284;149;218;238;247;200;239;243;322;139;226;98;67;99;257;186;248;122;151;129;319;242;250;324;242;241;253;174;274;174;327;297;241;4;322;179;204;99;297;295;233;189;129;247;301;302;268;117;238;249;185;351;212;55;274;191;233;185;120;281;274;260;283;289
14;123;84;64;152;152;176;171;172;211;157;57;182;268;226;211;231;264;332;154;64;240;256;213;268;258;176;38;243;1;206;264;141;195;221;230;194;234;200;293;141;217;65;116;116;252;184;251;129;144;127;286;247;229;306;213;209;257;189;264;160;324;288;241;2;316;177;198;70;282;286;228;165;122;259;289;294;257;60;228;235;195;342;194;42;252;177;229;159;83;263;269;244;282;286
15;145;89;70;198;164;173;194;182;241;183;70;196;313;234;227;255;271;337;162;74;262;279;243;292;260;190;48;282;1;239;283;150;237;234;256;199;241;212;330;158;235;44;97;129;268;184;277;146;149;129;352;276;255;323;251;255;281;185;274;181;345;322;259;1;356;184;210;37;307;314;264;212;158;266;326;318;274;66;251;298;216;352;207;41;283;135;230;167;85;294;283;270;299;313
16;147;60;34;187;154;180;197;183;231;193;39;191;318;243;210;257;281;369;156;53;261;276;237;293;246;170;33;289;1;232;288;146;230;234;263;168;251;211;331;132;246;47;37;95;247;161;263;107;133;115;384;275;262;352;245;253;283;114;296;171;370;333;264;14;370;153;223;29;395;346;272;190;124;302;357;363;306;122;256;257;168;396;218;52;298;93;258;172;114;314;305;295;347;330
17;94;6;1;125;83;86;120;105;166;115;28;120;235;167;132;185;206;289;60;13;204;210;154;228;156;103;28;202;1;147;225;78;132;165;189;94;171;129;274;14;158;30;3;22;194;83;188;23;65;58;322;194;173;300;154;178;209;57;226;94;288;250;193;1;279;110;143;38;304;266;196;107;38;201;263;275;208;93;190;216;100;312;165;23;230;25;173;105;44;225;247;186;230;256
18;75;25;7;76;63;86;76;95;142;70;48;74;193;139;118;150;164;242;68;38;129;168;106;215;91;71;45;189;1;102;166;63;91;160;158;72;169;89;223;53;133;2;35;52;155;65;140;46;58;65;368;217;133;279;87;117;201;70;207;74;341;216;152;22;312;89;142;39;331;205;215;99;78;230;289;257;196;36;146;160;94;343;123;25;227;103;179;89;28;252;218;187;262;268
19;75;31;4;106;88;86;99;106;161;92;63;92;210;139;124;157;154;277;81;44;165;182;126;244;133;83;55;242;1;126;200;88;126;189;194;88;196;110;291;40;137;1;1;43;187;76;182;53;74;73;339;225;155;318;151;151;239;63;242;80;332;289;195;5;331;97;149;1;290;270;199;122;95;218;277;292;233;39;192;212;109;314;130;27;235;112;175;104;35;246;234;222;247;256
20;46;89;71;85;30;1;26;76;88;35;71;33;51;34;56;71;42;82;40;53;40;43;37;146;5;42;73;136;72;45;56;66;47;111;123;41;95;19;127;73;36;51;62;53;43;35;61;83;75;62;247;141;36;128;54;71;120;91;148;42;255;117;72;61;217;110;80;99;194;90;132;110;109;162;209;131;122;73;118;100;71;232;92;54;159;127;103;120;84;162;165;137;189;212
21;46;89;58;78;9;1;12;70;79;10;76;7;94;50;60;69;44;123;10;53;40;74;24;103;23;38;73;111;40;28;69;71;24;106;106;2;105;2;108;55;31;48;48;46;62;7;60;52;80;66;224;133;41;127;33;34;125;53;112;29;215;111;63;61;171;112;79;46;248;127;99;55;65;119;183;123;72;73;75;51;26;215;95;51;101;57;100;120;80;131;146;99;164;172
22;60;91;85;52;50;41;51;58;78;57;57;42;61;36;52;54;58;110;49;54;65;61;39;73;67;41;66;62;43;57;72;66;65;59;68;62;53;65;87;51;26;46;46;52;60;52;53;49;63;54;146;91;55;92;76;60;69;51;63;21;151;87;60;58;102;92;74;67;104;83;79;58;67;90;121;93;71;71;65;63;44;124;78;50;82;62;65;97;68;82;75;67;109;104
23;1;1;1;1;1;1;1;1;1;1;1;1;1;1;1;1;1;1;1;1;1;1;1;1;1;1;1;1;1;1;1;1;1;1;1;1;1;1;1;1;1;1;1;1;1;1;1;1;1;1;1;1;1;1;1;1;1;1;1;1;1;1;1;1;1;1;1;1;1;1;1;1;1;1;1;1;1;1;1;1;1;1;1;1;1;1;1;1;1;1;1;1;1;1
24;16;25;23;26;24;33;27;13;25;27;11;21;25;18;21;28;20;43;26;13;18;28;23;23;50;17;7;27;39;25;44;14;28;19;25;42;19;56;52;34;20;32;24;17;27;24;31;23;13;7;33;25;28;43;52;28;31;28;30;20;34;35;27;15;35;23;18;25;39;50;21;46;31;25;29;50;33;12;33;34;30;31;21;16;52;40;18;36;22;36;38;33;56;36
25;19;25;24;31;32;42;38;15;28;34;12;28;42;29;24;37;32;42;31;15;27;41;28;39;57;19;8;34;29;34;38;16;37;25;26;48;26;49;55;35;28;32;25;20;36;27;39;25;13;8;51;35;36;51;60;38;39;29;43;21;57;48;32;15;60;24;18;24;40;64;25;50;31;35;48;65;39;12;35;38;31;44;21;16;61;42;27;40;22;41;38;37;64;45
26;19;25;24;29;33;42;37;15;27;36;12;13;43;28;25;34;32;44;31;15;30;44;30;41;42;19;8;33;22;37;34;15;37;26;26;32;27;41;40;36;28;32;27;20;39;23;39;24;13;8;41;37;36;46;43;41;45;30;51;20;53;50;34;15;61;24;19;25;38;44;28;40;32;38;48;50;37;12;35;38;33;45;21;16;45;43;27;39;22;46;42;38;43;53
27;19;24;24;31;34;38;27;14;27;36;11;11;36;30;24;37;33;47;33;14;23;27;27;32;42;19;8;33;22;35;36;16;38;27;28;30;28;39;48;36;25;32;27;20;38;26;41;25;13;8;43;25;27;46;38;41;47;30;35;22;33;48;35;15;44;24;19;25;36;42;22;29;33;30;39;50;36;12;38;43;33;24;21;16;41;44;27;36;22;45;47;43;47;53
28;45;34;22;71;73;103;90;95;102;83;21;89;111;104;98;102;106;132;80;28;99;101;100;105;111;92;14;102;1;100;115;61;98;98;99;90;100;107;125;73;100;22;47;21;106;73;98;54;67;44;106;107;101;135;109;98;103;64;106;72;119;107;101;20;116;113;116;57;137;122;128;85;95;134;150;156;139;49;128;137;114;155;122;23;148;127;123;97;37;159;158;137;154;154
29;47;35;24;75;78;112;100;98;102;91;22;97;125;110;100;107;118;137;83;29;111;112;104;121;120;91;16;116;1;107;123;63;108;112;111;99;109;121;131;79;106;6;48;23;115;80;108;59;66;47;126;119;105;138;115;106;113;69;118;78;141;126;107;20;135;113;115;59;131;131;135;93;100;150;165;174;146;50;134;147;118;157;122;25;160;133;126;97;38;171;161;142;157;160
30;54;50;39;73;83;96;96;94;102;95;31;93;107;101;101;104;111;132;84;31;107;108;101;110;114;99;22;105;5;103;111;71;101;102;102;99;104;111;119;77;102;52;55;34;112;85;106;63;76;44;112;113;102;128;113;101;107;71;108;83;128;113;104;1;121;105;107;56;116;126;105;92;68;108;123;132;123;52;123;133;92;143;108;42;137;100;118;96;41;134;129;120;142;140
31;154;126;101;184;180;221;207;193;208;197;89;196;246;227;201;216;247;278;173;116;221;221;210;235;244;190;67;221;36;206;234;153;208;214;205;215;210;229;252;159;203;120;136;122;214;217;207;145;159;113;255;237;203;256;240;205;225;193;235;159;267;241;203;28;266;169;178;162;240;227;220;176;145;232;259;254;215;77;194;242;203;275;160;58;221;198;215;146;71;223;208;204;247;230
32;170;89;69;185;190;204;212;206;220;205;70;203;263;228;208;226;257;274;177;103;232;245;214;255;245;190;69;227;29;210;245;145;212;223;213;198;219;220;278;144;210;82;114;89;225;178;219;122;151;128;273;241;204;286;232;210;244;137;255;165;282;255;218;11;286;160;192;101;263;253;222;166;144;243;275;264;230;122;224;238;183;268;177;85;238;189;225;136;107;245;245;231;293;275
33;182;80;70;193;198;234;221;202;225;218;79;222;266;232;217;235;239;282;190;98;244;257;230;252;262;203;70;233;1;235;266;158;239;227;222;227;231;253;288;149;217;81;102;99;244;200;237;140;161;131;302;233;230;278;258;234;250;149;248;172;297;262;227;13;300;168;192;94;252;265;222;191;150;237;273;279;241;124;231;245;187;274;184;84;236;190;229;139;111;248;253;242;274;279
34;162;113;93;186;170;213;210;203;226;198;91;192;260;222;205;222;261;300;165;115;243;236;208;256;233;170;76;231;1;216;251;132;213;215;218;201;224;238;276;153;202;139;129;108;237;181;226;140;133;121;256;233;214;271;232;221;241;164;242;154;288;260;230;3;298;169;184;121;232;262;217;181;151;233;265;277;237;75;215;255;180;311;167;60;238;177;221;137;68;245;232;230;267;265
35;99;61;49;136;126;185;190;142;192;155;53;154;271;226;155;221;261;305;115;47;220;242;207;264;231;107;42;228;1;200;249;71;187;227;199;138;199;206;284;103;200;52;56;55;232;141;224;85;81;51;275;238;200;291;210;207;244;107;243;106;300;268;217;1;301;117;136;72;254;267;221;143;103;238;280;269;241;51;178;232;160;306;129;35;246;151;210;100;45;239;226;233;260;249
36;129;55;40;161;143;175;172;197;206;160;31;170;243;212;203;212;248;298;155;59;211;214;202;261;210;175;28;233;29;194;224;136;195;218;226;188;228;217;271;137;202;98;96;87;209;177;210;110;131;118;288;253;203;278;217;187;242;175;244;157;293;241;208;23;295;162;200;108;263;250;224;164;125;245;282;262;236;114;205;231;186;306;206;52;253;197;227;166;115;254;248;234;292;283
37;151;49;38;184;169;221;188;213;243;171;37;186;296;245;230;252;291;342;162;50;249;265;229;285;252;194;29;252;1;225;284;151;217;239;245;202;242;240;330;137;222;94;67;102;257;184;250;123;155;126;319;246;245;313;238;238;259;178;272;173;330;299;247;6;327;182;205;99;292;296;235;183;128;244;300;307;263;116;237;248;187;345;215;53;280;193;231;177;120;280;269;255;282;281
38;122;74;64;155;156;179;175;175;208;157;62;179;267;228;202;233;257;336;154;68;231;260;208;276;263;177;38;238;1;205;269;141;193;221;230;195;234;202;298;142;219;63;116;117;248;185;251;128;146;130;294;253;228;306;213;213;261;186;272;161;332;295;243;3;318;176;199;72;284;289;225;169;124;256;291;297;249;61;225;237;191;339;194;41;259;189;235;159;87;265;260;248;283;286
39;148;81;70;202;162;173;200;182;239;180;73;195;308;242;217;257;267;328;160;76;260;277;243;286;259;190;46;275;1;243;293;149;237;234;254;203;241;209;329;157;230;49;102;131;269;183;273;147;149;129;351;272;252;330;253;252;280;189;274;185;351;319;254;1;354;182;208;42;306;320;261;211;163;271;325;327;275;66;248;288;216;359;207;41;289;131;239;168;87;292;282;271;303;315
40;145;45;38;198;155;187;193;191;234;195;37;196;316;244;210;256;280;367;152;54;257;284;238;298;247;165;32;284;1;231;295;146;222;237;254;174;256;216;332;135;237;48;45;101;258;160;254;114;134;123;388;284;267;358;240;256;285;111;302;171;373;312;273;17;361;156;221;38;393;354;269;189;123;294;363;350;302;124;264;263;174;394;215;53;314;95;251;173;119;314;307;294;346;340
41;90;8;2;120;84;87;114;107;165;118;27;119;235;170;137;186;207;279;61;15;199;216;155;232;150;96;28;205;1;155;231;74;132;154;178;97;167;134;275;13;159;32;5;25;196;83;176;23;71;66;328;193;178;299;155;185;216;54;228;99;290;251;195;1;265;112;158;38;295;262;187;99;39;205;264;281;211;101;182;207;95;314;164;25;240;22;171;106;56;231;249;195;234;263
42;69;22;7;78;64;87;75;92;137;71;49;78;178;137;119;138;165;248;63;38;139;177;112;226;94;80;41;175;1;103;166;62;91;162;147;71;170;89;236;56;135;2;34;51;158;68;133;46;59;60;367;215;137;273;88;120;206;68;210;72;337;225;154;22;305;83;147;44;329;210;214;97;81;229;288;244;193;41;144;157;94;338;118;26;227;102;174;97;30;256;236;185;269;280
43;80;29;2;104;91;87;99;107;151;97;63;96;206;140;118;157;153;276;79;44;162;182;127;249;126;85;48;228;1;123;196;89;127;185;197;86;193;103;291;41;143;2;1;43;185;82;181;56;77;70;343;217;158;311;147;156;239;63;240;78;329;294;184;7;330;93;157;1;291;274;193;118;91;215;282;285;225;43;189;212;115;323;130;28;231;121;183;105;40;262;231;218;252;262
44;55;90;78;89;28;1;28;76;81;38;69;31;45;34;53;72;41;74;36;52;43;41;32;157;5;40;75;131;75;44;64;64;45;108;119;41;96;19;132;67;37;55;65;58;39;47;58;84;76;58;238;143;38;126;61;64;121;89;139;42;258;121;75;70;220;99;81;93;212;93;137;102;107;156;196;143;132;76;139;111;73;227;99;56;156;118;113;114;90;175;170;131;201;220
45;47;90;64;71;10;1;14;65;75;15;73;12;100;47;55;72;42;134;1;55;49;75;24;114;24;36;76;107;42;31;79;66;31;100;96;4;104;3;104;47;38;50;50;50;62;8;64;53;79;61;228;122;36;127;21;38;127;52;99;26;216;107;67;70;173;101;80;41;241;128;102;57;69;115;178;126;69;76;82;54;30;210;99;51;104;52;108;119;87;121;143;102;163;164
46;57;91;90;59;49;52;58;63;75;54;60;44;62;42;53;56;62;113;49;55;65;62;39;81;70;43;68;63;42;56;77;66;58;56;67;57;50;66;83;49;40;47;41;59;66;54;58;51;68;51;141;94;57;89;72;67;74;56;70;19;147;82;63;64;105;88;71;57;96;89;77;50;70;91;123;99;63;71;61;63;45;123;76;47;84;63;66;93;77;81;74;67;105;102
47;1;1;1;1;1;1;1;1;1;1;1;1;1;1;1;1;1;1;1;1;1;1;1;1;1;1;1;1;1;1;1;1;1;1;1;1;1;1;1;1;1;1;1;1;1;1;1;1;1;1;1;1;1;1;1;1;1;1;1;1;1;1;1;1;1;1;1;1;1;1;1;1;1;1;1;1;1;1;1;1;1;1;1;1;1;1;1;1;1;1;1;1;1;1
48;16;25;23;26;24;33;27;13;25;27;11;20;25;18;20;28;20;43;28;13;19;28;24;23;51;18;7;25;38;23;45;13;30;19;24;43;20;56;51;33;19;30;26;18;31;25;29;23;13;7;33;22;28;43;52;28;32;29;30;19;32;35;27;15;36;23;18;27;39;49;20;46;33;25;32;49;32;12;33;34;32;31;21;15;52;41;18;40;21;35;38;33;56;36
49;19;25;24;31;31;43;38;15;27;34;12;28;42;29;24;37;32;43;31;15;29;40;28;40;58;19;8;33;28;30;37;16;37;25;25;48;26;48;54;34;28;31;27;21;36;27;38;26;13;8;52;35;35;51;59;38;38;30;42;22;55;47;33;15;59;24;18;27;40;64;24;50;34;35;50;65;37;12;35;38;33;44;21;15;62;43;27;44;21;39;38;36;61;45
50;19;25;24;29;33;40;37;15;27;36;12;13;42;28;25;34;33;43;31;15;30;43;30;41;43;19;8;32;22;35;35;15;37;26;25;32;26;41;40;36;27;31;29;21;40;24;39;24;13;8;40;37;38;45;40;40;43;29;49;22;52;49;35;15;63;24;19;25;40;45;27;40;35;37;51;50;37;12;37;38;35;45;21;15;48;46;27;42;21;47;44;39;40;50
51;19;24;24;31;35;39;29;14;28;36;11;12;37;29;24;38;33;47;35;14;23;27;28;33;43;19;8;33;22;35;37;16;39;27;25;30;27;40;47;35;25;33;27;21;38;26;41;26;13;8;45;24;27;41;36;43;49;29;36;25;34;49;36;15;44;24;19;26;36;43;21;30;34;32;38;48;34;12;39;40;34;28;21;15;40;48;27;40;21;44;51;45;44;53
52;43;31;23;72;70;103;92;91;102;79;19;89;111;101;98;102;106;134;80;26;99;102;103;103;118;89;16;106;1;97;120;59;96;100;101;92;103;109;127;74;101;22;49;18;106;73;102;54;66;50;103;103;100;133;112;95;102;66;105;71;116;107;104;18;118;113;116;58;138;123;127;89;90;131;151;157;137;48;131;141;116;150;121;21;152;127;124;97;36;161;151;133;160;160
53;47;32;24;76;77;113;96;95;100;93;21;95;126;110;101;108;115;137;83;27;111;115;106;122;119;92;17;117;1;106;124;61;108;110;112;100;109;120;127;79;105;5;50;22;116;79;108;61;67;53;125;117;105;139;111;106;112;69;117;78;144;126;109;18;135;115;114;58;132;129;138;92;95;149;166;173;145;49;138;145;122;154;122;23;158;133;126;98;37;168;155;139;160;165
54;55;48;36;75;81;100;97;95;100;94;33;96;110;102;100;104;109;134;84;32;110;104;103;108;119;94;22;104;4;102;110;66;101;103;101;97;104;112;117;79;102;51;56;33;100;87;105;61;77;47;111;109;103;129;112;100;109;72;111;85;130;117;104;2;127;105;108;55;122;122;105;91;68;114;120;133;124;50;124;127;94;144;109;37;132;101;123;96;43;132;128;121;140;137
55;156;129;94;191;176;228;201;193;210;200;94;201;245;224;200;214;251;282;169;120;220;227;215;242;242;188;67;220;36;209;234;147;200;213;206;212;210;228;257;161;202;124;138;120;217;215;207;141;156;118;256;235;201;256;234;210;223;184;235;162;266;236;206;28;273;172;179;162;244;232;218;173;145;234;255;253;216;74;192;239;210;282;160;58;217;200;214;144;79;219;203;205;249;230
56;172;95;68;194;186;202;206;205;220;202;69;203;269;229;208;230;256;275;177;107;229;242;214;263;244;184;69;227;30;217;241;143;212;223;210;194;223;220;280;144;204;82;114;90;223;179;222;117;146;129;272;248;208;285;230;215;239;135;252;164;282;251;224;10;286;165;189;98;268;255;221;166;143;250;281;266;226;124;222;234;185;267;180;87;249;188;223;132;98;244;242;233;296;271
57;185;85;72;198;199;233;221;203;225;218;78;224;270;231;218;242;236;285;192;99;241;259;230;258;261;195;70;227;1;232;268;152;232;224;220;225;231;258;293;148;221;79;101;101;245;202;235;137;152;131;297;234;230;265;252;236;247;153;253;173;297;258;227;12;299;171;189;93;257;268;226;189;149;236;273;271;243;126;230;246;192;276;185;86;239;190;228;138;100;245;259;244;276;280
58;164;116;89;189;167;215;204;203;222;207;96;188;257;223;208;222;262;299;164;111;238;237;206;257;237;169;76;232;1;219;258;129;211;214;220;205;225;234;272;152;201;136;127;113;237;182;224;140;136;122;260;233;214;273;232;220;243;163;237;151;291;257;233;4;302;174;185;122;233;270;218;177;152;233;264;268;232;73;217;251;184;304;166;61;245;176;221;138;70;248;235;230;265;272
59;107;54;45;140;125;183;193;140;194;157;55;153;266;228;156;219;259;303;115;41;222;247;213;267;228;110;40;233;1;202;241;68;189;228;201;147;202;208;285;101;207;50;54;57;235;141;226;88;81;56;280;233;200;281;220;205;250;102;247;108;295;259;220;1;302;120;134;70;254;267;221;143;97;241;280;275;238;50;183;226;161;301;128;34;242;161;211;101;44;239;234;230;259;259
60;128;56;37;170;147;179;165;195;203;159;31;170;238;210;202;214;251;300;154;55;206;218;202;261;210;172;28;232;30;198;227;137;191;217;225;188;218;224;265;133;206;98;94;86;210;173;212;109;128;120;297;251;203;278;216;186;242;179;251;159;291;243;214;24;290;158;199;107;267;254;222;167;121;238;283;264;238;109;207;236;178;304;204;56;250;195;228;167;115;256;245;242;288;281
61;149;51;36;191;164;220;188;205;247;172;38;185;291;246;229;257;289;344;159;47;252;265;230;280;257;188;29;257;1;228;295;150;218;240;246;201;238;243;324;136;222;83;67;101;264;182;250;119;147;131;316;246;251;324;248;244;262;178;271;177;325;298;243;7;333;178;205;96;290;290;234;188;126;247;298;307;268;112;243;250;189;350;213;56;278;187;237;176;121;275;267;255;283;284
62;123;74;62;152;155;175;174;195;214;156;62;181;268;229;208;235;255;338;154;68;241;259;214;273;251;172;41;244;1;204;270;141;202;218;231;201;235;203;298;143;221;62;116;117;250;184;247;126;146;124;291;256;225;309;219;216;263;192;269;162;322;291;244;1;318;175;199;73;286;284;230;165;123;259;288;293;251;58;224;231;194;339;194;43;260;183;229;156;85;266;262;248;282;296
63;145;79;67;197;170;172;195;203;241;180;72;200;313;236;225;252;266;333;160;78;258;284;243;287;257;189;51;282;1;243;294;152;239;234;261;204;241;212;337;158;232;47;100;130;273;179;275;143;149;126;353;274;253;331;249;252;287;189;272;182;347;313;260;1;349;184;208;41;311;316;257;214;161;272;321;319;272;63;254;292;223;361;203;42;292;133;232;166;86;297;284;267;304;306
64;145;49;34;192;156;179;191;191;233;189;44;191;308;240;216;255;278;371;155;54;259;274;238;301;244;160;34;286;1;232;293;149;220;240;260;168;251;226;328;138;240;45;42;92;260;153;255;114;129;112;386;285;259;351;230;251;284;118;288;168;372;318;273;13;359;158;218;31;395;345;273;188;121;294;363;351;307;114;265;267;176;393;219;49;299;92;246;163;114;311;306;293;349;332
65;94;7;1;126;80;87;114;109;164;110;27;117;237;167;139;183;206;282;60;16;199;223;148;222;160;86;30;209;1;156;227;74;124;163;185;95;166;134;265;10;156;35;5;23;192;87;186;22;72;59;323;192;184;293;159;183;211;57;232;98;292;252;194;2;275;107;152;33;295;263;194;100;45;206;258;282;210;94;190;210;99;317;168;21;233;25;162;99;51;230;232;196;229;245
66;67;22;8;82;65;87;74;93;138;71;49;77;177;135;106;137;163;244;67;41;139;175;105;222;90;80;38;181;1;103;176;64;88;163;151;75;168;90;230;58;136;2;31;46;160;70;143;50;52;65;365;219;138;274;89;119;195;68;211;76;332;218;158;25;309;90;147;40;323;213;212;100;81;235;294;261;192;35;141;160;96;349;120;22;224;102;174;95;27;259;223;188;267;276
67;74;26;5;102;93;87;96;105;161;103;62;92;206;140;119;161;161;271;77;46;165;182;127;251;132;85;48;229;1;127;193;88;138;187;191;94;191;104;296;36;142;3;1;44;184;83;178;63;69;70;351;231;158;319;157;149;233;64;239;83;339;286;179;8;328;97;153;1;290;278;199;129;92;220;279;299;229;38;185;205;114;319;126;25;224;125;172;106;36;258;227;219;250;261
68;44;95;73;91;30;1;27;76;85;38;68;31;51;40;51;74;40;77;37;55;46;40;38;149;11;46;65;136;77;44;52;66;41;104;121;48;89;20;118;72;41;54;68;62;46;38;52;88;80;57;245;139;41;129;48;64;130;85;148;40;253;120;74;63;219;98;100;99;198;83;139;114;108;160;204;130;129;67;134;97;71;226;93;57;158;121;99;122;87;162;179;139;190;205
69;43;95;60;75;7;1;15;66;77;11;73;9;105;51;53;67;38;126;2;57;53;76;22;112;25;44;66;107;41;25;67;69;26;100;104;5;97;2;105;52;37;48;52;52;63;4;59;53;81;60;218;127;37;126;23;35;114;50;107;29;211;105;72;63;188;98;93;43;249;126;99;58;70;121;179;124;68;67;86;45;30;213;90;52;100;53;100;121;81;122;133;102;156;154
70;59;92;84;64;43;41;57;63;75;52;58;39;61;45;56;56;59;112;42;56;60;61;37;84;60;47;58;65;47;55;73;66;62;55;68;61;53;60;89;51;39;47;45;55;58;52;53;50;66;47;144;96;54;92;72;62;72;54;67;21;143;79;63;54;110;85;80;61;103;97;77;52;70;96;122;93;64;63;66;70;44;123;74;49;87;61;63;90;73;77;74;63;104;101
71;1;1;1;1;1;1;1;1;1;1;1;1;1;1;1;1;1;1;1;1;1;1;1;1;1;1;1;1;1;1;1;1;1;1;1;1;1;1;1;1;1;1;1;1;1;1;1;1;1;1;1;1;1;1;1;1;1;1;1;1;1;1;1;1;1;1;1;1;1;1;1;1;1;1;1;1;1;1;1;1;1;1;1;1;1;1;1;1;1;1;1;1;1;1
72;16;25;24;25;24;33;27;13;24;27;11;20;25;18;22;28;20;43;29;13;18;29;20;23;50;18;7;27;37;23;44;13;31;17;25;42;21;57;52;35;19;31;24;19;28;21;30;23;13;7;34;23;28;43;51;29;32;28;29;18;34;31;29;14;36;23;19;26;40;50;20;46;31;24;27;48;32;11;32;33;30;32;22;16;54;43;21;37;23;34;39;33;56;37
73;19;25;25;31;32;41;38;15;27;34;12;27;43;29;24;38;34;42;30;15;28;41;28;40;57;19;8;34;27;31;37;16;37;23;26;47;26;50;55;36;27;30;25;21;36;25;38;26;13;8;53;35;36;48;59;39;39;29;42;22;56;47;34;14;59;24;19;24;41;64;24;49;31;34;45;63;39;11;35;36;31;45;22;16;64;45;28;41;23;38;39;34;63;46
74;19;25;25;28;33;41;37;15;27;36;12;11;42;28;25;34;33;44;32;15;30;43;30;42;42;19;8;33;22;36;37;15;36;24;26;31;27;43;40;37;27;29;27;20;40;23;39;26;13;8;40;39;37;45;40;42;44;29;48;22;58;48;36;14;64;24;20;24;37;44;28;40;32;36;44;50;38;11;37;39;31;47;22;17;49;46;29;40;23;44;44;39;40;53
75;19;25;25;30;35;40;29;14;28;36;12;10;37;29;24;37;34;45;35;14;22;27;27;33;43;19;8;33;22;33;36;16;37;25;27;28;28;40;47;39;25;31;26;20;39;24;41;26;13;8;45;24;27;43;36;41;50;29;34;25;33;48;37;14;43;24;20;24;35;42;20;31;32;32;35;45;35;11;38;44;33;23;22;17;42;48;29;35;23;43;49;43;43;51
76;46;33;19;71;72;102;92;93;103;80;19;88;112;101;99;103;107;130;79;28;98;106;98;107;117;89;14;103;2;98;115;59;97;99;102;89;102;109;132;71;102;21;44;18;106;73;100;55;66;43;104;104;101;134;112;98;102;66;109;76;116;112;102;19;119;115;117;59;134;127;125;87;90;128;149;155;140;47;130;137;119;152;122;22;151;123;121;98;36;162;153;133;158;155
77;48;35;23;75;80;114;98;96;102;89;21;95;125;112;101;108;115;136;82;31;112;115;104;123;119;91;15;114;1;107;123;63;107;110;110;98;107;120;129;77;107;4;50;21;115;82;108;61;67;46;127;116;102;139;111;107;112;68;117;78;138;124;107;19;134;114;116;62;132;127;135;93;98;148;165;175;147;48;135;144;120;159;122;24;158;132;124;98;38;169;155;137;158;159
78;55;52;35;76;81;100;93;92;101;95;31;92;113;102;101;104;112;131;84;33;107;104;102;110;113;95;22;105;1;104;111;69;103;102;102;98;105;107;116;76;101;52;56;34;107;88;102;62;79;43;113;111;103;127;117;102;108;70;106;84;130;117;105;1;126;107;108;54;123;123;105;95;70;111;123;136;126;50;123;124;93;144;108;36;134;101;121;98;40;129;128;122;140;140
79;156;130;95;188;177;232;206;192;210;199;91;198;243;228;201;216;252;272;169;120;222;226;215;243;240;187;68;219;37;206;240;147;202;214;203;214;208;230;259;160;203;124;137;119;214;216;207;146;158;115;261;231;206;260;243;203;226;187;235;162;271;236;207;28;274;172;178;155;238;233;217;176;149;233;260;248;218;74;197;235;208;275;160;56;221;195;212;143;76;221;207;207;249;233
80;172;90;70;192;186;204;208;207;220;203;70;203;268;236;208;226;257;273;181;103;231;244;211;258;240;184;70;230;32;214;241;143;212;224;213;198;221;218;283;145;215;82;112;89;222;184;222;121;144;124;278;245;202;280;236;215;244;137;247;165;276;258;219;11;287;169;189;100;270;256;220;171;142;242;279;268;230;124;224;238;182;262;175;85;246;184;228;136;105;245;242;238;293;272
81;185;81;71;200;201;239;228;204;229;217;78;218;272;232;217;241;238;296;186;99;247;256;229;253;264;195;71;223;1;237;268;154;235;225;224;225;229;256;291;148;219;78;102;100;244;199;237;138;154;126;307;233;231;274;250;238;247;152;248;175;298;261;224;10;304;175;190;91;251;261;222;193;148;237;272;278;247;126;238;249;184;275;182;85;242;188;231;139;107;248;251;247;276;275
82;164;110;90;191;167;212;202;204;221;201;92;187;259;223;206;218;257;300;158;115;242;235;207;262;237;175;77;232;1;217;262;130;212;213;222;200;224;236;275;152;210;140;127;106;238;185;227;143;136;127;258;236;211;275;231;220;239;163;242;150;287;256;231;4;301;175;184;121;231;262;217;181;149;234;268;271;238;76;219;258;185;312;166;61;244;175;223;136;71;248;235;234;262;267
83;104;56;46;140;125;180;192;142;190;156;57;150;271;230;154;220;259;308;112;44;218;251;208;267;228;112;45;226;1;200;243;69;192;229;203;144;193;211;289;102;201;50;57;51;227;143;227;87;78;58;279;234;200;285;221;203;247;109;242;111;288;267;217;1;306;123;136;73;254;269;218;139;100;249;278;271;233;53;182;228;153;310;126;34;252;156;206;101;42;239;229;228;260;256
84;131;64;38;169;152;175;172;197;206;161;32;176;246;209;203;215;242;294;152;59;205;222;206;259;209;175;30;233;29;193;220;137;193;219;231;189;220;210;281;142;206;92;93;87;212;177;206;115;129;119;296;242;207;282;212;186;238;169;245;157;282;244;211;22;285;158;198;103;266;248;220;173;128;237;279;264;237;113;201;236;187;307;202;53;246;201;226;166;112;255;242;231;285;287
85;151;58;37;195;167;214;191;208;238;169;38;182;291;241;228;259;292;336;161;48;254;271;234;279;249;190;32;259;1;224;287;152;220;241;246;198;237;241;325;144;226;97;67;102;264;187;250;124;150;129;314;244;252;318;243;243;260;177;267;175;331;294;237;4;323;178;203;99;297;300;232;196;131;246;301;307;267;115;239;250;189;340;212;55;279;193;233;180;117;280;278;259;289;288
86;129;87;62;157;155;175;173;169;212;159;60;178;278;228;210;229;265;333;151;67;241;259;209;274;255;178;41;255;1;203;269;144;192;220;234;201;236;201;293;149;216;65;115;116;250;188;257;127;140;131;288;250;233;312;216;211;258;191;262;159;330;290;236;4;314;179;198;72;289;288;229;169;122;262;294;292;255;61;225;235;192;345;195;42;260;186;228;155;84;276;265;247;275;292
87;150;91;67;202;165;171;193;182;240;181;72;197;317;234;226;253;269;339;162;76;256;279;245;288;259;193;50;280;1;244;296;150;241;233;263;201;239;210;334;166;235;50;98;124;264;188;271;142;146;131;351;271;254;320;251;259;290;193;273;180;350;323;252;1;345;183;208;41;312;325;261;211;162;278;326;326;276;66;250;290;221;351;204;42;293;147;230;163;82;294;286;271;303;301
88;152;57;39;197;160;177;192;188;224;194;38;191;316;237;206;259;284;376;158;52;255;279;240;295;251;168;32;294;1;236;290;147;220;239;254;169;249;216;331;142;242;46;41;98;259;154;260;110;138;118;389;280;264;348;239;250;287;115;296;170;374;325;264;16;374;151;218;30;397;339;272;186;125;300;362;360;305;122;261;269;172;406;218;48;301;99;251;166;115;321;301;294;345;337
89;92;6;1;126;84;86;111;109;163;110;26;122;236;171;132;184;207;277;60;19;195;214;145;225;157;96;28;204;1;156;229;73;132;158;178;96;162;129;281;12;160;29;5;22;199;79;186;22;69;59;329;197;175;294;146;194;212;63;223;97;289;247;183;2;269;101;155;31;303;263;189;106;38;201;265;279;215;94;193;213;101;317;166;23;228;25;167;105;52;232;239;201;226;254
90;67;25;6;86;64;86;74;91;139;69;47;75;173;139;105;144;167;245;64;40;127;167;105;225;93;77;45;184;1;112;173;63;93;156;153;74;165;90;239;54;135;2;35;44;159;68;133;47;54;61;362;214;140;280;87;121;199;74;209;76;340;219;149;29;313;83;141;39;332;212;207;98;80;233;291;253;198;46;141;160;93;338;123;22;224;103;174;91;28;248;223;184;262;280
91;78;30;3;109;90;86;101;107;161;96;61;90;211;144;107;160;156;270;75;44;160;186;126;250;134;78;52;234;1;124;203;86;132;185;195;86;198;107;285;39;148;1;3;44;184;81;176;57;69;69;341;221;152;306;155;161;234;68;234;82;335;283;189;6;327;92;148;1;288;273;190;121;92;212;283;291;223;47;190;216;110;320;134;24;226;112;176;103;36;251;224;224;255;271
92;48;93;75;86;34;1;26;77;93;43;63;32;56;33;60;73;39;74;40;52;42;47;33;150;6;45;72;135;69;43;55;63;49;105;125;47;97;16;138;74;43;53;60;53;42;38;54;80;67;56;244;148;36;122;59;71;132;87;143;48;255;120;76;58;220;95;79;98;195;82;127;114;120;153;207;151;130;76;124;102;73;232;101;51;156;120;99;116;88;173;162;132;190;202
93;43;93;60;75;9;1;17;66;80;9;67;10;100;47;57;72;43;133;2;55;43;73;24;105;25;39;72;118;42;25;63;63;27;96;105;2;111;1;115;56;30;49;49;44;61;5;58;49;73;58;216;133;43;131;36;34;127;52;102;34;217;102;64;58;171;97;76;41;243;125;100;51;67;112;179;132;73;77;79;43;32;207;101;47;101;57;96;117;84;125;143;102;175;162
94;57;93;89;60;48;47;57;62;74;52;49;39;62;33;54;50;54;118;47;54;58;69;39;73;68;50;60;68;43;60;71;64;66;54;69;54;50;59;93;48;35;44;50;51;63;49;53;46;61;47;142;101;58;89;77;57;74;52;68;27;146;79;62;54;98;81;68;66;96;96;78;60;75;92;126;99;66;69;63;68;43;123;84;48;79;64;63;92;74;81;72;73;112;97
95;1;1;1;1;1;1;1;1;1;1;1;1;1;1;1;1;1;1;1;1;1;1;1;1;1;1;1;1;1;1;1;1;1;1;1;1;1;1;1;1;1;1;1;1;1;1;1;1;1;1;1;1;1;1;1;1;1;1;1;1;1;1;1;1;1;1;1;1;1;1;1;1;1;1;1;1;1;1;1;1;1;1;1;1;1;1;1;1;1;1;1;1;1;1
96;15;25;25;26;24;33;27;13;24;27;11;20;25;18;22;28;20;43;28;13;18;28;23;23;50;15;7;27;39;24;44;15;28;18;25;43;19;57;54;36;19;32;28;18;30;22;33;27;13;7;33;24;28;45;53;28;33;28;29;22;34;33;29;15;35;23;18;26;39;47;21;46;30;26;28;50;31;11;32;33;30;32;22;16;52;42;19;40;24;36;37;33;56;35
97;19;25;25;31;32;42;38;15;27;34;12;27;42;29;24;36;33;42;30;15;27;41;28;39;57;19;8;34;28;33;36;16;37;24;26;48;26;50;57;36;28;31;29;20;36;26;38;30;13;8;53;35;35;52;59;38;39;28;41;24;56;47;34;14;58;24;18;24;40;65;25;49;31;36;48;65;38;11;34;37;31;45;22;16;62;44;27;44;24;40;37;36;62;43
98;19;25;25;28;33;41;36;15;28;36;12;10;42;28;25;34;32;44;31;15;29;44;30;40;43;19;8;33;22;35;37;15;36;25;26;33;26;41;43;37;28;31;29;20;40;23;39;28;13;8;38;38;38;46;42;40;46;29;49;23;54;48;38;14;61;24;19;24;41;43;27;38;32;38;49;49;36;11;35;39;33;46;22;17;47;46;28;42;24;46;42;38;43;52
99;19;25;25;30;36;39;27;14;27;37;12;11;36;29;24;37;34;45;35;14;22;25;27;32;42;19;8;33;22;34;38;16;39;26;26;31;28;40;49;38;25;33;27;20;39;25;39;30;13;8;45;25;29;46;38;41;49;30;32;28;39;46;39;14;45;24;19;25;38;43;22;29;32;33;37;47;34;11;35;41;32;28;22;17;42;48;28;40;24;45;44;43;47;53
100;47;34;22;73;73;102;90;90;102;81;16;87;112;102;97;101;105;132;80;29;101;103;99;104;111;89;14;102;1;102;114;63;100;99;99;88;104;111;126;74;101;25;47;19;105;75;98;54;68;42;104;107;101;129;112;94;103;66;105;75;120;110;102;19;118;113;118;58;128;125;126;84;91;132;150;155;139;49;129;136;115;153;123;21;147;125;123;99;37;165;156;132;160;153
101;50;35;23;77;79;112;99;94;103;92;20;96;126;109;102;107;117;138;84;30;113;113;103;123;120;92;16;115;1;105;121;65;109;111;110;100;107;119;129;81;104;5;47;21;116;83;106;57;69;45;122;119;103;136;114;105;113;70;118;77;138;120;107;19;133;113;116;60;127;131;134;93;99;145;166;173;147;50;134;146;119;158;122;22;158;132;128;98;37;173;161;140;157;158
102;55;49;39;77;86;96;96;94;103;94;33;95;113;103;102;103;109;132;83;31;109;108;98;110;115;98;21;105;3;107;116;70;101;102;102;100;102;111;122;78;99;47;55;34;109;86;108;64;76;42;116;111;105;125;114;101;109;69;109;83;127;118;107;1;121;107;107;55;121;127;104;91;66;109;124;134;126;45;123;126;92;145;108;38;134;100;120;95;35;131;129;121;140;138
103;154;125;99;189;182;225;199;193;210;195;94;198;246;231;202;215;251;279;171;118;222;222;214;241;232;190;68;221;35;206;234;150;201;212;208;213;209;220;258;161;200;124;136;120;217;211;207;147;157;116;256;236;201;263;236;205;226;188;236;160;269;236;207;28;268;172;179;154;237;229;218;173;146;232;262;251;215;71;195;237;203;279;160;58;222;197;212;142;71;221;207;208;248;229
104;170;90;68;193;191;204;207;206;216;199;70;206;270;235;211;231;253;270;176;103;235;245;212;256;238;186;68;231;30;216;247;144;218;224;212;195;223;213;280;150;207;85;114;89;224;176;219;120;144;128;283;250;204;277;233;211;242;136;253;162;283;249;218;11;287;162;191;101;266;256;220;165;142;245;273;267;233;126;223;236;182;264;177;84;239;191;224;129;108;246;245;231;293;276
105;182;80;71;196;201;237;225;202;227;220;78;217;274;233;217;239;237;290;188;100;243;263;231;253;259;200;69;224;1;235;271;151;237;228;223;227;227;257;292;150;221;81;99;98;243;202;242;141;151;131;299;238;227;269;250;240;247;149;249;174;300;259;229;9;295;171;190;92;256;262;225;186;148;238;272;280;238;128;235;250;187;273;183;83;240;192;227;133;110;251;252;251;272;282
106;157;109;90;190;167;212;210;202;222;196;94;187;259;223;205;221;262;297;162;117;241;238;207;265;238;172;75;228;1;214;258;133;215;212;221;205;223;237;278;150;205;139;127;112;240;183;225;144;135;123;259;236;213;277;228;224;246;167;245;152;280;265;234;2;297;173;187;121;233;267;220;178;151;234;270;266;231;77;216;255;178;313;167;60;240;176;217;136;71;248;236;230;261;267
107;101;54;47;138;124;186;192;142;191;153;53;151;267;227;156;217;263;303;114;44;218;249;208;267;230;106;41;229;1;202;243;72;195;227;197;143;196;206;278;101;206;50;55;57;232;138;224;89;80;53;278;236;204;288;214;207;252;111;248;107;294;259;219;1;305;119;135;73;251;267;225;142;103;240;277;272;233;49;180;235;155;307;127;34;239;152;212;101;45;241;236;232;264;252
108;127;56;37;164;146;181;168;197;207;159;33;172;236;209;203;211;256;296;153;57;213;216;204;255;214;171;27;237;29;197;225;139;191;219;222;191;227;216;272;134;206;90;94;85;209;175;210;111;131;118;293;242;202;283;213;185;240;178;250;157;288;236;215;23;288;163;201;108;267;255;219;167;133;246;277;258;231;108;203;233;183;304;204;55;249;203;222;158;111;256;245;231;296;286
109;148;49;35;190;167;217;187;209;245;170;37;183;293;241;236;250;291;339;161;49;254;262;231;279;252;189;30;256;1;229;294;151;217;238;243;203;241;241;320;138;227;97;67;99;260;183;248;121;150;129;314;245;244;320;239;238;263;176;266;175;334;299;242;6;325;183;205;105;292;293;232;188;135;245;305;311;266;111;244;246;189;342;210;56;285;190;234;169;117;275;274;254;287;293
110;125;76;60;153;151;177;175;197;213;156;61;185;272;229;209;231;264;337;154;66;242;258;214;274;253;177;40;249;1;207;271;145;198;219;234;197;234;203;294;141;220;59;115;115;249;182;248;129;144;128;295;255;229;309;211;215;259;190;260;160;334;289;241;3;319;177;199;73;289;282;225;167;128;254;288;295;256;60;223;240;196;339;193;41;257;186;232;157;84;273;265;249;273;296
111;149;79;65;198;163;172;195;206;238;179;72;200;314;237;226;257;261;337;163;76;265;281;244;285;256;188;46;286;1;242;291;151;238;228;250;197;239;210;328;158;231;48;101;129;267;180;277;146;149;128;361;268;255;324;246;255;291;188;277;179;349;324;258;1;353;182;211;41;309;323;254;213;169;276;321;318;276;65;254;296;220;361;200;41;294;132;232;163;82;292;278;271;301;305
112;143;45;33;190;155;182;194;192;233;191;39;189;307;236;217;257;277;361;152;52;262;277;238;291;249;168;29;286;1;233;293;143;220;234;259;165;248;219;329;140;240;43;39;98;258;154;254;114;138;121;390;281;268;357;236;251;284;112;300;169;374;324;266;14;366;154;219;24;390;359;256;190;131;295;358;352;313;121;251;264;175;397;213;49;300;97;251;169;111;308;301;296;348;338
113;90;7;2;123;85;87;115;115;172;115;28;119;240;175;134;181;206;289;58;17;198;218;151;226;160;105;23;205;1;153;233;74;132;151;184;95;172;133;275;15;156;23;4;22;192;80;180;23;74;66;321;189;165;300;149;186;215;62;228;94;284;252;196;1;274;114;159;37;296;261;190;93;31;207;264;282;208;95;189;210;98;315;162;20;230;26;167;109;56;233;231;190;227;258
114;76;23;8;83;65;87;74;88;137;69;43;76;180;139;116;141;160;241;63;40;148;169;106;222;94;81;36;189;1;110;169;67;91;160;153;71;166;89;219;57;139;2;32;47;154;67;134;44;56;61;367;214;140;282;87;118;198;73;211;75;333;223;153;23;301;88;147;43;328;204;215;92;87;229;284;246;194;41;150;152;98;345;119;25;216;105;178;96;30;250;231;184;260;276
115;79;28;1;105;91;87;95;105;158;100;61;92;203;142;122;160;159;277;76;44;158;175;126;246;130;89;46;242;1;128;199;91;136;180;196;83;192;107;295;36;149;1;3;45;184;83;181;59;73;68;345;220;158;325;149;155;235;67;238;78;340;279;187;9;325;94;157;1;287;279;201;133;89;221;278;282;230;40;194;208;110;321;125;28;231;116;189;111;39;243;227;228;245;264
116;42;90;74;87;31;1;27;74;90;41;74;24;48;35;62;75;40;92;31;54;40;45;35;150;10;45;57;134;70;44;59;67;40;104;118;46;95;22;134;67;29;56;62;55;41;38;62;84;78;61;244;137;40;121;59;72;127;85;153;42;256;117;74;61;228;105;92;97;200;86;135;105;114;165;207;131;132;77;131;106;73;243;86;57;152;121;104;125;92;165;168;135;194;217
117;42;90;61;68;8;1;16;66;72;10;79;9;101;51;64;74;43;127;3;53;41;70;22;108;26;41;58;109;41;26;67;71;30;98;108;7;107;1;107;48;29;47;48;45;65;4;69;52;83;65;227;122;40;131;31;37;129;51;100;28;212;112;64;61;185;108;90;45;244;126;102;49;69;124;174;118;70;77;87;58;29;208;87;52;105;54;105;124;88;130;142;93;160;161
118;59;89;87;53;42;51;56;64;79;56;60;50;65;35;54;51;57;113;53;55;63;62;42;78;62;44;51;71;39;60;72;65;63;59;65;60;56;62;95;48;36;45;43;50;59;57;61;47;67;52;144;90;54;94;71;58;72;51;67;27;147;85;65;56;117;88;71;63;93;83;78;55;71;94;126;91;66;70;69;62;47;120;77;47;84;61;65;96;79;82;73;68;107;99
119;1;1;1;1;1;1;1;1;1;1;1;1;1;1;1;1;1;1;1;1;1;1;1;1;1;1;1;1;1;1;1;1;1;1;1;1;1;1;1;1;1;1;1;1;1;1;1;1;1;1;1;1;1;1;1;1;1;1;1;1;1;1;1;1;1;1;1;1;1;1;1;1;1;1;1;1;1;1;1;1;1;1;1;1;1;1;1;1;1;1;1;1;1;1
